leitura,liga,jogo_id,inicio,casa_time,fora_time,resultado,ref_casa,ref_odd,prob_justa,max_odd,max_casa,n_casas,odd_betclic_fr,odd_sport888
2026-10-04T01:15:58+00:00,soccer_portugal_primeira_liga,0956c06cd173899e11422bece0fbf94f,2026-10-09T17:45:00Z,Moreirense FC,Gil Vicente,A,pinnacle,2.23,0.42757,2.28,unibet_se,14,2.03,2.1
2026-10-04T01:15:58+00:00,soccer_portugal_primeira_liga,0956c06cd173899e11422bece0fbf94f,2026-10-09T17:45:00Z,Moreirense FC,Gil Vicente,H,pinnacle,3.6,0.26486,3.42,gtbets,14,3.3,3.4
2026-10-04T01:15:58+00:00,soccer_portugal_primeira_liga,0956c06cd173899e11422bece0fbf94f,2026-10-09T17:45:00Z,Moreirense FC,Gil Vicente,Draw,pinnacle,3.1,0.30757,3.22,marathonbet,14,3.05,3.1
2026-10-04T01:15:58+00:00,soccer_portugal_primeira_liga,b4d52d1abd5efcd669a093139239c7b0,2026-10-09T19:15:00Z,Braga,Sporting Lisbon,H,pinnacle,3.41,0.27896,3.6,tipico_de,14,3.17,3.2
2026-10-04T01:15:58+00:00,soccer_portugal_primeira_liga,b4d52d1abd5efcd669a093139239c7b0,2026-10-09T19:15:00Z,Braga,Sporting Lisbon,A,pinnacle,2.14,0.44451,2.16,betonlineag,14,2.02,2.15
2026-10-04T01:15:58+00:00,soccer_portugal_primeira_liga,b4d52d1abd5efcd669a093139239c7b0,2026-10-09T19:15:00Z,Braga,Sporting Lisbon,Draw,pinnacle,3.44,0.27653,3.4,marathonbet,14,3.23,3.3
2026-10-04T01:15:58+00:00,soccer_portugal_primeira_liga,710dd3ffd365c610f1969a86cd70e074,2026-10-10T14:30:00Z,Casa Pia,Santa Clara,H,pinnacle,4.31,0.22049,4.8,tipico_de,14,4.35,4.2
2026-10-04T01:15:58+00:00,soccer_portugal_primeira_liga,710dd3ffd365c610f1969a86cd70e074,2026-10-10T14:30:00Z,Casa Pia,Santa Clara,A,pinnacle,1.93,0.4924,1.93,unibet_se,14,1.76,1.85
2026-10-04T01:15:58+00:00,soccer_portugal_primeira_liga,710dd3ffd365c610f1969a86cd70e074,2026-10-10T14:30:00Z,Casa Pia,Santa Clara,Draw,pinnacle,3.31,0.28711,3.27,gtbets,14,3.1,3.1
2026-10-04T01:15:58+00:00,soccer_portugal_primeira_liga,d9bfec13c112810701ee7e60f02bffa5,2026-10-10T17:00:00Z,CS Maritimo,FC Porto,H,betfair_ex_eu,8.2,0.10039,10.5,tipico_de,14,7.75,8.0
2026-10-04T01:15:58+00:00,soccer_portugal_primeira_liga,d9bfec13c112810701ee7e60f02bffa5,2026-10-10T17:00:00Z,CS Maritimo,FC Porto,A,betfair_ex_eu,1.12,0.73498,1.36,nordicbet,14,1.3,1.33
2026-10-04T01:15:58+00:00,soccer_portugal_primeira_liga,d9bfec13c112810701ee7e60f02bffa5,2026-10-10T17:00:00Z,CS Maritimo,FC Porto,Draw,betfair_ex_eu,5.0,0.16464,4.95,marathonbet,14,4.55,4.8
2026-10-04T01:15:58+00:00,soccer_portugal_primeira_liga,2444214363711d31867a9df8c712ec8d,2026-10-10T19:30:00Z,Académico de Viseu,Estoril,H,pinnacle,2.29,0.41589,2.33,unibet_se,14,2.13,2.25
2026-10-04T01:15:58+00:00,soccer_portugal_primeira_liga,2444214363711d31867a9df8c712ec8d,2026-10-10T19:30:00Z,Académico de Viseu,Estoril,A,pinnacle,3.15,0.30234,3.1,tipico_de,14,2.92,2.9
2026-10-04T01:15:58+00:00,soccer_portugal_primeira_liga,2444214363711d31867a9df8c712ec8d,2026-10-10T19:30:00Z,Académico de Viseu,Estoril,Draw,pinnacle,3.38,0.28177,3.43,gtbets,14,3.25,3.3
2026-10-04T01:15:58+00:00,soccer_portugal_primeira_liga,5ecd75456d38ef4c394e502ecdd8937c,2026-10-11T14:30:00Z,Rio Ave FC,Nacional,A,pinnacle,3.42,0.27833,3.3,tipico_de,10,3.1,3.2
2026-10-04T01:15:58+00:00,soccer_portugal_primeira_liga,5ecd75456d38ef4c394e502ecdd8937c,2026-10-11T14:30:00Z,Rio Ave FC,Nacional,H,pinnacle,2.22,0.42878,2.2,williamhill,10,2.08,2.2
2026-10-04T01:15:58+00:00,soccer_portugal_primeira_liga,5ecd75456d38ef4c394e502ecdd8937c,2026-10-11T14:30:00Z,Rio Ave FC,Nacional,Draw,pinnacle,3.25,0.29289,3.32,marathonbet,10,3.15,3.2
2026-10-04T01:15:58+00:00,soccer_portugal_primeira_liga,2aa9808e7e84598f45ccf338a9b8912a,2026-10-11T19:30:00Z,Arouca,CF Estrela,H,pinnacle,2.17,0.43813,2.15,williamhill,10,2.0,2.15
2026-10-04T01:15:58+00:00,soccer_portugal_primeira_liga,2aa9808e7e84598f45ccf338a9b8912a,2026-10-11T19:30:00Z,Arouca,CF Estrela,A,pinnacle,3.25,0.29254,3.4,tipico_de,10,3.18,3.1
2026-10-04T01:15:58+00:00,soccer_portugal_primeira_liga,2aa9808e7e84598f45ccf338a9b8912a,2026-10-11T19:30:00Z,Arouca,CF Estrela,Draw,pinnacle,3.53,0.26933,3.44,marathonbet,10,3.28,3.3
2026-10-04T01:15:58+00:00,soccer_portugal_primeira_liga,789c3dd95a7fcef675ce5a40b07371a2,2026-10-12T19:15:00Z,Famalicão,Alverca,A,pinnacle,5.02,0.18925,4.7,tipico_de,10,4.25,4.0
2026-10-04T01:15:58+00:00,soccer_portugal_primeira_liga,789c3dd95a7fcef675ce5a40b07371a2,2026-10-12T19:15:00Z,Famalicão,Alverca,H,pinnacle,1.82,0.52199,1.85,williamhill,10,1.74,1.85
2026-10-04T01:15:58+00:00,soccer_portugal_primeira_liga,789c3dd95a7fcef675ce5a40b07371a2,2026-10-12T19:15:00Z,Famalicão,Alverca,Draw,pinnacle,3.29,0.28876,3.56,marathonbet,10,3.22,3.4
2026-10-04T01:15:58+00:00,soccer_epl,b870dcfba5e5920d3f1551a3aa1ea435,2026-10-10T11:30:00Z,Arsenal,Leeds United,H,pinnacle,1.38,0.69327,1.44,onexbet,19,1.37,1.36
2026-10-04T01:15:58+00:00,soccer_epl,b870dcfba5e5920d3f1551a3aa1ea435,2026-10-10T11:30:00Z,Arsenal,Leeds United,A,pinnacle,8.03,0.11914,9.0,matchbook,19,6.9,7.5
2026-10-04T01:15:58+00:00,soccer_epl,b870dcfba5e5920d3f1551a3aa1ea435,2026-10-10T11:30:00Z,Arsenal,Leeds United,Draw,pinnacle,5.1,0.18759,5.3,winamax_de,19,4.65,4.6
2026-10-04T01:15:58+00:00,soccer_epl,02e6c0ccb11bb7ce78989ce49d67110b,2026-10-10T14:00:00Z,Aston Villa,Brentford,H,pinnacle,2.68,0.35955,2.8,matchbook,19,2.57,2.6
2026-10-04T01:15:58+00:00,soccer_epl,02e6c0ccb11bb7ce78989ce49d67110b,2026-10-10T14:00:00Z,Aston Villa,Brentford,A,pinnacle,2.59,0.37204,2.69,onexbet,19,2.42,2.5
2026-10-04T01:15:58+00:00,soccer_epl,02e6c0ccb11bb7ce78989ce49d67110b,2026-10-10T14:00:00Z,Aston Villa,Brentford,Draw,pinnacle,3.59,0.26841,3.65,winamax_de,19,3.47,3.4
2026-10-04T01:15:58+00:00,soccer_epl,45d4a466e32cd2b4ea535207923ceaf5,2026-10-10T14:00:00Z,Chelsea,Bournemouth,A,pinnacle,4.49,0.21368,4.6,matchbook,19,4.15,4.0
2026-10-04T01:15:58+00:00,soccer_epl,45d4a466e32cd2b4ea535207923ceaf5,2026-10-10T14:00:00Z,Chelsea,Bournemouth,H,pinnacle,1.73,0.55458,1.8,matchbook,19,1.66,1.73
2026-10-04T01:15:58+00:00,soccer_epl,45d4a466e32cd2b4ea535207923ceaf5,2026-10-10T14:00:00Z,Chelsea,Bournemouth,Draw,pinnacle,4.14,0.23174,4.3,matchbook,19,4.05,3.9
2026-10-04T01:15:58+00:00,soccer_epl,380b8f24ec5430fb545a7490c1017285,2026-10-10T14:00:00Z,Sunderland,Brighton and Hove Albion,A,pinnacle,2.41,0.39963,2.49,onexbet,19,2.25,2.38
2026-10-04T01:15:58+00:00,soccer_epl,380b8f24ec5430fb545a7490c1017285,2026-10-10T14:00:00Z,Sunderland,Brighton and Hove Albion,H,pinnacle,2.92,0.32983,3.05,matchbook,19,2.85,2.8
2026-10-04T01:15:58+00:00,soccer_epl,380b8f24ec5430fb545a7490c1017285,2026-10-10T14:00:00Z,Sunderland,Brighton and Hove Albion,Draw,pinnacle,3.56,0.27054,3.56,onexbet,19,3.4,3.3
2026-10-04T01:15:58+00:00,soccer_epl,288b4ff00c79daa712c911c564fe1be7,2026-10-10T14:00:00Z,Ipswich Town,Fulham,A,pinnacle,2.55,0.37785,2.68,matchbook,19,2.37,2.5
2026-10-04T01:15:58+00:00,soccer_epl,288b4ff00c79daa712c911c564fe1be7,2026-10-10T14:00:00Z,Ipswich Town,Fulham,H,pinnacle,2.69,0.35818,2.79,onexbet,19,2.67,2.62
2026-10-04T01:15:58+00:00,soccer_epl,288b4ff00c79daa712c911c564fe1be7,2026-10-10T14:00:00Z,Ipswich Town,Fulham,Draw,pinnacle,3.65,0.26397,3.65,matchbook,19,3.43,3.3
2026-10-04T01:15:58+00:00,soccer_epl,22c9b2c43cbe1334381269550dab78e6,2026-10-10T16:30:00Z,Manchester United,Tottenham Hotspur,H,pinnacle,1.72,0.55783,1.76,onexbet,19,1.66,1.7
2026-10-04T01:15:58+00:00,soccer_epl,22c9b2c43cbe1334381269550dab78e6,2026-10-10T16:30:00Z,Manchester United,Tottenham Hotspur,A,pinnacle,4.37,0.21956,4.7,matchbook,19,4.2,4.33
2026-10-04T01:15:58+00:00,soccer_epl,22c9b2c43cbe1334381269550dab78e6,2026-10-10T16:30:00Z,Manchester United,Tottenham Hotspur,Draw,pinnacle,4.31,0.22261,4.5,matchbook,19,4.0,3.9
2026-10-04T01:15:58+00:00,soccer_epl,86effab5c6e7bfd58c8e88b1fb7c6ba9,2026-10-11T13:00:00Z,Crystal Palace,Nottingham Forest,H,pinnacle,2.67,0.36047,2.74,onexbet,18,2.5,2.62
2026-10-04T01:15:58+00:00,soccer_epl,86effab5c6e7bfd58c8e88b1fb7c6ba9,2026-10-11T13:00:00Z,Crystal Palace,Nottingham Forest,A,pinnacle,2.7,0.35646,2.75,tipico_de,18,2.65,2.62
2026-10-04T01:15:58+00:00,soccer_epl,86effab5c6e7bfd58c8e88b1fb7c6ba9,2026-10-11T13:00:00Z,Crystal Palace,Nottingham Forest,Draw,pinnacle,3.4,0.28307,3.47,onexbet,18,3.2,3.1
2026-10-04T01:15:58+00:00,soccer_epl,0bdae4d304810578e47386606bff7106,2026-10-11T13:00:00Z,Hull City,Everton,A,pinnacle,2.06,0.46652,2.12,onexbet,18,2.0,2.05
2026-10-04T01:15:58+00:00,soccer_epl,0bdae4d304810578e47386606bff7106,2026-10-11T13:00:00Z,Hull City,Everton,H,pinnacle,3.77,0.25492,3.85,unibet_se,18,3.48,3.6
2026-10-04T01:15:58+00:00,soccer_epl,0bdae4d304810578e47386606bff7106,2026-10-11T13:00:00Z,Hull City,Everton,Draw,pinnacle,3.45,0.27856,3.54,onexbet,18,3.3,3.3
2026-10-04T01:15:58+00:00,soccer_epl,6dbab232dd8d2aed0cb1d6f7978fb7b1,2026-10-11T15:30:00Z,Liverpool,Manchester City,H,pinnacle,2.61,0.36854,2.64,onexbet,18,2.55,2.5
2026-10-04T01:15:58+00:00,soccer_epl,6dbab232dd8d2aed0cb1d6f7978fb7b1,2026-10-11T15:30:00Z,Liverpool,Manchester City,A,pinnacle,2.57,0.37427,2.67,onexbet,18,2.4,2.5
2026-10-04T01:15:58+00:00,soccer_epl,6dbab232dd8d2aed0cb1d6f7978fb7b1,2026-10-11T15:30:00Z,Liverpool,Manchester City,Draw,pinnacle,3.74,0.25719,3.86,betonlineag,18,3.58,3.5
2026-10-04T01:15:58+00:00,soccer_epl,acd5bd945dd953ad1e300df5bfe696f9,2026-10-12T19:00:00Z,Coventry City,Newcastle United,H,pinnacle,3.3,0.29177,3.45,onexbet,18,3.07,3.2
2026-10-04T01:15:58+00:00,soccer_epl,acd5bd945dd953ad1e300df5bfe696f9,2026-10-12T19:00:00Z,Coventry City,Newcastle United,A,pinnacle,2.17,0.44371,2.19,betonlineag,18,2.07,2.1
2026-10-04T01:15:58+00:00,soccer_epl,acd5bd945dd953ad1e300df5bfe696f9,2026-10-12T19:00:00Z,Coventry City,Newcastle United,Draw,pinnacle,3.64,0.26452,3.75,unibet_se,18,3.45,3.4
2026-10-04T01:15:58+00:00,soccer_epl,764e6513cb3f348881503df70ccb90e0,2026-10-17T11:30:00Z,Everton,Chelsea,A,pinnacle,2.38,0.40004,2.45,onexbet,14,2.2,2.3
2026-10-04T01:15:58+00:00,soccer_epl,764e6513cb3f348881503df70ccb90e0,2026-10-17T11:30:00Z,Everton,Chelsea,H,pinnacle,2.73,0.34875,2.95,unibet_se,14,2.77,2.7
2026-10-04T01:15:58+00:00,soccer_epl,764e6513cb3f348881503df70ccb90e0,2026-10-17T11:30:00Z,Everton,Chelsea,Draw,pinnacle,3.79,0.25121,3.86,onexbet,14,3.53,3.5
2026-10-04T01:15:58+00:00,soccer_epl,8f1945e7272bc7e89016439f5ab321c7,2026-10-17T14:00:00Z,Brentford,Liverpool,H,pinnacle,2.77,0.34346,2.88,onexbet,14,2.7,2.75
2026-10-04T01:15:58+00:00,soccer_epl,8f1945e7272bc7e89016439f5ab321c7,2026-10-17T14:00:00Z,Brentford,Liverpool,A,pinnacle,2.43,0.39152,2.5,onexbet,14,2.23,2.3
2026-10-04T01:15:58+00:00,soccer_epl,8f1945e7272bc7e89016439f5ab321c7,2026-10-17T14:00:00Z,Brentford,Liverpool,Draw,pinnacle,3.59,0.26501,3.85,unibet_se,14,3.58,3.5
2026-10-04T01:15:58+00:00,soccer_epl,7895f97f2f9577f3b13287a3d086859d,2026-10-17T14:00:00Z,Fulham,Hull City,H,pinnacle,1.67,0.56759,1.73,unibet_se,14,1.62,1.65
2026-10-04T01:15:58+00:00,soccer_epl,7895f97f2f9577f3b13287a3d086859d,2026-10-17T14:00:00Z,Fulham,Hull City,A,pinnacle,4.85,0.19544,5.18,onexbet,14,4.5,4.8
2026-10-04T01:15:58+00:00,soccer_epl,7895f97f2f9577f3b13287a3d086859d,2026-10-17T14:00:00Z,Fulham,Hull City,Draw,pinnacle,4.0,0.23697,4.11,onexbet,14,3.83,3.9
2026-10-04T01:15:58+00:00,soccer_epl,bf2142d1ca76ba2fc9e61afce80f86c0,2026-10-17T14:00:00Z,Manchester City,Ipswich Town,A,pinnacle,10.39,0.09036,12.51,betsson,14,10.25,10.0
2026-10-04T01:15:58+00:00,soccer_epl,bf2142d1ca76ba2fc9e61afce80f86c0,2026-10-17T14:00:00Z,Manchester City,Ipswich Town,H,pinnacle,1.21,0.7759,1.26,onexbet,14,1.17,1.22
2026-10-04T01:15:58+00:00,soccer_epl,bf2142d1ca76ba2fc9e61afce80f86c0,2026-10-17T14:00:00Z,Manchester City,Ipswich Town,Draw,pinnacle,7.02,0.13374,7.5,tipico_de,14,6.75,6.0
2026-10-04T01:15:58+00:00,soccer_epl,d1bbbdcd3d430e70091b518369b559cf,2026-10-17T16:30:00Z,Newcastle United,Aston Villa,A,pinnacle,3.22,0.29535,3.35,onexbet,14,3.17,3.1
2026-10-04T01:15:58+00:00,soccer_epl,d1bbbdcd3d430e70091b518369b559cf,2026-10-17T16:30:00Z,Newcastle United,Aston Villa,H,pinnacle,2.09,0.45504,2.17,onexbet,14,1.98,2.05
2026-10-04T01:15:58+00:00,soccer_epl,d1bbbdcd3d430e70091b518369b559cf,2026-10-17T16:30:00Z,Newcastle United,Aston Villa,Draw,pinnacle,3.81,0.24961,3.95,unibet_se,14,3.58,3.6
2026-10-04T01:15:58+00:00,soccer_epl,dfd5d6648be46426e418801584d46a68,2026-10-18T13:00:00Z,Bournemouth,Sunderland,H,pinnacle,2.01,0.47345,2.04,onexbet,14,1.94,1.95
2026-10-04T01:15:58+00:00,soccer_epl,dfd5d6648be46426e418801584d46a68,2026-10-18T13:00:00Z,Bournemouth,Sunderland,A,pinnacle,3.65,0.26072,3.85,onexbet,14,3.42,3.6
2026-10-04T01:15:58+00:00,soccer_epl,dfd5d6648be46426e418801584d46a68,2026-10-18T13:00:00Z,Bournemouth,Sunderland,Draw,pinnacle,3.58,0.26582,3.75,onexbet,14,3.43,3.4
2026-10-04T01:15:58+00:00,soccer_epl,9fc08b390a49c4434f7cf631a0bb88fb,2026-10-18T13:00:00Z,Brighton and Hove Albion,Crystal Palace,H,pinnacle,1.59,0.59665,1.63,onexbet,14,1.53,1.57
2026-10-04T01:15:58+00:00,soccer_epl,9fc08b390a49c4434f7cf631a0bb88fb,2026-10-18T13:00:00Z,Brighton and Hove Albion,Crystal Palace,A,pinnacle,5.04,0.18823,5.6,nordicbet,14,4.9,5.0
2026-10-04T01:15:58+00:00,soccer_epl,9fc08b390a49c4434f7cf631a0bb88fb,2026-10-18T13:00:00Z,Brighton and Hove Albion,Crystal Palace,Draw,pinnacle,4.41,0.21512,4.57,onexbet,14,4.15,4.2
2026-10-04T01:15:58+00:00,soccer_epl,676b3b0b609e9cf565da450786618d26,2026-10-18T13:00:00Z,Leeds United,Manchester United,H,pinnacle,2.82,0.33736,2.94,onexbet,14,2.77,2.75
2026-10-04T01:15:58+00:00,soccer_epl,676b3b0b609e9cf565da450786618d26,2026-10-18T13:00:00Z,Leeds United,Manchester United,A,pinnacle,2.35,0.40483,2.44,onexbet,14,2.2,2.38
2026-10-04T01:15:58+00:00,soccer_epl,676b3b0b609e9cf565da450786618d26,2026-10-18T13:00:00Z,Leeds United,Manchester United,Draw,pinnacle,3.69,0.25782,3.77,onexbet,14,3.5,3.4
2026-10-04T01:15:58+00:00,soccer_epl,f696a248965373d9071dc0662e5c58a8,2026-10-18T15:30:00Z,Nottingham Forest,Arsenal,A,pinnacle,1.61,0.58865,1.66,onexbet,14,1.55,1.61
2026-10-04T01:15:58+00:00,soccer_epl,f696a248965373d9071dc0662e5c58a8,2026-10-18T15:30:00Z,Nottingham Forest,Arsenal,H,pinnacle,6.0,0.15795,6.11,onexbet,14,5.25,5.5
2026-10-04T01:15:58+00:00,soccer_epl,f696a248965373d9071dc0662e5c58a8,2026-10-18T15:30:00Z,Nottingham Forest,Arsenal,Draw,pinnacle,3.74,0.2534,4.1,unibet_se,14,3.8,3.7
2026-10-04T01:15:58+00:00,soccer_epl,9baaf4e48b041cfef04e70e42532502e,2026-10-19T19:00:00Z,Tottenham Hotspur,Coventry City,A,pinnacle,5.84,0.16189,6.47,onexbet,14,5.4,5.75
2026-10-04T01:15:58+00:00,soccer_epl,9baaf4e48b041cfef04e70e42532502e,2026-10-19T19:00:00Z,Tottenham Hotspur,Coventry City,H,pinnacle,1.5,0.63031,1.54,onexbet,14,1.42,1.5
2026-10-04T01:15:58+00:00,soccer_epl,9baaf4e48b041cfef04e70e42532502e,2026-10-19T19:00:00Z,Tottenham Hotspur,Coventry City,Draw,pinnacle,4.55,0.20779,4.8,tipico_de,14,4.3,4.2
2026-10-04T01:15:58+00:00,soccer_spain_la_liga,4e4c6763037ffc0e1dfe92ed16287b6d,2026-10-09T19:00:00Z,Málaga,Espanyol,A,pinnacle,2.76,0.3511,2.84,matchbook,17,2.63,
2026-10-04T01:15:58+00:00,soccer_spain_la_liga,4e4c6763037ffc0e1dfe92ed16287b6d,2026-10-09T19:00:00Z,Málaga,Espanyol,H,pinnacle,2.8,0.34608,2.88,matchbook,17,2.53,
2026-10-04T01:15:58+00:00,soccer_spain_la_liga,4e4c6763037ffc0e1dfe92ed16287b6d,2026-10-09T19:00:00Z,Málaga,Espanyol,Draw,pinnacle,3.2,0.30282,3.4,coolbet,17,2.98,
2026-10-04T01:15:58+00:00,soccer_spain_la_liga,349c47668fdd909039a9408c14cad8bc,2026-10-10T12:00:00Z,Rayo Vallecano,Athletic Bilbao,A,pinnacle,2.39,0.40267,2.43,unibet_se,17,2.23,
2026-10-04T01:15:58+00:00,soccer_spain_la_liga,349c47668fdd909039a9408c14cad8bc,2026-10-10T12:00:00Z,Rayo Vallecano,Athletic Bilbao,H,pinnacle,3.0,0.32079,3.12,onexbet,17,2.92,
2026-10-04T01:15:58+00:00,soccer_spain_la_liga,349c47668fdd909039a9408c14cad8bc,2026-10-10T12:00:00Z,Rayo Vallecano,Athletic Bilbao,Draw,pinnacle,3.48,0.27654,3.54,onexbet,17,3.35,
2026-10-04T01:15:58+00:00,soccer_spain_la_liga,3869391e3dbdcaa74153b11df56a3fe5,2026-10-10T14:15:00Z,Alavés,Atlético Madrid,H,pinnacle,4.27,0.22451,4.32,onexbet,16,4.05,
2026-10-04T01:15:58+00:00,soccer_spain_la_liga,3869391e3dbdcaa74153b11df56a3fe5,2026-10-10T14:15:00Z,Alavés,Atlético Madrid,A,pinnacle,1.83,0.52387,1.92,unibet_se,16,1.77,
2026-10-04T01:15:58+00:00,soccer_spain_la_liga,3869391e3dbdcaa74153b11df56a3fe5,2026-10-10T14:15:00Z,Alavés,Atlético Madrid,Draw,pinnacle,3.81,0.25162,3.84,onexbet,16,3.6,
2026-10-04T01:15:58+00:00,soccer_spain_la_liga,edb80d633a1906e5865ab70cc9b540ea,2026-10-10T16:30:00Z,Barcelona,Getafe,H,pinnacle,1.05,0.91351,1.07,codere_it,16,1.05,
2026-10-04T01:15:58+00:00,soccer_spain_la_liga,edb80d633a1906e5865ab70cc9b540ea,2026-10-10T16:30:00Z,Barcelona,Getafe,A,pinnacle,25.75,0.03725,50.0,onexbet,16,24.0,
2026-10-04T01:15:58+00:00,soccer_spain_la_liga,edb80d633a1906e5865ab70cc9b540ea,2026-10-10T16:30:00Z,Barcelona,Getafe,Draw,pinnacle,19.48,0.04924,19.0,tipico_de,16,10.75,
2026-10-04T01:15:58+00:00,soccer_spain_la_liga,551f242223b1625f458d1a2ea212a0c3,2026-10-10T19:00:00Z,Real Madrid,Villarreal,H,pinnacle,1.35,0.70837,1.37,onexbet,17,1.31,
2026-10-04T01:15:58+00:00,soccer_spain_la_liga,551f242223b1625f458d1a2ea212a0c3,2026-10-10T19:00:00Z,Real Madrid,Villarreal,A,pinnacle,7.32,0.13064,8.5,unibet_se,17,6.6,
2026-10-04T01:15:58+00:00,soccer_spain_la_liga,551f242223b1625f458d1a2ea212a0c3,2026-10-10T19:00:00Z,Real Madrid,Villarreal,Draw,pinnacle,5.94,0.16099,6.25,unibet_se,17,5.6,
2026-10-04T01:15:58+00:00,soccer_spain_la_liga,7daf7edaf572eba3ac86196c663d67d3,2026-10-11T12:00:00Z,Elche CF,Celta Vigo,A,pinnacle,2.69,0.35813,2.68,onexbet,16,2.47,
2026-10-04T01:15:58+00:00,soccer_spain_la_liga,7daf7edaf572eba3ac86196c663d67d3,2026-10-11T12:00:00Z,Elche CF,Celta Vigo,H,pinnacle,2.76,0.34905,2.95,unibet_se,16,2.7,
2026-10-04T01:15:58+00:00,soccer_spain_la_liga,7daf7edaf572eba3ac86196c663d67d3,2026-10-11T12:00:00Z,Elche CF,Celta Vigo,Draw,pinnacle,3.29,0.29282,3.33,onexbet,16,3.18,
2026-10-04T01:15:58+00:00,soccer_spain_la_liga,2997b68cc93f62d8a1dee9f06bedbefd,2026-10-11T14:15:00Z,Real Sociedad,Deportivo La Coruña,A,pinnacle,4.85,0.19762,5.0,coolbet,15,,
2026-10-04T01:15:58+00:00,soccer_spain_la_liga,2997b68cc93f62d8a1dee9f06bedbefd,2026-10-11T14:15:00Z,Real Sociedad,Deportivo La Coruña,H,pinnacle,1.72,0.55725,1.8,onexbet,15,,
2026-10-04T01:15:58+00:00,soccer_spain_la_liga,2997b68cc93f62d8a1dee9f06bedbefd,2026-10-11T14:15:00Z,Real Sociedad,Deportivo La Coruña,Draw,pinnacle,3.91,0.24513,4.0,tipico_de,15,,
2026-10-04T01:15:58+00:00,soccer_spain_la_liga,984691837d31fd0c59c088f377f55f75,2026-10-11T16:30:00Z,Real Betis,CA Osasuna,A,pinnacle,5.03,0.19044,5.2,unibet_se,16,4.65,
2026-10-04T01:15:58+00:00,soccer_spain_la_liga,984691837d31fd0c59c088f377f55f75,2026-10-11T16:30:00Z,Real Betis,CA Osasuna,H,pinnacle,1.66,0.57706,1.73,onexbet,16,1.62,
2026-10-04T01:15:58+00:00,soccer_spain_la_liga,984691837d31fd0c59c088f377f55f75,2026-10-11T16:30:00Z,Real Betis,CA Osasuna,Draw,pinnacle,4.12,0.2325,4.21,onexbet,16,3.85,
2026-10-04T01:15:58+00:00,soccer_spain_la_liga,66a4f4201806b928c9007116727fdd61,2026-10-11T19:00:00Z,Real Racing Club de Santander,Valencia,H,pinnacle,2.18,0.44115,2.31,onexbet,16,2.07,
2026-10-04T01:15:58+00:00,soccer_spain_la_liga,66a4f4201806b928c9007116727fdd61,2026-10-11T19:00:00Z,Real Racing Club de Santander,Valencia,A,pinnacle,3.34,0.28794,3.25,winamax_de,16,3.12,
2026-10-04T01:15:58+00:00,soccer_spain_la_liga,66a4f4201806b928c9007116727fdd61,2026-10-11T19:00:00Z,Real Racing Club de Santander,Valencia,Draw,pinnacle,3.55,0.27091,3.8,winamax_de,16,3.48,
2026-10-04T01:15:58+00:00,soccer_spain_la_liga,529fc26c7774d5b469932e275c668921,2026-10-12T19:00:00Z,Levante,Sevilla,H,pinnacle,2.69,0.35802,2.74,onexbet,16,2.52,
2026-10-04T01:15:58+00:00,soccer_spain_la_liga,529fc26c7774d5b469932e275c668921,2026-10-12T19:00:00Z,Levante,Sevilla,A,pinnacle,2.73,0.35277,2.79,onexbet,16,2.58,
2026-10-04T01:15:58+00:00,soccer_spain_la_liga,529fc26c7774d5b469932e275c668921,2026-10-12T19:00:00Z,Levante,Sevilla,Draw,pinnacle,3.33,0.28921,3.41,onexbet,16,3.17,
2026-10-04T01:15:58+00:00,soccer_spain_la_liga,19ee731602634e5c9e3106630e087464,2026-10-16T19:00:00Z,Deportivo La Coruña,Levante,H,pinnacle,2.08,0.45761,2.17,onexbet,12,,
2026-10-04T01:15:58+00:00,soccer_spain_la_liga,19ee731602634e5c9e3106630e087464,2026-10-16T19:00:00Z,Deportivo La Coruña,Levante,A,pinnacle,3.54,0.26888,3.6,unibet_se,12,,
2026-10-04T01:15:58+00:00,soccer_spain_la_liga,19ee731602634e5c9e3106630e087464,2026-10-16T19:00:00Z,Deportivo La Coruña,Levante,Draw,pinnacle,3.48,0.27351,3.62,onexbet,12,,
2026-10-04T01:15:58+00:00,soccer_spain_la_liga,6436925dd15916d7041ba32b60000d48,2026-10-17T12:00:00Z,Espanyol,Atlético Madrid,A,pinnacle,1.85,0.51365,1.91,onexbet,12,1.76,
2026-10-04T01:15:58+00:00,soccer_spain_la_liga,6436925dd15916d7041ba32b60000d48,2026-10-17T12:00:00Z,Espanyol,Atlético Madrid,H,pinnacle,4.14,0.22953,4.32,onexbet,12,3.93,
2026-10-04T01:15:58+00:00,soccer_spain_la_liga,6436925dd15916d7041ba32b60000d48,2026-10-17T12:00:00Z,Espanyol,Atlético Madrid,Draw,pinnacle,3.7,0.25682,3.84,onexbet,12,3.6,
2026-10-04T01:15:58+00:00,soccer_spain_la_liga,aef660734585649651415961a9d177c6,2026-10-17T14:15:00Z,Villarreal,Elche CF,A,pinnacle,6.04,0.15656,6.73,onexbet,13,5.5,
2026-10-04T01:15:58+00:00,soccer_spain_la_liga,aef660734585649651415961a9d177c6,2026-10-17T14:15:00Z,Villarreal,Elche CF,H,pinnacle,1.46,0.64767,1.51,onexbet,13,1.43,
2026-10-04T01:15:58+00:00,soccer_spain_la_liga,aef660734585649651415961a9d177c6,2026-10-17T14:15:00Z,Villarreal,Elche CF,Draw,pinnacle,4.83,0.19578,5.0,unibet_se,13,4.6,
2026-10-04T01:15:58+00:00,soccer_spain_la_liga,846e496fc232b2fc20214754836727d0,2026-10-17T16:30:00Z,Real Betis,Barcelona,A,betfair_ex_eu,1.49,0.65606,1.53,onexbet,13,1.44,
2026-10-04T01:15:58+00:00,soccer_spain_la_liga,846e496fc232b2fc20214754836727d0,2026-10-17T16:30:00Z,Real Betis,Barcelona,H,betfair_ex_eu,5.4,0.18102,5.8,onexbet,13,4.95,
2026-10-04T01:15:58+00:00,soccer_spain_la_liga,846e496fc232b2fc20214754836727d0,2026-10-17T16:30:00Z,Real Betis,Barcelona,Draw,betfair_ex_eu,6.0,0.16292,5.5,winamax_de,13,4.95,
2026-10-04T01:15:58+00:00,soccer_spain_la_liga,f00cd1ea41fa39149729d14ebc07aa6c,2026-10-17T19:00:00Z,Valencia,Athletic Bilbao,A,pinnacle,2.08,0.45746,2.18,onexbet,13,2.02,
2026-10-04T01:15:58+00:00,soccer_spain_la_liga,f00cd1ea41fa39149729d14ebc07aa6c,2026-10-17T19:00:00Z,Valencia,Athletic Bilbao,H,pinnacle,3.6,0.26431,3.62,onexbet,13,3.3,
2026-10-04T01:15:58+00:00,soccer_spain_la_liga,f00cd1ea41fa39149729d14ebc07aa6c,2026-10-17T19:00:00Z,Valencia,Athletic Bilbao,Draw,pinnacle,3.42,0.27822,3.58,onexbet,13,3.3,
2026-10-04T01:15:58+00:00,soccer_spain_la_liga,1f566f17c50fe5162724ec2863d2207b,2026-10-18T12:00:00Z,CA Osasuna,Real Racing Club de Santander,H,pinnacle,1.9,0.50024,1.95,onexbet,10,1.82,
2026-10-04T01:15:58+00:00,soccer_spain_la_liga,1f566f17c50fe5162724ec2863d2207b,2026-10-18T12:00:00Z,CA Osasuna,Real Racing Club de Santander,A,pinnacle,4.3,0.22104,4.32,onexbet,10,3.78,
2026-10-04T01:15:58+00:00,soccer_spain_la_liga,1f566f17c50fe5162724ec2863d2207b,2026-10-18T12:00:00Z,CA Osasuna,Real Racing Club de Santander,Draw,pinnacle,3.41,0.27873,3.7,tipico_de,10,3.53,
2026-10-04T01:15:58+00:00,soccer_spain_la_liga,aabe899ecc4c19a1fafe5440151b62e4,2026-10-18T14:15:00Z,Celta Vigo,Alavés,A,pinnacle,3.87,0.24551,3.94,onexbet,13,3.63,
2026-10-04T01:15:58+00:00,soccer_spain_la_liga,aabe899ecc4c19a1fafe5440151b62e4,2026-10-18T14:15:00Z,Celta Vigo,Alavés,H,pinnacle,2.0,0.47505,2.08,onexbet,13,1.94,
2026-10-04T01:15:58+00:00,soccer_spain_la_liga,aabe899ecc4c19a1fafe5440151b62e4,2026-10-18T14:15:00Z,Celta Vigo,Alavés,Draw,pinnacle,3.4,0.27944,3.58,onexbet,13,3.23,
2026-10-04T01:15:58+00:00,soccer_spain_la_liga,1051298b4aca6f07113309bff598a5c1,2026-10-18T16:30:00Z,Málaga,Real Sociedad,H,pinnacle,3.23,0.29467,3.3,unibet_se,13,3.0,
2026-10-04T01:15:58+00:00,soccer_spain_la_liga,1051298b4aca6f07113309bff598a5c1,2026-10-18T16:30:00Z,Málaga,Real Sociedad,A,pinnacle,2.2,0.43262,2.29,onexbet,13,2.12,
2026-10-04T01:15:58+00:00,soccer_spain_la_liga,1051298b4aca6f07113309bff598a5c1,2026-10-18T16:30:00Z,Málaga,Real Sociedad,Draw,pinnacle,3.49,0.27271,3.63,onexbet,13,3.38,
2026-10-04T01:15:58+00:00,soccer_spain_la_liga,eccd63bf768e2f2a358b871d3f33a63d,2026-10-18T19:00:00Z,Real Madrid,Sevilla,H,betfair_ex_eu,1.27,0.77711,1.3,onexbet,13,1.22,
2026-10-04T01:15:58+00:00,soccer_spain_la_liga,eccd63bf768e2f2a358b871d3f33a63d,2026-10-18T19:00:00Z,Real Madrid,Sevilla,A,betfair_ex_eu,11.5,0.08582,11.5,nordicbet,13,9.0,
2026-10-04T01:15:58+00:00,soccer_spain_la_liga,eccd63bf768e2f2a358b871d3f33a63d,2026-10-18T19:00:00Z,Real Madrid,Sevilla,Draw,betfair_ex_eu,7.2,0.13707,7.2,tipico_de,13,6.0,
2026-10-04T01:15:58+00:00,soccer_spain_la_liga,4a88bc4de574d43ef34677fd8d78722f,2026-10-19T19:00:00Z,Getafe,Rayo Vallecano,H,pinnacle,2.71,0.33503,2.86,onexbet,13,2.67,
2026-10-04T01:15:58+00:00,soccer_spain_la_liga,4a88bc4de574d43ef34677fd8d78722f,2026-10-19T19:00:00Z,Getafe,Rayo Vallecano,A,pinnacle,2.44,0.3721,2.88,unibet_se,13,2.47,
2026-10-04T01:15:58+00:00,soccer_spain_la_liga,4a88bc4de574d43ef34677fd8d78722f,2026-10-19T19:00:00Z,Getafe,Rayo Vallecano,Draw,pinnacle,3.1,0.29288,3.21,onexbet,13,2.93,
2026-10-04T01:15:58+00:00,soccer_italy_serie_a,2f8e871a0f7f66ae22938028645e1066,2026-10-10T13:00:00Z,Genoa,Fiorentina,A,pinnacle,2.34,0.41109,2.45,unibet_se,18,2.12,2.25
2026-10-04T01:15:58+00:00,soccer_italy_serie_a,2f8e871a0f7f66ae22938028645e1066,2026-10-10T13:00:00Z,Genoa,Fiorentina,H,pinnacle,3.17,0.30346,3.23,onexbet,18,3.05,3.0
2026-10-04T01:15:58+00:00,soccer_italy_serie_a,2f8e871a0f7f66ae22938028645e1066,2026-10-10T13:00:00Z,Genoa,Fiorentina,Draw,pinnacle,3.37,0.28545,3.48,onexbet,18,3.1,3.2
2026-10-04T01:15:58+00:00,soccer_italy_serie_a,1a01b0611dacd334e1558a5097e05023,2026-10-10T16:00:00Z,Inter Milan,Parma,H,pinnacle,1.14,0.83751,1.16,onexbet,17,1.12,1.14
2026-10-04T01:15:58+00:00,soccer_italy_serie_a,1a01b0611dacd334e1558a5097e05023,2026-10-10T16:00:00Z,Inter Milan,Parma,A,pinnacle,15.9,0.06005,21.0,unibet_se,17,15.0,15.0
2026-10-04T01:15:58+00:00,soccer_italy_serie_a,1a01b0611dacd334e1558a5097e05023,2026-10-10T16:00:00Z,Inter Milan,Parma,Draw,pinnacle,9.32,0.10244,10.0,tipico_de,17,7.75,8.0
2026-10-04T01:15:58+00:00,soccer_italy_serie_a,40c1bd70fee927f9bfa8901edab02b48,2026-10-10T18:45:00Z,Napoli,Frosinone,A,pinnacle,6.39,0.14976,7.5,unibet_se,18,5.75,6.0
2026-10-04T01:15:58+00:00,soccer_italy_serie_a,40c1bd70fee927f9bfa8901edab02b48,2026-10-10T18:45:00Z,Napoli,Frosinone,H,pinnacle,1.45,0.65998,1.49,onexbet,18,1.42,1.44
2026-10-04T01:15:58+00:00,soccer_italy_serie_a,40c1bd70fee927f9bfa8901edab02b48,2026-10-10T18:45:00Z,Napoli,Frosinone,Draw,pinnacle,5.03,0.19025,5.2,tipico_de,18,4.7,4.5
2026-10-04T01:15:58+00:00,soccer_italy_serie_a,2547c0dbddd26d23fa532228e36348cb,2026-10-11T10:30:00Z,Como,AS Roma,A,pinnacle,2.6,0.37051,2.7,unibet_se,17,2.55,2.5
2026-10-04T01:15:58+00:00,soccer_italy_serie_a,2547c0dbddd26d23fa532228e36348cb,2026-10-11T10:30:00Z,Como,AS Roma,H,pinnacle,2.63,0.36628,2.69,onexbet,17,2.45,2.5
2026-10-04T01:15:58+00:00,soccer_italy_serie_a,2547c0dbddd26d23fa532228e36348cb,2026-10-11T10:30:00Z,Como,AS Roma,Draw,pinnacle,3.66,0.2632,3.71,onexbet,17,3.45,3.4
2026-10-04T01:15:58+00:00,soccer_italy_serie_a,946716d7e5e52822f08be8cb95193d9d,2026-10-11T13:00:00Z,Lecce,Bologna,A,pinnacle,1.91,0.50238,2.02,unibet_se,17,1.84,1.85
2026-10-04T01:15:58+00:00,soccer_italy_serie_a,946716d7e5e52822f08be8cb95193d9d,2026-10-11T13:00:00Z,Lecce,Bologna,H,pinnacle,4.6,0.2086,4.5,coolbet,17,4.0,4.0
2026-10-04T01:15:58+00:00,soccer_italy_serie_a,946716d7e5e52822f08be8cb95193d9d,2026-10-11T13:00:00Z,Lecce,Bologna,Draw,pinnacle,3.32,0.28902,3.5,unibet_se,17,3.37,3.2
2026-10-04T01:15:58+00:00,soccer_italy_serie_a,c0f72699f32ec193b64fd54092fe268d,2026-10-11T13:00:00Z,Lazio,Monza,H,pinnacle,1.55,0.61721,1.64,unibet_se,17,1.51,1.53
2026-10-04T01:15:58+00:00,soccer_italy_serie_a,c0f72699f32ec193b64fd54092fe268d,2026-10-11T13:00:00Z,Lazio,Monza,A,pinnacle,6.15,0.15556,6.18,onexbet,17,5.75,5.5
2026-10-04T01:15:58+00:00,soccer_italy_serie_a,c0f72699f32ec193b64fd54092fe268d,2026-10-11T13:00:00Z,Lazio,Monza,Draw,pinnacle,4.21,0.22724,4.2,winamax_de,17,3.95,3.8
2026-10-04T01:15:58+00:00,soccer_italy_serie_a,1cf64166dda1e0da8b325161deb39662,2026-10-11T16:00:00Z,Sassuolo,AC Milan,A,pinnacle,1.78,0.53911,1.87,onexbet,17,1.74,1.8
2026-10-04T01:15:58+00:00,soccer_italy_serie_a,1cf64166dda1e0da8b325161deb39662,2026-10-11T16:00:00Z,Sassuolo,AC Milan,H,pinnacle,4.48,0.2142,4.45,betsson,17,4.1,4.0
2026-10-04T01:15:58+00:00,soccer_italy_serie_a,1cf64166dda1e0da8b325161deb39662,2026-10-11T16:00:00Z,Sassuolo,AC Milan,Draw,pinnacle,3.89,0.24669,3.91,onexbet,17,3.65,3.6
2026-10-04T01:15:58+00:00,soccer_italy_serie_a,407f7d03157d1dfad384876e6a6bc910,2026-10-11T18:45:00Z,Cagliari,Juventus,H,pinnacle,6.41,0.14928,6.54,onexbet,17,5.9,6.0
2026-10-04T01:15:58+00:00,soccer_italy_serie_a,407f7d03157d1dfad384876e6a6bc910,2026-10-11T18:45:00Z,Cagliari,Juventus,A,pinnacle,1.55,0.61734,1.62,onexbet,17,1.51,1.53
2026-10-04T01:15:58+00:00,soccer_italy_serie_a,407f7d03157d1dfad384876e6a6bc910,2026-10-11T18:45:00Z,Cagliari,Juventus,Draw,pinnacle,4.1,0.23338,4.09,onexbet,17,3.88,3.8
2026-10-04T01:15:58+00:00,soccer_italy_serie_a,0f2e7ff90b994f31d5cd48a9680943e1,2026-10-12T16:30:00Z,Atalanta BC,Venezia,H,pinnacle,1.58,0.60638,1.66,onexbet,17,1.52,1.57
2026-10-04T01:15:58+00:00,soccer_italy_serie_a,0f2e7ff90b994f31d5cd48a9680943e1,2026-10-12T16:30:00Z,Atalanta BC,Venezia,A,pinnacle,5.99,0.15995,5.95,coolbet,17,5.1,4.8
2026-10-04T01:15:58+00:00,soccer_italy_serie_a,0f2e7ff90b994f31d5cd48a9680943e1,2026-10-12T16:30:00Z,Atalanta BC,Venezia,Draw,pinnacle,4.1,0.23368,4.35,unibet_se,17,4.1,4.2
2026-10-04T01:15:58+00:00,soccer_italy_serie_a,f4a28510bb0c835280a2aca709c19d50,2026-10-12T18:45:00Z,Torino,Udinese,H,pinnacle,2.37,0.40603,2.42,onexbet,17,2.2,2.3
2026-10-04T01:15:58+00:00,soccer_italy_serie_a,f4a28510bb0c835280a2aca709c19d50,2026-10-12T18:45:00Z,Torino,Udinese,A,pinnacle,3.12,0.30843,3.2,tipico_de,17,2.98,2.9
2026-10-04T01:15:58+00:00,soccer_italy_serie_a,f4a28510bb0c835280a2aca709c19d50,2026-10-12T18:45:00Z,Torino,Udinese,Draw,pinnacle,3.37,0.28555,3.46,onexbet,17,3.22,3.2
2026-10-04T01:15:58+00:00,soccer_italy_serie_a,7d3160040958fe21778fd5ee485666c3,2026-10-16T18:45:00Z,Frosinone,Sassuolo,H,pinnacle,2.42,0.3937,2.53,onexbet,14,2.3,2.4
2026-10-04T01:15:58+00:00,soccer_italy_serie_a,7d3160040958fe21778fd5ee485666c3,2026-10-16T18:45:00Z,Frosinone,Sassuolo,A,pinnacle,2.9,0.32853,2.96,onexbet,14,2.67,2.75
2026-10-04T01:15:58+00:00,soccer_italy_serie_a,7d3160040958fe21778fd5ee485666c3,2026-10-16T18:45:00Z,Frosinone,Sassuolo,Draw,pinnacle,3.43,0.27777,3.6,unibet_se,14,3.45,3.3
2026-10-04T01:15:58+00:00,soccer_italy_serie_a,907639dade64cca45d1ab639195d201e,2026-10-17T13:00:00Z,Venezia,Napoli,A,pinnacle,1.7,0.55787,1.8,unibet_se,14,1.66,1.7
2026-10-04T01:15:58+00:00,soccer_italy_serie_a,907639dade64cca45d1ab639195d201e,2026-10-17T13:00:00Z,Venezia,Napoli,H,pinnacle,4.44,0.2136,4.74,onexbet,14,4.3,4.33
2026-10-04T01:15:58+00:00,soccer_italy_serie_a,907639dade64cca45d1ab639195d201e,2026-10-17T13:00:00Z,Venezia,Napoli,Draw,pinnacle,4.15,0.22853,4.22,onexbet,14,3.8,3.8
2026-10-04T01:15:58+00:00,soccer_italy_serie_a,bfefc309177723410230fee52f650315,2026-10-17T16:00:00Z,Bologna,Inter Milan,H,pinnacle,5.45,0.17367,5.55,onexbet,14,4.7,4.8
2026-10-04T01:15:58+00:00,soccer_italy_serie_a,bfefc309177723410230fee52f650315,2026-10-17T16:00:00Z,Bologna,Inter Milan,A,pinnacle,1.62,0.58426,1.69,onexbet,14,1.58,1.65
2026-10-04T01:15:58+00:00,soccer_italy_serie_a,bfefc309177723410230fee52f650315,2026-10-17T16:00:00Z,Bologna,Inter Milan,Draw,pinnacle,3.91,0.24207,4.12,onexbet,14,3.9,3.75
2026-10-04T01:15:58+00:00,soccer_italy_serie_a,18d478f469da3bcc654dd4555b85c7e3,2026-10-17T18:45:00Z,AS Roma,Genoa,H,pinnacle,1.3,0.72672,1.33,betsson,14,1.25,1.29
2026-10-04T01:15:58+00:00,soccer_italy_serie_a,18d478f469da3bcc654dd4555b85c7e3,2026-10-17T18:45:00Z,AS Roma,Genoa,A,pinnacle,9.06,0.10428,11.2,onexbet,14,8.75,9.5
2026-10-04T01:15:58+00:00,soccer_italy_serie_a,18d478f469da3bcc654dd4555b85c7e3,2026-10-17T18:45:00Z,AS Roma,Genoa,Draw,pinnacle,5.59,0.169,6.0,tipico_de,14,5.25,5.0
2026-10-04T01:15:58+00:00,soccer_italy_serie_a,367da93aa21a1e13eeafb94fd2263c75,2026-10-18T10:30:00Z,Udinese,Lecce,A,pinnacle,4.2,0.22603,4.35,unibet_se,14,4.05,3.9
2026-10-04T01:15:58+00:00,soccer_italy_serie_a,367da93aa21a1e13eeafb94fd2263c75,2026-10-18T10:30:00Z,Udinese,Lecce,H,pinnacle,1.85,0.51316,1.95,onexbet,14,1.79,1.85
2026-10-04T01:15:58+00:00,soccer_italy_serie_a,367da93aa21a1e13eeafb94fd2263c75,2026-10-18T10:30:00Z,Udinese,Lecce,Draw,pinnacle,3.64,0.26081,3.71,onexbet,14,3.43,3.4
2026-10-04T01:15:58+00:00,soccer_italy_serie_a,3ea32a0aa44a5f0ef7fd088155430087,2026-10-18T13:00:00Z,Fiorentina,Como,A,pinnacle,2.07,0.45966,2.13,onexbet,14,2.0,2.05
2026-10-04T01:15:58+00:00,soccer_italy_serie_a,3ea32a0aa44a5f0ef7fd088155430087,2026-10-18T13:00:00Z,Fiorentina,Como,H,pinnacle,3.36,0.28318,3.65,unibet_se,14,3.2,3.3
2026-10-04T01:15:58+00:00,soccer_italy_serie_a,3ea32a0aa44a5f0ef7fd088155430087,2026-10-18T13:00:00Z,Fiorentina,Como,Draw,pinnacle,3.7,0.25716,3.81,onexbet,14,3.48,3.5
2026-10-04T01:15:58+00:00,soccer_italy_serie_a,f9403dd597edbfaa73abdc974e55344c,2026-10-18T16:00:00Z,AC Milan,Atalanta BC,H,pinnacle,1.85,0.51241,1.95,onexbet,14,1.81,1.85
2026-10-04T01:15:58+00:00,soccer_italy_serie_a,f9403dd597edbfaa73abdc974e55344c,2026-10-18T16:00:00Z,AC Milan,Atalanta BC,A,pinnacle,4.16,0.22787,4.25,unibet_se,14,3.8,3.9
2026-10-04T01:15:58+00:00,soccer_italy_serie_a,f9403dd597edbfaa73abdc974e55344c,2026-10-18T16:00:00Z,AC Milan,Atalanta BC,Draw,pinnacle,3.65,0.25971,3.79,onexbet,14,3.5,3.4
2026-10-04T01:15:58+00:00,soccer_italy_serie_a,4c4026e2782f09d6f0ff2bde2a390513,2026-10-18T18:45:00Z,Juventus,Lazio,H,pinnacle,1.64,0.57774,1.7,unibet_se,14,1.6,1.61
2026-10-04T01:15:58+00:00,soccer_italy_serie_a,4c4026e2782f09d6f0ff2bde2a390513,2026-10-18T18:45:00Z,Juventus,Lazio,A,pinnacle,5.34,0.17743,5.66,onexbet,14,4.95,5.0
2026-10-04T01:15:58+00:00,soccer_italy_serie_a,4c4026e2782f09d6f0ff2bde2a390513,2026-10-18T18:45:00Z,Juventus,Lazio,Draw,pinnacle,3.87,0.24483,4.12,onexbet,14,3.68,3.8
2026-10-04T01:15:58+00:00,soccer_italy_serie_a,ce94aca384a20f6af459366da6e1dd21,2026-10-19T16:30:00Z,Monza,Cagliari,A,pinnacle,3.58,0.26592,3.9,onexbet,14,3.32,3.3
2026-10-04T01:15:58+00:00,soccer_italy_serie_a,ce94aca384a20f6af459366da6e1dd21,2026-10-19T16:30:00Z,Monza,Cagliari,H,pinnacle,2.19,0.4347,2.21,onexbet,14,2.0,2.15
2026-10-04T01:15:58+00:00,soccer_italy_serie_a,ce94aca384a20f6af459366da6e1dd21,2026-10-19T16:30:00Z,Monza,Cagliari,Draw,pinnacle,3.18,0.29937,3.3,winamax_de,14,3.12,3.2
2026-10-04T01:15:58+00:00,soccer_italy_serie_a,07014d9adc65ca39710bd9f0c7c0d3f0,2026-10-19T18:45:00Z,Parma,Torino,H,pinnacle,3.2,0.29774,3.25,onexbet,14,2.88,3.0
2026-10-04T01:15:58+00:00,soccer_italy_serie_a,07014d9adc65ca39710bd9f0c7c0d3f0,2026-10-19T18:45:00Z,Parma,Torino,A,pinnacle,2.47,0.38573,2.52,onexbet,14,2.28,2.4
2026-10-04T01:15:58+00:00,soccer_italy_serie_a,07014d9adc65ca39710bd9f0c7c0d3f0,2026-10-19T18:45:00Z,Parma,Torino,Draw,pinnacle,3.01,0.31653,3.25,unibet_se,14,2.97,3.0
2026-10-04T01:15:58+00:00,soccer_germany_bundesliga,3fb63658405d468954f57745cd115118,2026-10-09T18:30:00Z,Borussia Dortmund,Werder Bremen,H,pinnacle,1.41,0.68305,1.41,onexbet,20,1.33,1.36
2026-10-04T01:15:58+00:00,soccer_germany_bundesliga,3fb63658405d468954f57745cd115118,2026-10-09T18:30:00Z,Borussia Dortmund,Werder Bremen,A,pinnacle,6.9,0.13958,8.0,unibet_se,20,6.6,6.5
2026-10-04T01:15:58+00:00,soccer_germany_bundesliga,3fb63658405d468954f57745cd115118,2026-10-09T18:30:00Z,Borussia Dortmund,Werder Bremen,Draw,pinnacle,5.43,0.17737,5.8,matchbook,20,5.4,5.0
2026-10-04T01:15:58+00:00,soccer_germany_bundesliga,3b71160ad20dba786c4f92e33c987d80,2026-10-10T13:30:00Z,Augsburg,Bayern Munich,H,pinnacle,8.66,0.10974,12.5,nordicbet,20,9.25,9.0
2026-10-04T01:15:58+00:00,soccer_germany_bundesliga,3b71160ad20dba786c4f92e33c987d80,2026-10-10T13:30:00Z,Augsburg,Bayern Munich,A,pinnacle,1.22,0.77898,1.24,unibet_se,20,1.18,1.2
2026-10-04T01:15:58+00:00,soccer_germany_bundesliga,3b71160ad20dba786c4f92e33c987d80,2026-10-10T13:30:00Z,Augsburg,Bayern Munich,Draw,pinnacle,8.54,0.11128,8.5,tipico_de,20,7.5,7.0
2026-10-04T01:15:58+00:00,soccer_germany_bundesliga,418f8c26d46eaabd829f2e265673b855,2026-10-10T13:30:00Z,FSV Mainz 05,Bayer Leverkusen,A,pinnacle,2.24,0.42889,2.31,onexbet,20,2.1,2.25
2026-10-04T01:15:58+00:00,soccer_germany_bundesliga,418f8c26d46eaabd829f2e265673b855,2026-10-10T13:30:00Z,FSV Mainz 05,Bayer Leverkusen,H,pinnacle,2.93,0.32789,3.01,onexbet,20,2.87,2.8
2026-10-04T01:15:58+00:00,soccer_germany_bundesliga,418f8c26d46eaabd829f2e265673b855,2026-10-10T13:30:00Z,FSV Mainz 05,Bayer Leverkusen,Draw,pinnacle,3.95,0.24322,4.0,unibet_se,20,3.78,3.6
2026-10-04T01:15:58+00:00,soccer_germany_bundesliga,2fd48be0a24ed906187067d4170bf010,2026-10-10T13:30:00Z,Union Berlin,Elversberg,A,pinnacle,2.84,0.33917,3.07,onexbet,20,2.85,2.88
2026-10-04T01:15:58+00:00,soccer_germany_bundesliga,2fd48be0a24ed906187067d4170bf010,2026-10-10T13:30:00Z,Union Berlin,Elversberg,H,pinnacle,2.3,0.4188,2.35,unibet_se,20,2.12,2.15
2026-10-04T01:15:58+00:00,soccer_germany_bundesliga,2fd48be0a24ed906187067d4170bf010,2026-10-10T13:30:00Z,Union Berlin,Elversberg,Draw,pinnacle,3.98,0.24202,4.0,coolbet,20,3.73,3.7
2026-10-04T01:15:58+00:00,soccer_germany_bundesliga,f03c08c0ae5fd66c2d2df2053115bb94,2026-10-10T13:30:00Z,TSG Hoffenheim,Hamburger SV,A,pinnacle,6.8,0.1406,7.0,unibet_se,20,6.1,6.0
2026-10-04T01:15:58+00:00,soccer_germany_bundesliga,f03c08c0ae5fd66c2d2df2053115bb94,2026-10-10T13:30:00Z,TSG Hoffenheim,Hamburger SV,H,pinnacle,1.45,0.65938,1.49,onexbet,20,1.38,1.4
2026-10-04T01:15:58+00:00,soccer_germany_bundesliga,f03c08c0ae5fd66c2d2df2053115bb94,2026-10-10T13:30:00Z,TSG Hoffenheim,Hamburger SV,Draw,pinnacle,4.78,0.20002,5.5,unibet_se,20,5.1,4.75
2026-10-04T01:15:58+00:00,soccer_germany_bundesliga,9aade3e736c3d113dab19e641c43e272,2026-10-10T13:30:00Z,SC Paderborn,VfB Stuttgart,H,pinnacle,4.93,0.19444,5.2,tipico_de,20,4.7,4.6
2026-10-04T01:15:58+00:00,soccer_germany_bundesliga,9aade3e736c3d113dab19e641c43e272,2026-10-10T13:30:00Z,SC Paderborn,VfB Stuttgart,A,pinnacle,1.59,0.60289,1.64,unibet_se,20,1.53,1.57
2026-10-04T01:15:58+00:00,soccer_germany_bundesliga,9aade3e736c3d113dab19e641c43e272,2026-10-10T13:30:00Z,SC Paderborn,VfB Stuttgart,Draw,pinnacle,4.73,0.20266,4.83,onexbet,20,4.45,4.33
2026-10-04T01:15:58+00:00,soccer_germany_bundesliga,01cb7a67c8ae71201ec27297455fc0e8,2026-10-10T16:30:00Z,RB Leipzig,Eintracht Frankfurt,A,pinnacle,5.11,0.18719,5.5,coolbet,20,4.9,4.8
2026-10-04T01:15:58+00:00,soccer_germany_bundesliga,01cb7a67c8ae71201ec27297455fc0e8,2026-10-10T16:30:00Z,RB Leipzig,Eintracht Frankfurt,H,pinnacle,1.54,0.62112,1.58,onexbet,20,1.48,1.5
2026-10-04T01:15:58+00:00,soccer_germany_bundesliga,01cb7a67c8ae71201ec27297455fc0e8,2026-10-10T16:30:00Z,RB Leipzig,Eintracht Frankfurt,Draw,pinnacle,4.99,0.19169,5.13,onexbet,20,4.75,4.6
2026-10-04T01:15:58+00:00,soccer_germany_bundesliga,a8801462cb97a43570956e4b3ef4aedf,2026-10-11T13:30:00Z,1. FC Köln,Borussia Monchengladbach,H,pinnacle,2.03,0.47352,2.05,coolbet,18,1.92,1.91
2026-10-04T01:15:58+00:00,soccer_germany_bundesliga,a8801462cb97a43570956e4b3ef4aedf,2026-10-11T13:30:00Z,1. FC Köln,Borussia Monchengladbach,A,pinnacle,3.26,0.29486,3.57,onexbet,18,3.23,3.3
2026-10-04T01:15:58+00:00,soccer_germany_bundesliga,a8801462cb97a43570956e4b3ef4aedf,2026-10-11T13:30:00Z,1. FC Köln,Borussia Monchengladbach,Draw,pinnacle,4.15,0.23162,4.25,unibet_se,18,3.83,3.8
2026-10-04T01:15:58+00:00,soccer_germany_bundesliga,eaf509fb37413b7d055cd394667792b3,2026-10-11T15:30:00Z,SC Freiburg,FC Schalke 04,A,pinnacle,5.43,0.17683,5.44,onexbet,18,4.8,4.8
2026-10-04T01:15:58+00:00,soccer_germany_bundesliga,eaf509fb37413b7d055cd394667792b3,2026-10-11T15:30:00Z,SC Freiburg,FC Schalke 04,H,pinnacle,1.65,0.58192,1.71,onexbet,18,1.57,1.61
2026-10-04T01:15:58+00:00,soccer_germany_bundesliga,eaf509fb37413b7d055cd394667792b3,2026-10-11T15:30:00Z,SC Freiburg,FC Schalke 04,Draw,pinnacle,3.98,0.24125,4.4,coolbet,18,4.05,3.8
2026-10-04T01:15:58+00:00,soccer_germany_bundesliga,947bd5d924835af090d9cdc7bbdf10f6,2026-10-16T18:30:00Z,Eintracht Frankfurt,1. FC Köln,A,pinnacle,3.41,0.27875,3.52,onexbet,12,3.18,3.3
2026-10-04T01:15:58+00:00,soccer_germany_bundesliga,947bd5d924835af090d9cdc7bbdf10f6,2026-10-16T18:30:00Z,Eintracht Frankfurt,1. FC Köln,H,pinnacle,1.94,0.48997,2.0,onexbet,12,1.9,1.91
2026-10-04T01:15:58+00:00,soccer_germany_bundesliga,947bd5d924835af090d9cdc7bbdf10f6,2026-10-16T18:30:00Z,Eintracht Frankfurt,1. FC Köln,Draw,pinnacle,4.11,0.23128,4.3,tipico_de,12,3.88,3.9
2026-10-04T01:15:58+00:00,soccer_germany_bundesliga,0bf757f3bd903496ce2fa27bd0481869,2026-10-17T13:30:00Z,Elversberg,Augsburg,A,pinnacle,2.63,0.36216,2.71,onexbet,12,2.5,2.6
2026-10-04T01:15:58+00:00,soccer_germany_bundesliga,0bf757f3bd903496ce2fa27bd0481869,2026-10-17T13:30:00Z,Elversberg,Augsburg,H,pinnacle,2.46,0.38719,2.55,onexbet,12,2.33,2.4
2026-10-04T01:15:58+00:00,soccer_germany_bundesliga,0bf757f3bd903496ce2fa27bd0481869,2026-10-17T13:30:00Z,Elversberg,Augsburg,Draw,pinnacle,3.8,0.25065,3.92,onexbet,12,3.68,3.6
2026-10-04T01:15:58+00:00,soccer_germany_bundesliga,d8eac776adb07b0e7f01d8736d097291,2026-10-17T13:30:00Z,Union Berlin,Borussia Dortmund,A,pinnacle,1.68,0.56321,1.73,onexbet,12,1.62,1.67
2026-10-04T01:15:58+00:00,soccer_germany_bundesliga,d8eac776adb07b0e7f01d8736d097291,2026-10-17T13:30:00Z,Union Berlin,Borussia Dortmund,H,pinnacle,4.44,0.21311,4.72,onexbet,12,4.25,4.33
2026-10-04T01:15:58+00:00,soccer_germany_bundesliga,d8eac776adb07b0e7f01d8736d097291,2026-10-17T13:30:00Z,Union Berlin,Borussia Dortmund,Draw,pinnacle,4.23,0.22369,4.45,onexbet,12,4.05,4.0
2026-10-04T01:15:58+00:00,soccer_germany_bundesliga,606d65d57a9a6d8f9b53faee1ad10009,2026-10-17T13:30:00Z,FC Schalke 04,FSV Mainz 05,H,pinnacle,2.85,0.33411,2.98,onexbet,12,2.77,2.8
2026-10-04T01:15:58+00:00,soccer_germany_bundesliga,606d65d57a9a6d8f9b53faee1ad10009,2026-10-17T13:30:00Z,FC Schalke 04,FSV Mainz 05,A,pinnacle,2.39,0.39842,2.44,onexbet,12,2.2,2.3
2026-10-04T01:15:58+00:00,soccer_germany_bundesliga,606d65d57a9a6d8f9b53faee1ad10009,2026-10-17T13:30:00Z,FC Schalke 04,FSV Mainz 05,Draw,pinnacle,3.56,0.26748,3.7,onexbet,12,3.5,3.4
2026-10-04T01:15:58+00:00,soccer_germany_bundesliga,221916b8b36706ec52aa655a64e5f1d2,2026-10-17T13:30:00Z,Hamburger SV,VfB Stuttgart,H,pinnacle,4.04,0.2355,4.08,onexbet,12,3.53,3.4
2026-10-04T01:15:58+00:00,soccer_germany_bundesliga,221916b8b36706ec52aa655a64e5f1d2,2026-10-17T13:30:00Z,Hamburger SV,VfB Stuttgart,A,pinnacle,1.83,0.51991,1.9,onexbet,12,1.78,1.83
2026-10-04T01:15:58+00:00,soccer_germany_bundesliga,221916b8b36706ec52aa655a64e5f1d2,2026-10-17T13:30:00Z,Hamburger SV,VfB Stuttgart,Draw,pinnacle,3.89,0.24459,4.1,tipico_de,12,3.93,4.0
2026-10-04T01:15:58+00:00,soccer_germany_bundesliga,9a422e1aad1053828eaf629a58d901de,2026-10-17T13:30:00Z,Werder Bremen,SC Paderborn,A,pinnacle,4.02,0.23612,4.25,nordicbet,12,3.78,3.75
2026-10-04T01:15:58+00:00,soccer_germany_bundesliga,9a422e1aad1053828eaf629a58d901de,2026-10-17T13:30:00Z,Werder Bremen,SC Paderborn,H,pinnacle,1.77,0.53626,1.84,onexbet,12,1.75,1.8
2026-10-04T01:15:58+00:00,soccer_germany_bundesliga,9a422e1aad1053828eaf629a58d901de,2026-10-17T13:30:00Z,Werder Bremen,SC Paderborn,Draw,pinnacle,4.17,0.22762,4.26,onexbet,12,3.8,3.8
2026-10-04T01:15:58+00:00,soccer_germany_bundesliga,9a64448205fdc4b95f45641bb946706c,2026-10-17T16:30:00Z,Bayern Munich,RB Leipzig,H,betfair_ex_eu,1.24,0.77691,1.27,onexbet,12,1.21,1.25
2026-10-04T01:15:58+00:00,soccer_germany_bundesliga,9a64448205fdc4b95f45641bb946706c,2026-10-17T16:30:00Z,Bayern Munich,RB Leipzig,A,betfair_ex_eu,10.0,0.09634,11.5,nordicbet,12,8.0,9.5
2026-10-04T01:15:58+00:00,soccer_germany_bundesliga,9a64448205fdc4b95f45641bb946706c,2026-10-17T16:30:00Z,Bayern Munich,RB Leipzig,Draw,betfair_ex_eu,7.6,0.12676,8.0,tipico_de,12,6.75,6.0
2026-10-04T01:15:58+00:00,soccer_germany_bundesliga,096d800bcc95c547ef592cbef624d080,2026-10-18T13:30:00Z,Bayer Leverkusen,SC Freiburg,H,pinnacle,1.65,0.57392,1.7,onexbet,12,1.61,1.61
2026-10-04T01:15:58+00:00,soccer_germany_bundesliga,096d800bcc95c547ef592cbef624d080,2026-10-18T13:30:00Z,Bayer Leverkusen,SC Freiburg,A,pinnacle,4.46,0.21232,4.83,onexbet,12,4.3,4.4
2026-10-04T01:15:58+00:00,soccer_germany_bundesliga,096d800bcc95c547ef592cbef624d080,2026-10-18T13:30:00Z,Bayer Leverkusen,SC Freiburg,Draw,pinnacle,4.43,0.21376,4.51,onexbet,12,4.1,4.2
2026-10-04T01:15:58+00:00,soccer_germany_bundesliga,fd9b8c185737a15615aa0c9daaa3dfbf,2026-10-18T15:30:00Z,Borussia Monchengladbach,TSG Hoffenheim,H,pinnacle,3.4,0.27956,3.69,onexbet,12,3.33,3.4
2026-10-04T01:15:58+00:00,soccer_germany_bundesliga,fd9b8c185737a15615aa0c9daaa3dfbf,2026-10-18T15:30:00Z,Borussia Monchengladbach,TSG Hoffenheim,A,pinnacle,1.93,0.4925,1.95,onexbet,12,1.84,1.85
2026-10-04T01:15:58+00:00,soccer_germany_bundesliga,fd9b8c185737a15615aa0c9daaa3dfbf,2026-10-18T15:30:00Z,Borussia Monchengladbach,TSG Hoffenheim,Draw,pinnacle,4.17,0.22794,4.31,onexbet,12,3.9,3.9
2026-10-04T01:15:58+00:00,soccer_france_ligue_one,17694e68f399fdf9c5030021ec9bb595,2026-10-09T18:45:00Z,RC Lens,Lyon,A,pinnacle,2.72,0.35549,2.95,unibet_se,19,2.55,2.75
2026-10-04T01:15:58+00:00,soccer_france_ligue_one,17694e68f399fdf9c5030021ec9bb595,2026-10-09T18:45:00Z,RC Lens,Lyon,H,pinnacle,2.45,0.39466,2.45,coolbet,19,2.27,2.3
2026-10-04T01:15:58+00:00,soccer_france_ligue_one,17694e68f399fdf9c5030021ec9bb595,2026-10-09T18:45:00Z,RC Lens,Lyon,Draw,pinnacle,3.87,0.24985,3.85,unibet_se,19,3.63,3.5
2026-10-04T01:15:58+00:00,soccer_france_ligue_one,2c173b3bd3a1491f17fcad1012019c4f,2026-10-10T15:15:00Z,Lille,Le Havre,A,pinnacle,6.83,0.14019,7.75,coolbet,19,6.5,6.5
2026-10-04T01:15:58+00:00,soccer_france_ligue_one,2c173b3bd3a1491f17fcad1012019c4f,2026-10-10T15:15:00Z,Lille,Le Havre,H,pinnacle,1.45,0.66034,1.5,onexbet,19,1.4,1.44
2026-10-04T01:15:58+00:00,soccer_france_ligue_one,2c173b3bd3a1491f17fcad1012019c4f,2026-10-10T15:15:00Z,Lille,Le Havre,Draw,pinnacle,4.8,0.19948,4.8,winamax_de,19,4.55,4.2
2026-10-04T01:15:58+00:00,soccer_france_ligue_one,c2c64ebfc5810226f807c1920d580392,2026-10-10T18:45:00Z,AS Monaco,Toulouse,H,pinnacle,1.68,0.57048,1.75,unibet_se,19,1.63,1.67
2026-10-04T01:15:58+00:00,soccer_france_ligue_one,c2c64ebfc5810226f807c1920d580392,2026-10-10T18:45:00Z,AS Monaco,Toulouse,A,pinnacle,4.71,0.20348,5.0,coolbet,19,4.45,4.4
2026-10-04T01:15:58+00:00,soccer_france_ligue_one,c2c64ebfc5810226f807c1920d580392,2026-10-10T18:45:00Z,AS Monaco,Toulouse,Draw,pinnacle,4.24,0.22604,4.26,onexbet,19,3.95,3.8
2026-10-04T01:15:58+00:00,soccer_france_ligue_one,007dc2ff845c33e3e18f2bd2bc126304,2026-10-10T18:45:00Z,Brest,Angers,A,pinnacle,3.93,0.24417,4.0,coolbet,19,3.73,3.6
2026-10-04T01:15:58+00:00,soccer_france_ligue_one,007dc2ff845c33e3e18f2bd2bc126304,2026-10-10T18:45:00Z,Brest,Angers,H,pinnacle,1.88,0.51042,1.96,onexbet,19,1.85,1.85
2026-10-04T01:15:58+00:00,soccer_france_ligue_one,007dc2ff845c33e3e18f2bd2bc126304,2026-10-10T18:45:00Z,Brest,Angers,Draw,pinnacle,3.91,0.24542,3.94,onexbet,19,3.58,3.6
2026-10-04T01:15:58+00:00,soccer_france_ligue_one,2849460eb4d15adbb20ec15927a0fd4a,2026-10-10T18:45:00Z,Paris Saint Germain,Le Mans FC,A,pinnacle,22.25,0.043,38.0,nordicbet,19,22.0,26.0
2026-10-04T01:15:58+00:00,soccer_france_ligue_one,2849460eb4d15adbb20ec15927a0fd4a,2026-10-10T18:45:00Z,Paris Saint Germain,Le Mans FC,H,pinnacle,1.08,0.88596,1.1,unibet_se,19,1.05,1.06
2026-10-04T01:15:58+00:00,soccer_france_ligue_one,2849460eb4d15adbb20ec15927a0fd4a,2026-10-10T18:45:00Z,Paris Saint Germain,Le Mans FC,Draw,pinnacle,13.47,0.07103,16.5,onexbet,19,10.5,13.0
2026-10-04T01:15:58+00:00,soccer_france_ligue_one,3aa72885e0aa107c62843749f7930a9a,2026-10-10T18:45:00Z,Lorient,Paris FC,H,pinnacle,3.13,0.30774,3.18,onexbet,19,2.97,2.9
2026-10-04T01:15:58+00:00,soccer_france_ligue_one,3aa72885e0aa107c62843749f7930a9a,2026-10-10T18:45:00Z,Lorient,Paris FC,A,pinnacle,2.38,0.40472,2.43,unibet_se,19,2.22,2.3
2026-10-04T01:15:58+00:00,soccer_france_ligue_one,3aa72885e0aa107c62843749f7930a9a,2026-10-10T18:45:00Z,Lorient,Paris FC,Draw,pinnacle,3.35,0.28753,3.6,coolbet,19,3.32,3.25
2026-10-04T01:15:58+00:00,soccer_france_ligue_one,5d3606630a2d3a218a6340d082c1bdc6,2026-10-11T13:00:00Z,Nice,Strasbourg,H,pinnacle,2.34,0.41109,2.36,onexbet,17,2.2,2.25
2026-10-04T01:15:58+00:00,soccer_france_ligue_one,5d3606630a2d3a218a6340d082c1bdc6,2026-10-11T13:00:00Z,Nice,Strasbourg,A,pinnacle,2.95,0.32608,3.15,unibet_se,17,2.88,2.9
2026-10-04T01:15:58+00:00,soccer_france_ligue_one,5d3606630a2d3a218a6340d082c1bdc6,2026-10-11T13:00:00Z,Nice,Strasbourg,Draw,pinnacle,3.66,0.26283,3.85,coolbet,17,3.48,3.4
2026-10-04T01:15:58+00:00,soccer_france_ligue_one,34f584ab922e220dc4f3b81217959d6d,2026-10-11T15:15:00Z,Rennes,Auxerre,A,pinnacle,6.44,0.14877,7.5,unibet_se,18,6.1,6.0
2026-10-04T01:15:58+00:00,soccer_france_ligue_one,34f584ab922e220dc4f3b81217959d6d,2026-10-11T15:15:00Z,Rennes,Auxerre,H,pinnacle,1.45,0.66075,1.48,onexbet,18,1.39,1.4
2026-10-04T01:15:58+00:00,soccer_france_ligue_one,34f584ab922e220dc4f3b81217959d6d,2026-10-11T15:15:00Z,Rennes,Auxerre,Draw,pinnacle,5.03,0.19048,5.2,unibet_se,18,4.8,4.6
2026-10-04T01:15:58+00:00,soccer_france_ligue_one,cb7067ac191abf32ad49dad45e46f639,2026-10-11T18:45:00Z,Troyes,Marseille,A,pinnacle,1.85,0.51947,1.94,unibet_se,18,1.78,1.85
2026-10-04T01:15:58+00:00,soccer_france_ligue_one,cb7067ac191abf32ad49dad45e46f639,2026-10-11T18:45:00Z,Troyes,Marseille,H,pinnacle,4.02,0.23906,4.1,nordicbet,18,3.78,3.6
2026-10-04T01:15:58+00:00,soccer_france_ligue_one,cb7067ac191abf32ad49dad45e46f639,2026-10-11T18:45:00Z,Troyes,Marseille,Draw,pinnacle,3.98,0.24146,4.2,coolbet,18,3.78,3.6
2026-10-04T01:15:58+00:00,soccer_france_ligue_one,66c168c030f3faad3983fcadc3060009,2026-10-16T18:45:00Z,Le Mans FC,Toulouse,H,pinnacle,3.12,0.30531,3.3,unibet_se,15,2.9,3.0
2026-10-04T01:15:58+00:00,soccer_france_ligue_one,66c168c030f3faad3983fcadc3060009,2026-10-16T18:45:00Z,Le Mans FC,Toulouse,A,pinnacle,2.28,0.41779,2.34,onexbet,15,2.18,2.2
2026-10-04T01:15:58+00:00,soccer_france_ligue_one,66c168c030f3faad3983fcadc3060009,2026-10-16T18:45:00Z,Le Mans FC,Toulouse,Draw,pinnacle,3.44,0.27691,3.57,onexbet,15,3.37,3.3
2026-10-04T01:15:58+00:00,soccer_france_ligue_one,f3034246520a2ee4ff0ac0d5074966f8,2026-10-17T15:15:00Z,Strasbourg,Paris Saint Germain,A,pinnacle,1.4,0.67671,1.46,onexbet,15,1.36,1.4
2026-10-04T01:15:58+00:00,soccer_france_ligue_one,f3034246520a2ee4ff0ac0d5074966f8,2026-10-17T15:15:00Z,Strasbourg,Paris Saint Germain,H,pinnacle,6.38,0.14849,6.8,nordicbet,15,5.6,6.0
2026-10-04T01:15:58+00:00,soccer_france_ligue_one,f3034246520a2ee4ff0ac0d5074966f8,2026-10-17T15:15:00Z,Strasbourg,Paris Saint Germain,Draw,pinnacle,5.42,0.1748,5.7,tipico_de,15,5.4,4.8
2026-10-04T01:15:58+00:00,soccer_france_ligue_one,ad25a350c89b64715e15c59cde5653d3,2026-10-17T18:45:00Z,Lille,Brest,A,pinnacle,5.42,0.17489,5.4,nordicbet,15,4.9,4.8
2026-10-04T01:15:58+00:00,soccer_france_ligue_one,ad25a350c89b64715e15c59cde5653d3,2026-10-17T18:45:00Z,Lille,Brest,H,pinnacle,1.58,0.59995,1.66,onexbet,15,1.53,1.61
2026-10-04T01:15:58+00:00,soccer_france_ligue_one,ad25a350c89b64715e15c59cde5653d3,2026-10-17T18:45:00Z,Lille,Brest,Draw,pinnacle,4.21,0.22516,4.37,onexbet,15,4.1,3.9
2026-10-04T01:15:58+00:00,soccer_france_ligue_one,b077aa049133c0358bcd643bfee48da3,2026-10-17T18:45:00Z,Troyes,RC Lens,A,pinnacle,1.81,0.52431,1.87,onexbet,15,1.76,1.8
2026-10-04T01:15:58+00:00,soccer_france_ligue_one,b077aa049133c0358bcd643bfee48da3,2026-10-17T18:45:00Z,Troyes,RC Lens,H,pinnacle,4.0,0.23725,4.3,onexbet,15,3.75,3.9
2026-10-04T01:15:58+00:00,soccer_france_ligue_one,b077aa049133c0358bcd643bfee48da3,2026-10-17T18:45:00Z,Troyes,RC Lens,Draw,pinnacle,3.98,0.23844,4.1,unibet_se,15,3.78,3.7
2026-10-04T01:15:58+00:00,soccer_france_ligue_one,c7a60aa94470fe959fbf6b0c68060fc1,2026-10-18T13:00:00Z,Angers,Marseille,H,pinnacle,3.08,0.30915,3.25,unibet_se,15,2.9,3.0
2026-10-04T01:15:58+00:00,soccer_france_ligue_one,c7a60aa94470fe959fbf6b0c68060fc1,2026-10-18T13:00:00Z,Angers,Marseille,A,pinnacle,2.2,0.43281,2.28,onexbet,15,2.13,2.15
2026-10-04T01:15:58+00:00,soccer_france_ligue_one,c7a60aa94470fe959fbf6b0c68060fc1,2026-10-18T13:00:00Z,Angers,Marseille,Draw,pinnacle,3.69,0.25804,3.76,onexbet,15,3.5,3.4
2026-10-04T01:15:58+00:00,soccer_france_ligue_one,53f5fe7ed0ba0fbf6345c73270e4cd00,2026-10-18T15:15:00Z,Lorient,AS Monaco,A,pinnacle,2.1,0.45333,2.17,onexbet,15,1.98,2.05
2026-10-04T01:15:58+00:00,soccer_france_ligue_one,53f5fe7ed0ba0fbf6345c73270e4cd00,2026-10-18T15:15:00Z,Lorient,AS Monaco,H,pinnacle,3.57,0.26667,3.75,unibet_se,15,3.32,3.4
2026-10-04T01:15:58+00:00,soccer_france_ligue_one,53f5fe7ed0ba0fbf6345c73270e4cd00,2026-10-18T15:15:00Z,Lorient,AS Monaco,Draw,pinnacle,3.4,0.28,3.58,onexbet,15,3.42,3.3
2026-10-04T01:15:58+00:00,soccer_france_ligue_one,d637845b9760bb02b55bbbaa32b5c21e,2026-10-18T15:15:00Z,Le Havre,Auxerre,A,pinnacle,2.9,0.32826,3.0,unibet_se,15,2.77,2.8
2026-10-04T01:15:58+00:00,soccer_france_ligue_one,d637845b9760bb02b55bbbaa32b5c21e,2026-10-18T15:15:00Z,Le Havre,Auxerre,H,pinnacle,2.43,0.39175,2.52,onexbet,15,2.28,2.4
2026-10-04T01:15:58+00:00,soccer_france_ligue_one,d637845b9760bb02b55bbbaa32b5c21e,2026-10-18T15:15:00Z,Le Havre,Auxerre,Draw,pinnacle,3.4,0.27999,3.51,onexbet,15,3.32,3.25
2026-10-04T01:15:58+00:00,soccer_france_ligue_one,27f7222d2abde93fc6e8d17b5b05b272,2026-10-18T15:15:00Z,Paris FC,Rennes,H,pinnacle,2.31,0.41221,2.37,onexbet,15,2.13,2.25
2026-10-04T01:15:58+00:00,soccer_france_ligue_one,27f7222d2abde93fc6e8d17b5b05b272,2026-10-18T15:15:00Z,Paris FC,Rennes,A,pinnacle,3.25,0.29299,3.29,onexbet,15,2.95,2.8
2026-10-04T01:15:58+00:00,soccer_france_ligue_one,27f7222d2abde93fc6e8d17b5b05b272,2026-10-18T15:15:00Z,Paris FC,Rennes,Draw,pinnacle,3.23,0.2948,3.6,nordicbet,15,3.42,3.5
2026-10-04T01:15:58+00:00,soccer_france_ligue_one,471f891b1f6516a864ad94c8eb649f5e,2026-10-18T18:45:00Z,Lyon,Nice,H,pinnacle,1.64,0.5783,1.71,onexbet,15,1.6,1.65
2026-10-04T01:15:58+00:00,soccer_france_ligue_one,471f891b1f6516a864ad94c8eb649f5e,2026-10-18T18:45:00Z,Lyon,Nice,A,pinnacle,4.91,0.19316,5.24,onexbet,15,4.6,4.8
2026-10-04T01:15:58+00:00,soccer_france_ligue_one,471f891b1f6516a864ad94c8eb649f5e,2026-10-18T18:45:00Z,Lyon,Nice,Draw,pinnacle,4.15,0.22853,4.2,tipico_de,15,3.9,3.8
2026-10-04T14:44:40+00:00,soccer_portugal_primeira_liga,0956c06cd173899e11422bece0fbf94f,2026-10-09T17:45:00Z,Moreirense FC,Gil Vicente,A,pinnacle,2.23,0.42757,2.28,unibet_se,14,2.03,2.1
2026-10-04T14:44:40+00:00,soccer_portugal_primeira_liga,0956c06cd173899e11422bece0fbf94f,2026-10-09T17:45:00Z,Moreirense FC,Gil Vicente,H,pinnacle,3.6,0.26486,3.42,gtbets,14,3.3,3.4
2026-10-04T14:44:40+00:00,soccer_portugal_primeira_liga,0956c06cd173899e11422bece0fbf94f,2026-10-09T17:45:00Z,Moreirense FC,Gil Vicente,Draw,pinnacle,3.1,0.30757,3.22,marathonbet,14,3.05,3.1
2026-10-04T14:44:40+00:00,soccer_portugal_primeira_liga,b4d52d1abd5efcd669a093139239c7b0,2026-10-09T19:15:00Z,Braga,Sporting Lisbon,H,pinnacle,3.41,0.27896,3.7,tipico_de,14,3.17,3.2
2026-10-04T14:44:40+00:00,soccer_portugal_primeira_liga,b4d52d1abd5efcd669a093139239c7b0,2026-10-09T19:15:00Z,Braga,Sporting Lisbon,A,pinnacle,2.14,0.44451,2.15,williamhill,14,2.02,2.15
2026-10-04T14:44:40+00:00,soccer_portugal_primeira_liga,b4d52d1abd5efcd669a093139239c7b0,2026-10-09T19:15:00Z,Braga,Sporting Lisbon,Draw,pinnacle,3.44,0.27653,3.4,marathonbet,14,3.23,3.3
2026-10-04T14:44:40+00:00,soccer_portugal_primeira_liga,710dd3ffd365c610f1969a86cd70e074,2026-10-10T14:30:00Z,Casa Pia,Santa Clara,H,pinnacle,4.3,0.22088,4.7,tipico_de,14,4.35,4.2
2026-10-04T14:44:40+00:00,soccer_portugal_primeira_liga,710dd3ffd365c610f1969a86cd70e074,2026-10-10T14:30:00Z,Casa Pia,Santa Clara,A,pinnacle,1.91,0.49728,1.93,unibet_se,14,1.76,1.85
2026-10-04T14:44:40+00:00,soccer_portugal_primeira_liga,710dd3ffd365c610f1969a86cd70e074,2026-10-10T14:30:00Z,Casa Pia,Santa Clara,Draw,pinnacle,3.37,0.28184,3.3,tipico_de,14,3.1,3.1
2026-10-04T14:44:40+00:00,soccer_portugal_primeira_liga,d9bfec13c112810701ee7e60f02bffa5,2026-10-10T17:00:00Z,CS Maritimo,FC Porto,H,betfair_ex_eu,8.6,0.10847,11.0,tipico_de,15,8.25,9.0
2026-10-04T14:44:40+00:00,soccer_portugal_primeira_liga,d9bfec13c112810701ee7e60f02bffa5,2026-10-10T17:00:00Z,CS Maritimo,FC Porto,A,betfair_ex_eu,1.31,0.71212,1.36,gtbets,15,1.27,1.3
2026-10-04T14:44:40+00:00,soccer_portugal_primeira_liga,d9bfec13c112810701ee7e60f02bffa5,2026-10-10T17:00:00Z,CS Maritimo,FC Porto,Draw,betfair_ex_eu,5.2,0.1794,5.0,marathonbet,15,4.7,4.8
2026-10-04T14:44:40+00:00,soccer_portugal_primeira_liga,2444214363711d31867a9df8c712ec8d,2026-10-10T19:30:00Z,Académico de Viseu,Estoril,H,pinnacle,2.29,0.41589,2.3,unibet_se,15,2.13,2.25
2026-10-04T14:44:40+00:00,soccer_portugal_primeira_liga,2444214363711d31867a9df8c712ec8d,2026-10-10T19:30:00Z,Académico de Viseu,Estoril,A,pinnacle,3.15,0.30234,3.1,tipico_de,15,2.92,2.9
2026-10-04T14:44:40+00:00,soccer_portugal_primeira_liga,2444214363711d31867a9df8c712ec8d,2026-10-10T19:30:00Z,Académico de Viseu,Estoril,Draw,pinnacle,3.38,0.28177,3.43,gtbets,15,3.25,3.3
2026-10-04T14:44:40+00:00,soccer_portugal_primeira_liga,5ecd75456d38ef4c394e502ecdd8937c,2026-10-11T14:30:00Z,Rio Ave FC,Nacional,A,pinnacle,3.42,0.27833,3.3,tipico_de,13,3.1,3.2
2026-10-04T14:44:40+00:00,soccer_portugal_primeira_liga,5ecd75456d38ef4c394e502ecdd8937c,2026-10-11T14:30:00Z,Rio Ave FC,Nacional,H,pinnacle,2.22,0.42878,2.25,unibet_se,13,2.08,2.2
2026-10-04T14:44:40+00:00,soccer_portugal_primeira_liga,5ecd75456d38ef4c394e502ecdd8937c,2026-10-11T14:30:00Z,Rio Ave FC,Nacional,Draw,pinnacle,3.25,0.29289,3.32,marathonbet,13,3.15,3.2
2026-10-04T14:44:40+00:00,soccer_portugal_primeira_liga,2aa9808e7e84598f45ccf338a9b8912a,2026-10-11T19:30:00Z,Arouca,CF Estrela,H,pinnacle,2.17,0.43813,2.15,williamhill,10,2.0,2.15
2026-10-04T14:44:40+00:00,soccer_portugal_primeira_liga,2aa9808e7e84598f45ccf338a9b8912a,2026-10-11T19:30:00Z,Arouca,CF Estrela,A,pinnacle,3.25,0.29254,3.4,tipico_de,10,3.18,3.1
2026-10-04T14:44:40+00:00,soccer_portugal_primeira_liga,2aa9808e7e84598f45ccf338a9b8912a,2026-10-11T19:30:00Z,Arouca,CF Estrela,Draw,pinnacle,3.53,0.26933,3.44,marathonbet,10,3.28,3.3
2026-10-04T14:44:40+00:00,soccer_portugal_primeira_liga,789c3dd95a7fcef675ce5a40b07371a2,2026-10-12T19:15:00Z,Famalicão,Alverca,A,pinnacle,5.02,0.18925,4.7,tipico_de,10,4.25,4.0
2026-10-04T14:44:40+00:00,soccer_portugal_primeira_liga,789c3dd95a7fcef675ce5a40b07371a2,2026-10-12T19:15:00Z,Famalicão,Alverca,H,pinnacle,1.82,0.52199,1.85,williamhill,10,1.74,1.85
2026-10-04T14:44:40+00:00,soccer_portugal_primeira_liga,789c3dd95a7fcef675ce5a40b07371a2,2026-10-12T19:15:00Z,Famalicão,Alverca,Draw,pinnacle,3.29,0.28876,3.56,marathonbet,10,3.22,3.4
2026-10-04T14:44:40+00:00,soccer_epl,b870dcfba5e5920d3f1551a3aa1ea435,2026-10-10T11:30:00Z,Arsenal,Leeds United,H,pinnacle,1.38,0.69755,1.44,onexbet,21,1.35,1.4
2026-10-04T14:44:40+00:00,soccer_epl,b870dcfba5e5920d3f1551a3aa1ea435,2026-10-10T11:30:00Z,Arsenal,Leeds United,A,pinnacle,8.18,0.11768,9.2,matchbook,21,7.25,7.0
2026-10-04T14:44:40+00:00,soccer_epl,b870dcfba5e5920d3f1551a3aa1ea435,2026-10-10T11:30:00Z,Arsenal,Leeds United,Draw,pinnacle,5.21,0.18476,5.3,winamax_de,21,4.75,4.6
2026-10-04T14:44:40+00:00,soccer_epl,02e6c0ccb11bb7ce78989ce49d67110b,2026-10-10T14:00:00Z,Aston Villa,Brentford,H,pinnacle,2.69,0.35974,2.8,matchbook,21,2.57,2.6
2026-10-04T14:44:40+00:00,soccer_epl,02e6c0ccb11bb7ce78989ce49d67110b,2026-10-10T14:00:00Z,Aston Villa,Brentford,A,pinnacle,2.6,0.37219,2.69,onexbet,21,2.42,2.5
2026-10-04T14:44:40+00:00,soccer_epl,02e6c0ccb11bb7ce78989ce49d67110b,2026-10-10T14:00:00Z,Aston Villa,Brentford,Draw,pinnacle,3.61,0.26806,3.65,winamax_de,21,3.47,3.4
2026-10-04T14:44:40+00:00,soccer_epl,45d4a466e32cd2b4ea535207923ceaf5,2026-10-10T14:00:00Z,Chelsea,Bournemouth,A,pinnacle,4.53,0.21323,4.6,matchbook,21,4.15,4.0
2026-10-04T14:44:40+00:00,soccer_epl,45d4a466e32cd2b4ea535207923ceaf5,2026-10-10T14:00:00Z,Chelsea,Bournemouth,H,pinnacle,1.74,0.55513,1.79,onexbet,21,1.66,1.73
2026-10-04T14:44:40+00:00,soccer_epl,45d4a466e32cd2b4ea535207923ceaf5,2026-10-10T14:00:00Z,Chelsea,Bournemouth,Draw,pinnacle,4.17,0.23164,4.3,matchbook,21,4.05,3.9
2026-10-04T14:44:40+00:00,soccer_epl,380b8f24ec5430fb545a7490c1017285,2026-10-10T14:00:00Z,Sunderland,Brighton and Hove Albion,A,pinnacle,2.4,0.40333,2.49,onexbet,21,2.25,2.38
2026-10-04T14:44:40+00:00,soccer_epl,380b8f24ec5430fb545a7490c1017285,2026-10-10T14:00:00Z,Sunderland,Brighton and Hove Albion,H,pinnacle,2.96,0.32703,3.1,matchbook,21,2.85,2.8
2026-10-04T14:44:40+00:00,soccer_epl,380b8f24ec5430fb545a7490c1017285,2026-10-10T14:00:00Z,Sunderland,Brighton and Hove Albion,Draw,pinnacle,3.59,0.26964,3.56,onexbet,21,3.4,3.3
2026-10-04T14:44:40+00:00,soccer_epl,288b4ff00c79daa712c911c564fe1be7,2026-10-10T14:00:00Z,Ipswich Town,Fulham,A,pinnacle,2.55,0.37962,2.63,onexbet,21,2.37,2.5
2026-10-04T14:44:40+00:00,soccer_epl,288b4ff00c79daa712c911c564fe1be7,2026-10-10T14:00:00Z,Ipswich Town,Fulham,H,pinnacle,2.72,0.35589,2.86,matchbook,21,2.67,2.62
2026-10-04T14:44:40+00:00,soccer_epl,288b4ff00c79daa712c911c564fe1be7,2026-10-10T14:00:00Z,Ipswich Town,Fulham,Draw,pinnacle,3.66,0.26449,3.64,coolbet,21,3.43,3.3
2026-10-04T14:44:40+00:00,soccer_epl,22c9b2c43cbe1334381269550dab78e6,2026-10-10T16:30:00Z,Manchester United,Tottenham Hotspur,H,pinnacle,1.72,0.55811,1.76,onexbet,21,1.66,1.7
2026-10-04T14:44:40+00:00,soccer_epl,22c9b2c43cbe1334381269550dab78e6,2026-10-10T16:30:00Z,Manchester United,Tottenham Hotspur,A,pinnacle,4.38,0.21917,4.8,matchbook,21,4.2,4.33
2026-10-04T14:44:40+00:00,soccer_epl,22c9b2c43cbe1334381269550dab78e6,2026-10-10T16:30:00Z,Manchester United,Tottenham Hotspur,Draw,pinnacle,4.31,0.22273,4.4,matchbook,21,4.0,3.9
2026-10-04T14:44:40+00:00,soccer_epl,86effab5c6e7bfd58c8e88b1fb7c6ba9,2026-10-11T13:00:00Z,Crystal Palace,Nottingham Forest,H,pinnacle,2.66,0.36198,2.76,matchbook,20,2.5,2.62
2026-10-04T14:44:40+00:00,soccer_epl,86effab5c6e7bfd58c8e88b1fb7c6ba9,2026-10-11T13:00:00Z,Crystal Palace,Nottingham Forest,A,pinnacle,2.72,0.35399,2.82,matchbook,20,2.65,2.62
2026-10-04T14:44:40+00:00,soccer_epl,86effab5c6e7bfd58c8e88b1fb7c6ba9,2026-10-11T13:00:00Z,Crystal Palace,Nottingham Forest,Draw,pinnacle,3.39,0.28403,3.47,onexbet,20,3.2,3.1
2026-10-04T14:44:40+00:00,soccer_epl,0bdae4d304810578e47386606bff7106,2026-10-11T13:00:00Z,Hull City,Everton,A,pinnacle,2.06,0.46652,2.14,matchbook,20,2.0,2.05
2026-10-04T14:44:40+00:00,soccer_epl,0bdae4d304810578e47386606bff7106,2026-10-11T13:00:00Z,Hull City,Everton,H,pinnacle,3.77,0.25492,3.9,matchbook,20,3.48,3.6
2026-10-04T14:44:40+00:00,soccer_epl,0bdae4d304810578e47386606bff7106,2026-10-11T13:00:00Z,Hull City,Everton,Draw,pinnacle,3.45,0.27856,3.54,onexbet,20,3.3,3.3
2026-10-04T14:44:40+00:00,soccer_epl,6dbab232dd8d2aed0cb1d6f7978fb7b1,2026-10-11T15:30:00Z,Liverpool,Manchester City,H,pinnacle,2.62,0.36736,2.64,onexbet,19,2.55,2.5
2026-10-04T14:44:40+00:00,soccer_epl,6dbab232dd8d2aed0cb1d6f7978fb7b1,2026-10-11T15:30:00Z,Liverpool,Manchester City,A,pinnacle,2.56,0.37597,2.67,onexbet,19,2.4,2.5
2026-10-04T14:44:40+00:00,soccer_epl,6dbab232dd8d2aed0cb1d6f7978fb7b1,2026-10-11T15:30:00Z,Liverpool,Manchester City,Draw,pinnacle,3.75,0.25666,3.86,betonlineag,19,3.58,3.5
2026-10-04T14:44:40+00:00,soccer_epl,acd5bd945dd953ad1e300df5bfe696f9,2026-10-12T19:00:00Z,Coventry City,Newcastle United,H,pinnacle,3.3,0.29177,3.45,onexbet,19,3.1,3.2
2026-10-04T14:44:40+00:00,soccer_epl,acd5bd945dd953ad1e300df5bfe696f9,2026-10-12T19:00:00Z,Coventry City,Newcastle United,A,pinnacle,2.17,0.44371,2.19,betonlineag,19,2.05,2.1
2026-10-04T14:44:40+00:00,soccer_epl,acd5bd945dd953ad1e300df5bfe696f9,2026-10-12T19:00:00Z,Coventry City,Newcastle United,Draw,pinnacle,3.64,0.26452,3.75,unibet_se,19,3.47,3.4
2026-10-04T14:44:40+00:00,soccer_epl,764e6513cb3f348881503df70ccb90e0,2026-10-17T11:30:00Z,Everton,Chelsea,A,pinnacle,2.38,0.40004,2.45,onexbet,15,2.2,2.3
2026-10-04T14:44:40+00:00,soccer_epl,764e6513cb3f348881503df70ccb90e0,2026-10-17T11:30:00Z,Everton,Chelsea,H,pinnacle,2.73,0.34875,2.95,unibet_se,15,2.77,2.7
2026-10-04T14:44:40+00:00,soccer_epl,764e6513cb3f348881503df70ccb90e0,2026-10-17T11:30:00Z,Everton,Chelsea,Draw,pinnacle,3.79,0.25121,3.86,onexbet,15,3.53,3.5
2026-10-04T14:44:40+00:00,soccer_epl,8f1945e7272bc7e89016439f5ab321c7,2026-10-17T14:00:00Z,Brentford,Liverpool,H,pinnacle,2.77,0.34346,2.88,onexbet,15,2.7,2.75
2026-10-04T14:44:40+00:00,soccer_epl,8f1945e7272bc7e89016439f5ab321c7,2026-10-17T14:00:00Z,Brentford,Liverpool,A,pinnacle,2.43,0.39152,2.5,onexbet,15,2.23,2.3
2026-10-04T14:44:40+00:00,soccer_epl,8f1945e7272bc7e89016439f5ab321c7,2026-10-17T14:00:00Z,Brentford,Liverpool,Draw,pinnacle,3.59,0.26501,3.85,unibet_se,15,3.58,3.5
2026-10-04T14:44:40+00:00,soccer_epl,7895f97f2f9577f3b13287a3d086859d,2026-10-17T14:00:00Z,Fulham,Hull City,H,pinnacle,1.67,0.56759,1.73,unibet_se,15,1.62,1.65
2026-10-04T14:44:40+00:00,soccer_epl,7895f97f2f9577f3b13287a3d086859d,2026-10-17T14:00:00Z,Fulham,Hull City,A,pinnacle,4.85,0.19544,5.18,onexbet,15,4.5,4.8
2026-10-04T14:44:40+00:00,soccer_epl,7895f97f2f9577f3b13287a3d086859d,2026-10-17T14:00:00Z,Fulham,Hull City,Draw,pinnacle,4.0,0.23697,4.11,onexbet,15,3.83,3.9
2026-10-04T14:44:40+00:00,soccer_epl,bf2142d1ca76ba2fc9e61afce80f86c0,2026-10-17T14:00:00Z,Manchester City,Ipswich Town,A,pinnacle,10.39,0.09036,12.51,betsson,15,10.25,10.0
2026-10-04T14:44:40+00:00,soccer_epl,bf2142d1ca76ba2fc9e61afce80f86c0,2026-10-17T14:00:00Z,Manchester City,Ipswich Town,H,pinnacle,1.21,0.7759,1.26,onexbet,15,1.17,1.22
2026-10-04T14:44:40+00:00,soccer_epl,bf2142d1ca76ba2fc9e61afce80f86c0,2026-10-17T14:00:00Z,Manchester City,Ipswich Town,Draw,pinnacle,7.02,0.13374,7.5,tipico_de,15,6.75,6.0
2026-10-04T14:44:40+00:00,soccer_epl,d1bbbdcd3d430e70091b518369b559cf,2026-10-17T16:30:00Z,Newcastle United,Aston Villa,A,pinnacle,3.22,0.29535,3.35,onexbet,15,3.17,3.1
2026-10-04T14:44:40+00:00,soccer_epl,d1bbbdcd3d430e70091b518369b559cf,2026-10-17T16:30:00Z,Newcastle United,Aston Villa,H,pinnacle,2.09,0.45504,2.17,onexbet,15,1.98,2.05
2026-10-04T14:44:40+00:00,soccer_epl,d1bbbdcd3d430e70091b518369b559cf,2026-10-17T16:30:00Z,Newcastle United,Aston Villa,Draw,pinnacle,3.81,0.24961,3.95,unibet_se,15,3.58,3.6
2026-10-04T14:44:40+00:00,soccer_epl,dfd5d6648be46426e418801584d46a68,2026-10-18T13:00:00Z,Bournemouth,Sunderland,H,pinnacle,2.01,0.47345,2.04,onexbet,15,1.94,1.95
2026-10-04T14:44:40+00:00,soccer_epl,dfd5d6648be46426e418801584d46a68,2026-10-18T13:00:00Z,Bournemouth,Sunderland,A,pinnacle,3.65,0.26072,3.85,onexbet,15,3.42,3.6
2026-10-04T14:44:40+00:00,soccer_epl,dfd5d6648be46426e418801584d46a68,2026-10-18T13:00:00Z,Bournemouth,Sunderland,Draw,pinnacle,3.58,0.26582,3.75,onexbet,15,3.43,3.4
2026-10-04T14:44:40+00:00,soccer_epl,9fc08b390a49c4434f7cf631a0bb88fb,2026-10-18T13:00:00Z,Brighton and Hove Albion,Crystal Palace,H,pinnacle,1.59,0.59665,1.63,onexbet,15,1.53,1.57
2026-10-04T14:44:40+00:00,soccer_epl,9fc08b390a49c4434f7cf631a0bb88fb,2026-10-18T13:00:00Z,Brighton and Hove Albion,Crystal Palace,A,pinnacle,5.04,0.18823,5.6,nordicbet,15,4.9,5.0
2026-10-04T14:44:40+00:00,soccer_epl,9fc08b390a49c4434f7cf631a0bb88fb,2026-10-18T13:00:00Z,Brighton and Hove Albion,Crystal Palace,Draw,pinnacle,4.41,0.21512,4.57,onexbet,15,4.15,4.2
2026-10-04T14:44:40+00:00,soccer_epl,676b3b0b609e9cf565da450786618d26,2026-10-18T13:00:00Z,Leeds United,Manchester United,H,pinnacle,2.82,0.33736,2.94,onexbet,15,2.77,2.75
2026-10-04T14:44:40+00:00,soccer_epl,676b3b0b609e9cf565da450786618d26,2026-10-18T13:00:00Z,Leeds United,Manchester United,A,pinnacle,2.35,0.40483,2.44,onexbet,15,2.2,2.38
2026-10-04T14:44:40+00:00,soccer_epl,676b3b0b609e9cf565da450786618d26,2026-10-18T13:00:00Z,Leeds United,Manchester United,Draw,pinnacle,3.69,0.25782,3.77,onexbet,15,3.5,3.4
2026-10-04T14:44:40+00:00,soccer_epl,f696a248965373d9071dc0662e5c58a8,2026-10-18T15:30:00Z,Nottingham Forest,Arsenal,A,pinnacle,1.61,0.58865,1.66,onexbet,15,1.55,1.61
2026-10-04T14:44:40+00:00,soccer_epl,f696a248965373d9071dc0662e5c58a8,2026-10-18T15:30:00Z,Nottingham Forest,Arsenal,H,pinnacle,6.0,0.15795,6.11,onexbet,15,5.25,5.5
2026-10-04T14:44:40+00:00,soccer_epl,f696a248965373d9071dc0662e5c58a8,2026-10-18T15:30:00Z,Nottingham Forest,Arsenal,Draw,pinnacle,3.74,0.2534,4.1,unibet_se,15,3.8,3.7
2026-10-04T14:44:40+00:00,soccer_epl,9baaf4e48b041cfef04e70e42532502e,2026-10-19T19:00:00Z,Tottenham Hotspur,Coventry City,A,pinnacle,5.84,0.16189,6.47,onexbet,15,5.4,5.75
2026-10-04T14:44:40+00:00,soccer_epl,9baaf4e48b041cfef04e70e42532502e,2026-10-19T19:00:00Z,Tottenham Hotspur,Coventry City,H,pinnacle,1.5,0.63031,1.54,onexbet,15,1.42,1.5
2026-10-04T14:44:40+00:00,soccer_epl,9baaf4e48b041cfef04e70e42532502e,2026-10-19T19:00:00Z,Tottenham Hotspur,Coventry City,Draw,pinnacle,4.55,0.20779,4.8,tipico_de,15,4.3,4.2
2026-10-04T14:44:40+00:00,soccer_spain_la_liga,4e4c6763037ffc0e1dfe92ed16287b6d,2026-10-09T19:00:00Z,Málaga,Espanyol,A,pinnacle,2.76,0.3511,2.83,onexbet,17,2.63,
2026-10-04T14:44:40+00:00,soccer_spain_la_liga,4e4c6763037ffc0e1dfe92ed16287b6d,2026-10-09T19:00:00Z,Málaga,Espanyol,H,pinnacle,2.8,0.34608,2.88,matchbook,17,2.53,
2026-10-04T14:44:40+00:00,soccer_spain_la_liga,4e4c6763037ffc0e1dfe92ed16287b6d,2026-10-09T19:00:00Z,Málaga,Espanyol,Draw,pinnacle,3.2,0.30282,3.4,coolbet,17,2.98,
2026-10-04T14:44:40+00:00,soccer_spain_la_liga,349c47668fdd909039a9408c14cad8bc,2026-10-10T12:00:00Z,Rayo Vallecano,Athletic Bilbao,A,pinnacle,2.39,0.40533,2.44,matchbook,17,2.23,
2026-10-04T14:44:40+00:00,soccer_spain_la_liga,349c47668fdd909039a9408c14cad8bc,2026-10-10T12:00:00Z,Rayo Vallecano,Athletic Bilbao,H,pinnacle,3.04,0.31867,3.15,matchbook,17,2.92,
2026-10-04T14:44:40+00:00,soccer_spain_la_liga,349c47668fdd909039a9408c14cad8bc,2026-10-10T12:00:00Z,Rayo Vallecano,Athletic Bilbao,Draw,pinnacle,3.51,0.276,3.54,onexbet,17,3.35,
2026-10-04T14:44:40+00:00,soccer_spain_la_liga,3869391e3dbdcaa74153b11df56a3fe5,2026-10-10T14:15:00Z,Alavés,Atlético Madrid,H,pinnacle,4.3,0.22487,4.4,matchbook,16,4.05,
2026-10-04T14:44:40+00:00,soccer_spain_la_liga,3869391e3dbdcaa74153b11df56a3fe5,2026-10-10T14:15:00Z,Alavés,Atlético Madrid,A,pinnacle,1.85,0.52267,1.91,onexbet,16,1.77,
2026-10-04T14:44:40+00:00,soccer_spain_la_liga,3869391e3dbdcaa74153b11df56a3fe5,2026-10-10T14:15:00Z,Alavés,Atlético Madrid,Draw,pinnacle,3.83,0.25246,3.84,onexbet,16,3.6,
2026-10-04T14:44:40+00:00,soccer_spain_la_liga,edb80d633a1906e5865ab70cc9b540ea,2026-10-10T16:30:00Z,Barcelona,Getafe,H,pinnacle,1.06,0.91006,1.07,onexbet,16,1.05,
2026-10-04T14:44:40+00:00,soccer_spain_la_liga,edb80d633a1906e5865ab70cc9b540ea,2026-10-10T16:30:00Z,Barcelona,Getafe,A,pinnacle,24.8,0.0389,45.0,onexbet,16,24.0,
2026-10-04T14:44:40+00:00,soccer_spain_la_liga,edb80d633a1906e5865ab70cc9b540ea,2026-10-10T16:30:00Z,Barcelona,Getafe,Draw,pinnacle,18.9,0.05104,18.0,winamax_de,16,10.75,
2026-10-04T14:44:40+00:00,soccer_spain_la_liga,551f242223b1625f458d1a2ea212a0c3,2026-10-10T19:00:00Z,Real Madrid,Villarreal,H,pinnacle,1.35,0.70837,1.37,onexbet,17,1.31,
2026-10-04T14:44:40+00:00,soccer_spain_la_liga,551f242223b1625f458d1a2ea212a0c3,2026-10-10T19:00:00Z,Real Madrid,Villarreal,A,pinnacle,7.32,0.13064,8.5,unibet_se,17,6.6,
2026-10-04T14:44:40+00:00,soccer_spain_la_liga,551f242223b1625f458d1a2ea212a0c3,2026-10-10T19:00:00Z,Real Madrid,Villarreal,Draw,pinnacle,5.94,0.16099,6.25,unibet_se,17,5.6,
2026-10-04T14:44:40+00:00,soccer_spain_la_liga,7daf7edaf572eba3ac86196c663d67d3,2026-10-11T12:00:00Z,Elche CF,Celta Vigo,A,pinnacle,2.69,0.35813,2.68,onexbet,17,2.47,
2026-10-04T14:44:40+00:00,soccer_spain_la_liga,7daf7edaf572eba3ac86196c663d67d3,2026-10-11T12:00:00Z,Elche CF,Celta Vigo,H,pinnacle,2.76,0.34905,2.95,unibet_se,17,2.7,
2026-10-04T14:44:40+00:00,soccer_spain_la_liga,7daf7edaf572eba3ac86196c663d67d3,2026-10-11T12:00:00Z,Elche CF,Celta Vigo,Draw,pinnacle,3.29,0.29282,3.33,onexbet,17,3.18,
2026-10-04T14:44:40+00:00,soccer_spain_la_liga,2997b68cc93f62d8a1dee9f06bedbefd,2026-10-11T14:15:00Z,Real Sociedad,Deportivo La Coruña,A,pinnacle,4.85,0.19762,5.0,coolbet,16,,
2026-10-04T14:44:40+00:00,soccer_spain_la_liga,2997b68cc93f62d8a1dee9f06bedbefd,2026-10-11T14:15:00Z,Real Sociedad,Deportivo La Coruña,H,pinnacle,1.72,0.55725,1.8,onexbet,16,,
2026-10-04T14:44:40+00:00,soccer_spain_la_liga,2997b68cc93f62d8a1dee9f06bedbefd,2026-10-11T14:15:00Z,Real Sociedad,Deportivo La Coruña,Draw,pinnacle,3.91,0.24513,4.0,tipico_de,16,,
2026-10-04T14:44:40+00:00,soccer_spain_la_liga,984691837d31fd0c59c088f377f55f75,2026-10-11T16:30:00Z,Real Betis,CA Osasuna,A,pinnacle,5.03,0.19044,5.2,unibet_se,16,4.65,
2026-10-04T14:44:40+00:00,soccer_spain_la_liga,984691837d31fd0c59c088f377f55f75,2026-10-11T16:30:00Z,Real Betis,CA Osasuna,H,pinnacle,1.66,0.57706,1.73,onexbet,16,1.62,
2026-10-04T14:44:40+00:00,soccer_spain_la_liga,984691837d31fd0c59c088f377f55f75,2026-10-11T16:30:00Z,Real Betis,CA Osasuna,Draw,pinnacle,4.12,0.2325,4.21,onexbet,16,3.85,
2026-10-04T14:44:40+00:00,soccer_spain_la_liga,66a4f4201806b928c9007116727fdd61,2026-10-11T19:00:00Z,Real Racing Club de Santander,Valencia,H,pinnacle,2.18,0.44115,2.31,onexbet,16,2.07,
2026-10-04T14:44:40+00:00,soccer_spain_la_liga,66a4f4201806b928c9007116727fdd61,2026-10-11T19:00:00Z,Real Racing Club de Santander,Valencia,A,pinnacle,3.34,0.28794,3.3,tipico_de,16,3.12,
2026-10-04T14:44:40+00:00,soccer_spain_la_liga,66a4f4201806b928c9007116727fdd61,2026-10-11T19:00:00Z,Real Racing Club de Santander,Valencia,Draw,pinnacle,3.55,0.27091,3.8,winamax_de,16,3.48,
2026-10-04T14:44:40+00:00,soccer_spain_la_liga,529fc26c7774d5b469932e275c668921,2026-10-12T19:00:00Z,Levante,Sevilla,H,pinnacle,2.7,0.3567,2.74,onexbet,16,2.52,
2026-10-04T14:44:40+00:00,soccer_spain_la_liga,529fc26c7774d5b469932e275c668921,2026-10-12T19:00:00Z,Levante,Sevilla,A,pinnacle,2.72,0.35408,2.79,onexbet,16,2.58,
2026-10-04T14:44:40+00:00,soccer_spain_la_liga,529fc26c7774d5b469932e275c668921,2026-10-12T19:00:00Z,Levante,Sevilla,Draw,pinnacle,3.33,0.28922,3.41,onexbet,16,3.17,
2026-10-04T14:44:40+00:00,soccer_spain_la_liga,19ee731602634e5c9e3106630e087464,2026-10-16T19:00:00Z,Deportivo La Coruña,Levante,H,pinnacle,2.08,0.45761,2.17,onexbet,12,,
2026-10-04T14:44:40+00:00,soccer_spain_la_liga,19ee731602634e5c9e3106630e087464,2026-10-16T19:00:00Z,Deportivo La Coruña,Levante,A,pinnacle,3.54,0.26888,3.6,unibet_se,12,,
2026-10-04T14:44:40+00:00,soccer_spain_la_liga,19ee731602634e5c9e3106630e087464,2026-10-16T19:00:00Z,Deportivo La Coruña,Levante,Draw,pinnacle,3.48,0.27351,3.62,onexbet,12,,
2026-10-04T14:44:40+00:00,soccer_spain_la_liga,6436925dd15916d7041ba32b60000d48,2026-10-17T12:00:00Z,Espanyol,Atlético Madrid,A,pinnacle,1.85,0.51365,1.91,onexbet,12,1.76,
2026-10-04T14:44:40+00:00,soccer_spain_la_liga,6436925dd15916d7041ba32b60000d48,2026-10-17T12:00:00Z,Espanyol,Atlético Madrid,H,pinnacle,4.14,0.22953,4.32,onexbet,12,3.93,
2026-10-04T14:44:40+00:00,soccer_spain_la_liga,6436925dd15916d7041ba32b60000d48,2026-10-17T12:00:00Z,Espanyol,Atlético Madrid,Draw,pinnacle,3.7,0.25682,3.84,onexbet,12,3.6,
2026-10-04T14:44:40+00:00,soccer_spain_la_liga,aef660734585649651415961a9d177c6,2026-10-17T14:15:00Z,Villarreal,Elche CF,A,pinnacle,6.04,0.15656,6.73,onexbet,13,5.5,
2026-10-04T14:44:40+00:00,soccer_spain_la_liga,aef660734585649651415961a9d177c6,2026-10-17T14:15:00Z,Villarreal,Elche CF,H,pinnacle,1.46,0.64767,1.51,onexbet,13,1.43,
2026-10-04T14:44:40+00:00,soccer_spain_la_liga,aef660734585649651415961a9d177c6,2026-10-17T14:15:00Z,Villarreal,Elche CF,Draw,pinnacle,4.83,0.19578,5.2,tipico_de,13,4.6,
2026-10-04T14:44:40+00:00,soccer_spain_la_liga,846e496fc232b2fc20214754836727d0,2026-10-17T16:30:00Z,Real Betis,Barcelona,A,betfair_ex_eu,1.49,0.66435,1.53,onexbet,13,1.42,
2026-10-04T14:44:40+00:00,soccer_spain_la_liga,846e496fc232b2fc20214754836727d0,2026-10-17T16:30:00Z,Real Betis,Barcelona,H,betfair_ex_eu,5.8,0.17067,5.8,onexbet,13,4.7,
2026-10-04T14:44:40+00:00,soccer_spain_la_liga,846e496fc232b2fc20214754836727d0,2026-10-17T16:30:00Z,Real Betis,Barcelona,Draw,betfair_ex_eu,6.0,0.16498,5.6,winamax_de,13,5.0,
2026-10-04T14:44:40+00:00,soccer_spain_la_liga,f00cd1ea41fa39149729d14ebc07aa6c,2026-10-17T19:00:00Z,Valencia,Athletic Bilbao,A,pinnacle,2.08,0.45746,2.18,onexbet,13,2.02,
2026-10-04T14:44:40+00:00,soccer_spain_la_liga,f00cd1ea41fa39149729d14ebc07aa6c,2026-10-17T19:00:00Z,Valencia,Athletic Bilbao,H,pinnacle,3.6,0.26431,3.62,onexbet,13,3.3,
2026-10-04T14:44:40+00:00,soccer_spain_la_liga,f00cd1ea41fa39149729d14ebc07aa6c,2026-10-17T19:00:00Z,Valencia,Athletic Bilbao,Draw,pinnacle,3.42,0.27822,3.58,onexbet,13,3.3,
2026-10-04T14:44:40+00:00,soccer_spain_la_liga,1f566f17c50fe5162724ec2863d2207b,2026-10-18T12:00:00Z,CA Osasuna,Real Racing Club de Santander,H,pinnacle,1.9,0.50024,1.95,onexbet,10,1.82,
2026-10-04T14:44:40+00:00,soccer_spain_la_liga,1f566f17c50fe5162724ec2863d2207b,2026-10-18T12:00:00Z,CA Osasuna,Real Racing Club de Santander,A,pinnacle,4.3,0.22104,4.32,onexbet,10,3.78,
2026-10-04T14:44:40+00:00,soccer_spain_la_liga,1f566f17c50fe5162724ec2863d2207b,2026-10-18T12:00:00Z,CA Osasuna,Real Racing Club de Santander,Draw,pinnacle,3.41,0.27873,3.68,onexbet,10,3.53,
2026-10-04T14:44:40+00:00,soccer_spain_la_liga,aabe899ecc4c19a1fafe5440151b62e4,2026-10-18T14:15:00Z,Celta Vigo,Alavés,A,pinnacle,3.87,0.24551,3.94,onexbet,13,3.63,
2026-10-04T14:44:40+00:00,soccer_spain_la_liga,aabe899ecc4c19a1fafe5440151b62e4,2026-10-18T14:15:00Z,Celta Vigo,Alavés,H,pinnacle,2.0,0.47505,2.08,onexbet,13,1.94,
2026-10-04T14:44:40+00:00,soccer_spain_la_liga,aabe899ecc4c19a1fafe5440151b62e4,2026-10-18T14:15:00Z,Celta Vigo,Alavés,Draw,pinnacle,3.4,0.27944,3.58,onexbet,13,3.23,
2026-10-04T14:44:40+00:00,soccer_spain_la_liga,1051298b4aca6f07113309bff598a5c1,2026-10-18T16:30:00Z,Málaga,Real Sociedad,H,pinnacle,3.23,0.29467,3.3,unibet_se,13,3.0,
2026-10-04T14:44:40+00:00,soccer_spain_la_liga,1051298b4aca6f07113309bff598a5c1,2026-10-18T16:30:00Z,Málaga,Real Sociedad,A,pinnacle,2.2,0.43262,2.29,onexbet,13,2.12,
2026-10-04T14:44:40+00:00,soccer_spain_la_liga,1051298b4aca6f07113309bff598a5c1,2026-10-18T16:30:00Z,Málaga,Real Sociedad,Draw,pinnacle,3.49,0.27271,3.63,onexbet,13,3.38,
2026-10-04T14:44:40+00:00,soccer_spain_la_liga,eccd63bf768e2f2a358b871d3f33a63d,2026-10-18T19:00:00Z,Real Madrid,Sevilla,H,betfair_ex_eu,1.26,0.77847,1.3,onexbet,13,1.22,
2026-10-04T14:44:40+00:00,soccer_spain_la_liga,eccd63bf768e2f2a358b871d3f33a63d,2026-10-18T19:00:00Z,Real Madrid,Sevilla,A,betfair_ex_eu,11.5,0.08529,11.5,nordicbet,13,9.0,
2026-10-04T14:44:40+00:00,soccer_spain_la_liga,eccd63bf768e2f2a358b871d3f33a63d,2026-10-18T19:00:00Z,Real Madrid,Sevilla,Draw,betfair_ex_eu,7.2,0.13623,7.2,tipico_de,13,6.0,
2026-10-04T14:44:40+00:00,soccer_spain_la_liga,4a88bc4de574d43ef34677fd8d78722f,2026-10-19T19:00:00Z,Getafe,Rayo Vallecano,H,pinnacle,2.71,0.33503,2.9,tipico_de,13,2.67,
2026-10-04T14:44:40+00:00,soccer_spain_la_liga,4a88bc4de574d43ef34677fd8d78722f,2026-10-19T19:00:00Z,Getafe,Rayo Vallecano,A,pinnacle,2.44,0.3721,2.82,onexbet,13,2.47,
2026-10-04T14:44:40+00:00,soccer_spain_la_liga,4a88bc4de574d43ef34677fd8d78722f,2026-10-19T19:00:00Z,Getafe,Rayo Vallecano,Draw,pinnacle,3.1,0.29288,3.21,onexbet,13,2.93,
2026-10-04T14:44:40+00:00,soccer_italy_serie_a,2f8e871a0f7f66ae22938028645e1066,2026-10-10T13:00:00Z,Genoa,Fiorentina,A,pinnacle,2.33,0.4159,2.4,unibet_se,19,2.12,2.25
2026-10-04T14:44:40+00:00,soccer_italy_serie_a,2f8e871a0f7f66ae22938028645e1066,2026-10-10T13:00:00Z,Genoa,Fiorentina,H,pinnacle,3.24,0.29909,3.35,matchbook,19,3.05,3.0
2026-10-04T14:44:40+00:00,soccer_italy_serie_a,2f8e871a0f7f66ae22938028645e1066,2026-10-10T13:00:00Z,Genoa,Fiorentina,Draw,pinnacle,3.4,0.28501,3.5,unibet_se,19,3.1,3.2
2026-10-04T14:44:40+00:00,soccer_italy_serie_a,1a01b0611dacd334e1558a5097e05023,2026-10-10T16:00:00Z,Inter Milan,Parma,H,pinnacle,1.15,0.83286,1.16,onexbet,18,1.12,1.14
2026-10-04T14:44:40+00:00,soccer_italy_serie_a,1a01b0611dacd334e1558a5097e05023,2026-10-10T16:00:00Z,Inter Milan,Parma,A,pinnacle,15.39,0.06223,21.0,unibet_se,18,14.5,15.0
2026-10-04T14:44:40+00:00,soccer_italy_serie_a,1a01b0611dacd334e1558a5097e05023,2026-10-10T16:00:00Z,Inter Milan,Parma,Draw,pinnacle,9.13,0.10491,10.0,tipico_de,18,7.75,8.0
2026-10-04T14:44:40+00:00,soccer_italy_serie_a,40c1bd70fee927f9bfa8901edab02b48,2026-10-10T18:45:00Z,Napoli,Frosinone,A,pinnacle,6.45,0.14817,7.5,unibet_se,19,6.0,6.0
2026-10-04T14:44:40+00:00,soccer_italy_serie_a,40c1bd70fee927f9bfa8901edab02b48,2026-10-10T18:45:00Z,Napoli,Frosinone,H,pinnacle,1.44,0.66369,1.49,onexbet,19,1.4,1.44
2026-10-04T14:44:40+00:00,soccer_italy_serie_a,40c1bd70fee927f9bfa8901edab02b48,2026-10-10T18:45:00Z,Napoli,Frosinone,Draw,pinnacle,5.08,0.18813,5.2,tipico_de,19,4.75,4.5
2026-10-04T14:44:40+00:00,soccer_italy_serie_a,2547c0dbddd26d23fa532228e36348cb,2026-10-11T10:30:00Z,Como,AS Roma,A,pinnacle,2.65,0.36348,2.7,unibet_se,18,2.55,2.5
2026-10-04T14:44:40+00:00,soccer_italy_serie_a,2547c0dbddd26d23fa532228e36348cb,2026-10-11T10:30:00Z,Como,AS Roma,H,pinnacle,2.58,0.37334,2.69,onexbet,18,2.45,2.5
2026-10-04T14:44:40+00:00,soccer_italy_serie_a,2547c0dbddd26d23fa532228e36348cb,2026-10-11T10:30:00Z,Como,AS Roma,Draw,pinnacle,3.66,0.26318,3.71,onexbet,18,3.45,3.4
2026-10-04T14:44:40+00:00,soccer_italy_serie_a,946716d7e5e52822f08be8cb95193d9d,2026-10-11T13:00:00Z,Lecce,Bologna,A,pinnacle,1.91,0.50238,2.02,unibet_se,18,1.84,1.85
2026-10-04T14:44:40+00:00,soccer_italy_serie_a,946716d7e5e52822f08be8cb95193d9d,2026-10-11T13:00:00Z,Lecce,Bologna,H,pinnacle,4.6,0.2086,4.5,tipico_de,18,4.0,4.0
2026-10-04T14:44:40+00:00,soccer_italy_serie_a,946716d7e5e52822f08be8cb95193d9d,2026-10-11T13:00:00Z,Lecce,Bologna,Draw,pinnacle,3.32,0.28902,3.5,unibet_se,18,3.37,3.2
2026-10-04T14:44:40+00:00,soccer_italy_serie_a,c0f72699f32ec193b64fd54092fe268d,2026-10-11T13:00:00Z,Lazio,Monza,H,pinnacle,1.54,0.62096,1.63,onexbet,18,1.49,1.53
2026-10-04T14:44:40+00:00,soccer_italy_serie_a,c0f72699f32ec193b64fd54092fe268d,2026-10-11T13:00:00Z,Lazio,Monza,A,pinnacle,6.23,0.1535,6.5,tipico_de,18,5.9,5.5
2026-10-04T14:44:40+00:00,soccer_italy_serie_a,c0f72699f32ec193b64fd54092fe268d,2026-10-11T13:00:00Z,Lazio,Monza,Draw,pinnacle,4.24,0.22554,4.2,winamax_de,18,4.0,3.8
2026-10-04T14:44:40+00:00,soccer_italy_serie_a,1cf64166dda1e0da8b325161deb39662,2026-10-11T16:00:00Z,Sassuolo,AC Milan,A,pinnacle,1.78,0.53911,1.87,onexbet,17,1.74,1.8
2026-10-04T14:44:40+00:00,soccer_italy_serie_a,1cf64166dda1e0da8b325161deb39662,2026-10-11T16:00:00Z,Sassuolo,AC Milan,H,pinnacle,4.48,0.2142,4.5,betsson,17,4.1,4.0
2026-10-04T14:44:40+00:00,soccer_italy_serie_a,1cf64166dda1e0da8b325161deb39662,2026-10-11T16:00:00Z,Sassuolo,AC Milan,Draw,pinnacle,3.89,0.24669,3.91,onexbet,17,3.65,3.6
2026-10-04T14:44:40+00:00,soccer_italy_serie_a,407f7d03157d1dfad384876e6a6bc910,2026-10-11T18:45:00Z,Cagliari,Juventus,H,pinnacle,6.41,0.14928,6.54,onexbet,17,5.9,6.0
2026-10-04T14:44:40+00:00,soccer_italy_serie_a,407f7d03157d1dfad384876e6a6bc910,2026-10-11T18:45:00Z,Cagliari,Juventus,A,pinnacle,1.55,0.61734,1.62,onexbet,17,1.51,1.53
2026-10-04T14:44:40+00:00,soccer_italy_serie_a,407f7d03157d1dfad384876e6a6bc910,2026-10-11T18:45:00Z,Cagliari,Juventus,Draw,pinnacle,4.1,0.23338,4.09,onexbet,17,3.88,3.8
2026-10-04T14:44:40+00:00,soccer_italy_serie_a,0f2e7ff90b994f31d5cd48a9680943e1,2026-10-12T16:30:00Z,Atalanta BC,Venezia,H,pinnacle,1.57,0.60888,1.66,onexbet,17,1.51,1.53
2026-10-04T14:44:40+00:00,soccer_italy_serie_a,0f2e7ff90b994f31d5cd48a9680943e1,2026-10-12T16:30:00Z,Atalanta BC,Venezia,A,pinnacle,6.03,0.15853,5.95,coolbet,17,5.1,5.0
2026-10-04T14:44:40+00:00,soccer_italy_serie_a,0f2e7ff90b994f31d5cd48a9680943e1,2026-10-12T16:30:00Z,Atalanta BC,Venezia,Draw,pinnacle,4.11,0.23259,4.35,unibet_se,17,4.15,4.2
2026-10-04T14:44:40+00:00,soccer_italy_serie_a,f4a28510bb0c835280a2aca709c19d50,2026-10-12T18:45:00Z,Torino,Udinese,H,pinnacle,2.37,0.40603,2.42,onexbet,17,2.2,2.3
2026-10-04T14:44:40+00:00,soccer_italy_serie_a,f4a28510bb0c835280a2aca709c19d50,2026-10-12T18:45:00Z,Torino,Udinese,A,pinnacle,3.12,0.30843,3.2,tipico_de,17,2.98,2.9
2026-10-04T14:44:40+00:00,soccer_italy_serie_a,f4a28510bb0c835280a2aca709c19d50,2026-10-12T18:45:00Z,Torino,Udinese,Draw,pinnacle,3.37,0.28555,3.46,onexbet,17,3.22,3.2
2026-10-04T14:44:40+00:00,soccer_italy_serie_a,7d3160040958fe21778fd5ee485666c3,2026-10-16T18:45:00Z,Frosinone,Sassuolo,H,pinnacle,2.42,0.3937,2.53,onexbet,14,2.3,2.4
2026-10-04T14:44:40+00:00,soccer_italy_serie_a,7d3160040958fe21778fd5ee485666c3,2026-10-16T18:45:00Z,Frosinone,Sassuolo,A,pinnacle,2.9,0.32853,2.96,onexbet,14,2.67,2.75
2026-10-04T14:44:40+00:00,soccer_italy_serie_a,7d3160040958fe21778fd5ee485666c3,2026-10-16T18:45:00Z,Frosinone,Sassuolo,Draw,pinnacle,3.43,0.27777,3.6,unibet_se,14,3.45,3.3
2026-10-04T14:44:40+00:00,soccer_italy_serie_a,907639dade64cca45d1ab639195d201e,2026-10-17T13:00:00Z,Venezia,Napoli,A,pinnacle,1.7,0.55787,1.8,unibet_se,14,1.66,1.7
2026-10-04T14:44:40+00:00,soccer_italy_serie_a,907639dade64cca45d1ab639195d201e,2026-10-17T13:00:00Z,Venezia,Napoli,H,pinnacle,4.44,0.2136,4.74,onexbet,14,4.3,4.33
2026-10-04T14:44:40+00:00,soccer_italy_serie_a,907639dade64cca45d1ab639195d201e,2026-10-17T13:00:00Z,Venezia,Napoli,Draw,pinnacle,4.15,0.22853,4.22,onexbet,14,3.8,3.8
2026-10-04T14:44:40+00:00,soccer_italy_serie_a,bfefc309177723410230fee52f650315,2026-10-17T16:00:00Z,Bologna,Inter Milan,H,pinnacle,5.45,0.17367,5.55,onexbet,14,4.7,4.8
2026-10-04T14:44:40+00:00,soccer_italy_serie_a,bfefc309177723410230fee52f650315,2026-10-17T16:00:00Z,Bologna,Inter Milan,A,pinnacle,1.62,0.58426,1.69,onexbet,14,1.58,1.65
2026-10-04T14:44:40+00:00,soccer_italy_serie_a,bfefc309177723410230fee52f650315,2026-10-17T16:00:00Z,Bologna,Inter Milan,Draw,pinnacle,3.91,0.24207,4.12,onexbet,14,3.9,3.75
2026-10-04T14:44:40+00:00,soccer_italy_serie_a,18d478f469da3bcc654dd4555b85c7e3,2026-10-17T18:45:00Z,AS Roma,Genoa,H,pinnacle,1.3,0.72672,1.33,betsson,14,1.25,1.29
2026-10-04T14:44:40+00:00,soccer_italy_serie_a,18d478f469da3bcc654dd4555b85c7e3,2026-10-17T18:45:00Z,AS Roma,Genoa,A,pinnacle,9.06,0.10428,11.2,onexbet,14,8.75,9.5
2026-10-04T14:44:40+00:00,soccer_italy_serie_a,18d478f469da3bcc654dd4555b85c7e3,2026-10-17T18:45:00Z,AS Roma,Genoa,Draw,pinnacle,5.59,0.169,6.0,tipico_de,14,5.25,5.0
2026-10-04T14:44:40+00:00,soccer_italy_serie_a,367da93aa21a1e13eeafb94fd2263c75,2026-10-18T10:30:00Z,Udinese,Lecce,A,pinnacle,4.2,0.22603,4.35,unibet_se,14,4.05,3.9
2026-10-04T14:44:40+00:00,soccer_italy_serie_a,367da93aa21a1e13eeafb94fd2263c75,2026-10-18T10:30:00Z,Udinese,Lecce,H,pinnacle,1.85,0.51316,1.95,onexbet,14,1.79,1.85
2026-10-04T14:44:40+00:00,soccer_italy_serie_a,367da93aa21a1e13eeafb94fd2263c75,2026-10-18T10:30:00Z,Udinese,Lecce,Draw,pinnacle,3.64,0.26081,3.71,onexbet,14,3.43,3.4
2026-10-04T14:44:40+00:00,soccer_italy_serie_a,3ea32a0aa44a5f0ef7fd088155430087,2026-10-18T13:00:00Z,Fiorentina,Como,A,pinnacle,2.07,0.45966,2.13,onexbet,14,2.0,2.05
2026-10-04T14:44:40+00:00,soccer_italy_serie_a,3ea32a0aa44a5f0ef7fd088155430087,2026-10-18T13:00:00Z,Fiorentina,Como,H,pinnacle,3.36,0.28318,3.65,unibet_se,14,3.2,3.3
2026-10-04T14:44:40+00:00,soccer_italy_serie_a,3ea32a0aa44a5f0ef7fd088155430087,2026-10-18T13:00:00Z,Fiorentina,Como,Draw,pinnacle,3.7,0.25716,3.81,onexbet,14,3.48,3.5
2026-10-04T14:44:40+00:00,soccer_italy_serie_a,f9403dd597edbfaa73abdc974e55344c,2026-10-18T16:00:00Z,AC Milan,Atalanta BC,H,pinnacle,1.85,0.51241,1.95,onexbet,14,1.81,1.85
2026-10-04T14:44:40+00:00,soccer_italy_serie_a,f9403dd597edbfaa73abdc974e55344c,2026-10-18T16:00:00Z,AC Milan,Atalanta BC,A,pinnacle,4.16,0.22787,4.25,unibet_se,14,3.8,3.9
2026-10-04T14:44:40+00:00,soccer_italy_serie_a,f9403dd597edbfaa73abdc974e55344c,2026-10-18T16:00:00Z,AC Milan,Atalanta BC,Draw,pinnacle,3.65,0.25971,3.79,onexbet,14,3.5,3.4
2026-10-04T14:44:40+00:00,soccer_italy_serie_a,4c4026e2782f09d6f0ff2bde2a390513,2026-10-18T18:45:00Z,Juventus,Lazio,H,pinnacle,1.64,0.57774,1.7,unibet_se,14,1.6,1.61
2026-10-04T14:44:40+00:00,soccer_italy_serie_a,4c4026e2782f09d6f0ff2bde2a390513,2026-10-18T18:45:00Z,Juventus,Lazio,A,pinnacle,5.34,0.17743,5.66,onexbet,14,4.95,5.0
2026-10-04T14:44:40+00:00,soccer_italy_serie_a,4c4026e2782f09d6f0ff2bde2a390513,2026-10-18T18:45:00Z,Juventus,Lazio,Draw,pinnacle,3.87,0.24483,4.12,onexbet,14,3.68,3.8
2026-10-04T14:44:40+00:00,soccer_italy_serie_a,ce94aca384a20f6af459366da6e1dd21,2026-10-19T16:30:00Z,Monza,Cagliari,A,pinnacle,3.58,0.26592,3.9,onexbet,14,3.32,3.3
2026-10-04T14:44:40+00:00,soccer_italy_serie_a,ce94aca384a20f6af459366da6e1dd21,2026-10-19T16:30:00Z,Monza,Cagliari,H,pinnacle,2.19,0.4347,2.21,onexbet,14,2.0,2.15
2026-10-04T14:44:40+00:00,soccer_italy_serie_a,ce94aca384a20f6af459366da6e1dd21,2026-10-19T16:30:00Z,Monza,Cagliari,Draw,pinnacle,3.18,0.29937,3.3,winamax_de,14,3.12,3.2
2026-10-04T14:44:40+00:00,soccer_italy_serie_a,07014d9adc65ca39710bd9f0c7c0d3f0,2026-10-19T18:45:00Z,Parma,Torino,H,pinnacle,3.2,0.29774,3.25,onexbet,14,2.88,3.0
2026-10-04T14:44:40+00:00,soccer_italy_serie_a,07014d9adc65ca39710bd9f0c7c0d3f0,2026-10-19T18:45:00Z,Parma,Torino,A,pinnacle,2.47,0.38573,2.52,onexbet,14,2.28,2.4
2026-10-04T14:44:40+00:00,soccer_italy_serie_a,07014d9adc65ca39710bd9f0c7c0d3f0,2026-10-19T18:45:00Z,Parma,Torino,Draw,pinnacle,3.01,0.31653,3.25,unibet_se,14,2.97,3.0
2026-10-04T14:44:40+00:00,soccer_germany_bundesliga,3fb63658405d468954f57745cd115118,2026-10-09T18:30:00Z,Borussia Dortmund,Werder Bremen,H,pinnacle,1.41,0.68269,1.41,onexbet,20,1.33,1.36
2026-10-04T14:44:40+00:00,soccer_germany_bundesliga,3fb63658405d468954f57745cd115118,2026-10-09T18:30:00Z,Borussia Dortmund,Werder Bremen,A,pinnacle,6.89,0.13971,8.0,unibet_se,20,6.6,6.5
2026-10-04T14:44:40+00:00,soccer_germany_bundesliga,3fb63658405d468954f57745cd115118,2026-10-09T18:30:00Z,Borussia Dortmund,Werder Bremen,Draw,pinnacle,5.42,0.1776,5.75,unibet_se,20,5.4,5.0
2026-10-04T14:44:40+00:00,soccer_germany_bundesliga,3b71160ad20dba786c4f92e33c987d80,2026-10-10T13:30:00Z,Augsburg,Bayern Munich,H,pinnacle,9.2,0.10442,12.5,nordicbet,20,9.75,9.5
2026-10-04T14:44:40+00:00,soccer_germany_bundesliga,3b71160ad20dba786c4f92e33c987d80,2026-10-10T13:30:00Z,Augsburg,Bayern Munich,A,pinnacle,1.22,0.7874,1.24,unibet_se,20,1.17,1.2
2026-10-04T14:44:40+00:00,soccer_germany_bundesliga,3b71160ad20dba786c4f92e33c987d80,2026-10-10T13:30:00Z,Augsburg,Bayern Munich,Draw,pinnacle,8.88,0.10818,9.0,matchbook,20,7.75,7.5
2026-10-04T14:44:40+00:00,soccer_germany_bundesliga,418f8c26d46eaabd829f2e265673b855,2026-10-10T13:30:00Z,FSV Mainz 05,Bayer Leverkusen,A,pinnacle,2.24,0.43232,2.31,onexbet,20,2.1,2.25
2026-10-04T14:44:40+00:00,soccer_germany_bundesliga,418f8c26d46eaabd829f2e265673b855,2026-10-10T13:30:00Z,FSV Mainz 05,Bayer Leverkusen,H,pinnacle,2.98,0.32497,3.01,onexbet,20,2.87,2.8
2026-10-04T14:44:40+00:00,soccer_germany_bundesliga,418f8c26d46eaabd829f2e265673b855,2026-10-10T13:30:00Z,FSV Mainz 05,Bayer Leverkusen,Draw,pinnacle,3.99,0.24271,4.0,unibet_se,20,3.78,3.6
2026-10-04T14:44:40+00:00,soccer_germany_bundesliga,2fd48be0a24ed906187067d4170bf010,2026-10-10T13:30:00Z,Union Berlin,Elversberg,A,pinnacle,2.85,0.33962,3.07,onexbet,20,2.85,2.88
2026-10-04T14:44:40+00:00,soccer_germany_bundesliga,2fd48be0a24ed906187067d4170bf010,2026-10-10T13:30:00Z,Union Berlin,Elversberg,H,pinnacle,2.31,0.41901,2.35,unibet_se,20,2.12,2.15
2026-10-04T14:44:40+00:00,soccer_germany_bundesliga,2fd48be0a24ed906187067d4170bf010,2026-10-10T13:30:00Z,Union Berlin,Elversberg,Draw,pinnacle,4.01,0.24137,4.0,coolbet,20,3.73,3.7
2026-10-04T14:44:40+00:00,soccer_germany_bundesliga,f03c08c0ae5fd66c2d2df2053115bb94,2026-10-10T13:30:00Z,TSG Hoffenheim,Hamburger SV,A,pinnacle,7.09,0.13568,7.0,unibet_se,20,6.1,6.0
2026-10-04T14:44:40+00:00,soccer_germany_bundesliga,f03c08c0ae5fd66c2d2df2053115bb94,2026-10-10T13:30:00Z,TSG Hoffenheim,Hamburger SV,H,pinnacle,1.44,0.66801,1.49,onexbet,20,1.38,1.4
2026-10-04T14:44:40+00:00,soccer_germany_bundesliga,f03c08c0ae5fd66c2d2df2053115bb94,2026-10-10T13:30:00Z,TSG Hoffenheim,Hamburger SV,Draw,pinnacle,4.9,0.19631,5.5,unibet_se,20,5.1,4.75
2026-10-04T14:44:40+00:00,soccer_germany_bundesliga,9aade3e736c3d113dab19e641c43e272,2026-10-10T13:30:00Z,SC Paderborn,VfB Stuttgart,H,pinnacle,4.86,0.19809,5.08,onexbet,20,4.75,4.6
2026-10-04T14:44:40+00:00,soccer_germany_bundesliga,9aade3e736c3d113dab19e641c43e272,2026-10-10T13:30:00Z,SC Paderborn,VfB Stuttgart,A,pinnacle,1.61,0.59795,1.64,unibet_se,20,1.52,1.57
2026-10-04T14:44:40+00:00,soccer_germany_bundesliga,9aade3e736c3d113dab19e641c43e272,2026-10-10T13:30:00Z,SC Paderborn,VfB Stuttgart,Draw,pinnacle,4.72,0.20396,4.83,onexbet,20,4.5,4.33
2026-10-04T14:44:40+00:00,soccer_germany_bundesliga,01cb7a67c8ae71201ec27297455fc0e8,2026-10-10T16:30:00Z,RB Leipzig,Eintracht Frankfurt,A,pinnacle,5.11,0.18719,5.5,coolbet,20,4.9,4.8
2026-10-04T14:44:40+00:00,soccer_germany_bundesliga,01cb7a67c8ae71201ec27297455fc0e8,2026-10-10T16:30:00Z,RB Leipzig,Eintracht Frankfurt,H,pinnacle,1.54,0.62112,1.58,onexbet,20,1.48,1.5
2026-10-04T14:44:40+00:00,soccer_germany_bundesliga,01cb7a67c8ae71201ec27297455fc0e8,2026-10-10T16:30:00Z,RB Leipzig,Eintracht Frankfurt,Draw,pinnacle,4.99,0.19169,5.13,onexbet,20,4.75,4.6
2026-10-04T14:44:40+00:00,soccer_germany_bundesliga,a8801462cb97a43570956e4b3ef4aedf,2026-10-11T13:30:00Z,1. FC Köln,Borussia Monchengladbach,H,pinnacle,2.03,0.47352,2.04,codere_it,19,1.92,1.91
2026-10-04T14:44:40+00:00,soccer_germany_bundesliga,a8801462cb97a43570956e4b3ef4aedf,2026-10-11T13:30:00Z,1. FC Köln,Borussia Monchengladbach,A,pinnacle,3.26,0.29486,3.57,onexbet,19,3.23,3.3
2026-10-04T14:44:40+00:00,soccer_germany_bundesliga,a8801462cb97a43570956e4b3ef4aedf,2026-10-11T13:30:00Z,1. FC Köln,Borussia Monchengladbach,Draw,pinnacle,4.15,0.23162,4.25,unibet_se,19,3.83,3.8
2026-10-04T14:44:40+00:00,soccer_germany_bundesliga,eaf509fb37413b7d055cd394667792b3,2026-10-11T15:30:00Z,SC Freiburg,FC Schalke 04,A,pinnacle,5.43,0.17683,5.44,onexbet,18,4.8,4.8
2026-10-04T14:44:40+00:00,soccer_germany_bundesliga,eaf509fb37413b7d055cd394667792b3,2026-10-11T15:30:00Z,SC Freiburg,FC Schalke 04,H,pinnacle,1.65,0.58192,1.71,onexbet,18,1.57,1.61
2026-10-04T14:44:40+00:00,soccer_germany_bundesliga,eaf509fb37413b7d055cd394667792b3,2026-10-11T15:30:00Z,SC Freiburg,FC Schalke 04,Draw,pinnacle,3.98,0.24125,4.4,coolbet,18,4.05,3.8
2026-10-04T14:44:40+00:00,soccer_germany_bundesliga,947bd5d924835af090d9cdc7bbdf10f6,2026-10-16T18:30:00Z,Eintracht Frankfurt,1. FC Köln,A,pinnacle,3.41,0.27875,3.52,onexbet,12,3.18,3.3
2026-10-04T14:44:40+00:00,soccer_germany_bundesliga,947bd5d924835af090d9cdc7bbdf10f6,2026-10-16T18:30:00Z,Eintracht Frankfurt,1. FC Köln,H,pinnacle,1.94,0.48997,2.0,onexbet,12,1.9,1.91
2026-10-04T14:44:40+00:00,soccer_germany_bundesliga,947bd5d924835af090d9cdc7bbdf10f6,2026-10-16T18:30:00Z,Eintracht Frankfurt,1. FC Köln,Draw,pinnacle,4.11,0.23128,4.3,tipico_de,12,3.88,3.9
2026-10-04T14:44:40+00:00,soccer_germany_bundesliga,0bf757f3bd903496ce2fa27bd0481869,2026-10-17T13:30:00Z,Elversberg,Augsburg,A,pinnacle,2.63,0.36216,2.71,onexbet,12,2.5,2.6
2026-10-04T14:44:40+00:00,soccer_germany_bundesliga,0bf757f3bd903496ce2fa27bd0481869,2026-10-17T13:30:00Z,Elversberg,Augsburg,H,pinnacle,2.46,0.38719,2.55,onexbet,12,2.33,2.4
2026-10-04T14:44:40+00:00,soccer_germany_bundesliga,0bf757f3bd903496ce2fa27bd0481869,2026-10-17T13:30:00Z,Elversberg,Augsburg,Draw,pinnacle,3.8,0.25065,3.92,onexbet,12,3.68,3.6
2026-10-04T14:44:40+00:00,soccer_germany_bundesliga,d8eac776adb07b0e7f01d8736d097291,2026-10-17T13:30:00Z,Union Berlin,Borussia Dortmund,A,pinnacle,1.68,0.56321,1.73,onexbet,12,1.62,1.67
2026-10-04T14:44:40+00:00,soccer_germany_bundesliga,d8eac776adb07b0e7f01d8736d097291,2026-10-17T13:30:00Z,Union Berlin,Borussia Dortmund,H,pinnacle,4.44,0.21311,4.72,onexbet,12,4.25,4.33
2026-10-04T14:44:40+00:00,soccer_germany_bundesliga,d8eac776adb07b0e7f01d8736d097291,2026-10-17T13:30:00Z,Union Berlin,Borussia Dortmund,Draw,pinnacle,4.23,0.22369,4.45,onexbet,12,4.05,4.0
2026-10-04T14:44:40+00:00,soccer_germany_bundesliga,606d65d57a9a6d8f9b53faee1ad10009,2026-10-17T13:30:00Z,FC Schalke 04,FSV Mainz 05,H,pinnacle,2.85,0.33411,2.98,onexbet,12,2.77,2.8
2026-10-04T14:44:40+00:00,soccer_germany_bundesliga,606d65d57a9a6d8f9b53faee1ad10009,2026-10-17T13:30:00Z,FC Schalke 04,FSV Mainz 05,A,pinnacle,2.39,0.39842,2.44,onexbet,12,2.2,2.3
2026-10-04T14:44:40+00:00,soccer_germany_bundesliga,606d65d57a9a6d8f9b53faee1ad10009,2026-10-17T13:30:00Z,FC Schalke 04,FSV Mainz 05,Draw,pinnacle,3.56,0.26748,3.7,onexbet,12,3.5,3.4
2026-10-04T14:44:40+00:00,soccer_germany_bundesliga,221916b8b36706ec52aa655a64e5f1d2,2026-10-17T13:30:00Z,Hamburger SV,VfB Stuttgart,H,pinnacle,4.04,0.2355,4.08,onexbet,12,3.53,3.4
2026-10-04T14:44:40+00:00,soccer_germany_bundesliga,221916b8b36706ec52aa655a64e5f1d2,2026-10-17T13:30:00Z,Hamburger SV,VfB Stuttgart,A,pinnacle,1.83,0.51991,1.9,onexbet,12,1.78,1.83
2026-10-04T14:44:40+00:00,soccer_germany_bundesliga,221916b8b36706ec52aa655a64e5f1d2,2026-10-17T13:30:00Z,Hamburger SV,VfB Stuttgart,Draw,pinnacle,3.89,0.24459,4.1,tipico_de,12,3.93,4.0
2026-10-04T14:44:40+00:00,soccer_germany_bundesliga,9a422e1aad1053828eaf629a58d901de,2026-10-17T13:30:00Z,Werder Bremen,SC Paderborn,A,pinnacle,4.02,0.23612,4.25,nordicbet,12,3.78,3.75
2026-10-04T14:44:40+00:00,soccer_germany_bundesliga,9a422e1aad1053828eaf629a58d901de,2026-10-17T13:30:00Z,Werder Bremen,SC Paderborn,H,pinnacle,1.77,0.53626,1.84,onexbet,12,1.75,1.8
2026-10-04T14:44:40+00:00,soccer_germany_bundesliga,9a422e1aad1053828eaf629a58d901de,2026-10-17T13:30:00Z,Werder Bremen,SC Paderborn,Draw,pinnacle,4.17,0.22762,4.26,onexbet,12,3.8,3.8
2026-10-04T14:44:40+00:00,soccer_germany_bundesliga,9a64448205fdc4b95f45641bb946706c,2026-10-17T16:30:00Z,Bayern Munich,RB Leipzig,H,betfair_ex_eu,1.25,0.77285,1.27,onexbet,12,1.21,1.25
2026-10-04T14:44:40+00:00,soccer_germany_bundesliga,9a64448205fdc4b95f45641bb946706c,2026-10-17T16:30:00Z,Bayern Munich,RB Leipzig,A,betfair_ex_eu,10.0,0.09661,11.5,nordicbet,12,8.0,9.5
2026-10-04T14:44:40+00:00,soccer_germany_bundesliga,9a64448205fdc4b95f45641bb946706c,2026-10-17T16:30:00Z,Bayern Munich,RB Leipzig,Draw,betfair_ex_eu,7.4,0.13055,7.8,tipico_de,12,6.75,6.0
2026-10-04T14:44:40+00:00,soccer_germany_bundesliga,096d800bcc95c547ef592cbef624d080,2026-10-18T13:30:00Z,Bayer Leverkusen,SC Freiburg,H,pinnacle,1.65,0.57392,1.7,onexbet,12,1.61,1.61
2026-10-04T14:44:40+00:00,soccer_germany_bundesliga,096d800bcc95c547ef592cbef624d080,2026-10-18T13:30:00Z,Bayer Leverkusen,SC Freiburg,A,pinnacle,4.46,0.21232,4.83,onexbet,12,4.3,4.4
2026-10-04T14:44:40+00:00,soccer_germany_bundesliga,096d800bcc95c547ef592cbef624d080,2026-10-18T13:30:00Z,Bayer Leverkusen,SC Freiburg,Draw,pinnacle,4.43,0.21376,4.51,onexbet,12,4.1,4.2
2026-10-04T14:44:40+00:00,soccer_germany_bundesliga,fd9b8c185737a15615aa0c9daaa3dfbf,2026-10-18T15:30:00Z,Borussia Monchengladbach,TSG Hoffenheim,H,pinnacle,3.4,0.27956,3.69,onexbet,12,3.33,3.4
2026-10-04T14:44:40+00:00,soccer_germany_bundesliga,fd9b8c185737a15615aa0c9daaa3dfbf,2026-10-18T15:30:00Z,Borussia Monchengladbach,TSG Hoffenheim,A,pinnacle,1.93,0.4925,1.95,onexbet,12,1.84,1.85
2026-10-04T14:44:40+00:00,soccer_germany_bundesliga,fd9b8c185737a15615aa0c9daaa3dfbf,2026-10-18T15:30:00Z,Borussia Monchengladbach,TSG Hoffenheim,Draw,pinnacle,4.17,0.22794,4.31,onexbet,12,3.9,3.9
2026-10-04T14:44:40+00:00,soccer_france_ligue_one,17694e68f399fdf9c5030021ec9bb595,2026-10-09T18:45:00Z,RC Lens,Lyon,A,pinnacle,2.72,0.35549,2.92,onexbet,19,2.63,2.75
2026-10-04T14:44:40+00:00,soccer_france_ligue_one,17694e68f399fdf9c5030021ec9bb595,2026-10-09T18:45:00Z,RC Lens,Lyon,H,pinnacle,2.45,0.39466,2.45,nordicbet,19,2.3,2.3
2026-10-04T14:44:40+00:00,soccer_france_ligue_one,17694e68f399fdf9c5030021ec9bb595,2026-10-09T18:45:00Z,RC Lens,Lyon,Draw,pinnacle,3.87,0.24985,3.85,unibet_se,19,3.6,3.5
2026-10-04T14:44:40+00:00,soccer_france_ligue_one,2c173b3bd3a1491f17fcad1012019c4f,2026-10-10T15:15:00Z,Lille,Le Havre,A,pinnacle,6.73,0.14233,7.5,unibet_se,19,6.5,6.5
2026-10-04T14:44:40+00:00,soccer_france_ligue_one,2c173b3bd3a1491f17fcad1012019c4f,2026-10-10T15:15:00Z,Lille,Le Havre,H,pinnacle,1.45,0.66059,1.49,unibet_se,19,1.39,1.4
2026-10-04T14:44:40+00:00,soccer_france_ligue_one,2c173b3bd3a1491f17fcad1012019c4f,2026-10-10T15:15:00Z,Lille,Le Havre,Draw,pinnacle,4.86,0.19709,5.0,coolbet,19,4.6,4.4
2026-10-04T14:44:40+00:00,soccer_france_ligue_one,c2c64ebfc5810226f807c1920d580392,2026-10-10T18:45:00Z,AS Monaco,Toulouse,H,pinnacle,1.61,0.59628,1.69,onexbet,19,1.57,1.61
2026-10-04T14:44:40+00:00,soccer_france_ligue_one,c2c64ebfc5810226f807c1920d580392,2026-10-10T18:45:00Z,AS Monaco,Toulouse,A,pinnacle,5.12,0.1875,5.4,nordicbet,19,4.8,4.6
2026-10-04T14:44:40+00:00,soccer_france_ligue_one,c2c64ebfc5810226f807c1920d580392,2026-10-10T18:45:00Z,AS Monaco,Toulouse,Draw,pinnacle,4.44,0.21622,4.4,coolbet,19,4.1,4.0
2026-10-04T14:44:40+00:00,soccer_france_ligue_one,007dc2ff845c33e3e18f2bd2bc126304,2026-10-10T18:45:00Z,Brest,Angers,A,pinnacle,3.65,0.26306,3.95,unibet_se,19,3.55,3.6
2026-10-04T14:44:40+00:00,soccer_france_ligue_one,007dc2ff845c33e3e18f2bd2bc126304,2026-10-10T18:45:00Z,Brest,Angers,H,pinnacle,1.98,0.48493,2.04,onexbet,19,1.9,1.91
2026-10-04T14:44:40+00:00,soccer_france_ligue_one,007dc2ff845c33e3e18f2bd2bc126304,2026-10-10T18:45:00Z,Brest,Angers,Draw,pinnacle,3.81,0.25201,3.85,winamax_de,19,3.55,3.6
2026-10-04T14:44:40+00:00,soccer_france_ligue_one,2849460eb4d15adbb20ec15927a0fd4a,2026-10-10T18:45:00Z,Paris Saint Germain,Le Mans FC,A,pinnacle,22.69,0.04224,34.0,onexbet,19,22.0,26.0
2026-10-04T14:44:40+00:00,soccer_france_ligue_one,2849460eb4d15adbb20ec15927a0fd4a,2026-10-10T18:45:00Z,Paris Saint Germain,Le Mans FC,H,pinnacle,1.08,0.88749,1.1,unibet_se,19,1.06,1.06
2026-10-04T14:44:40+00:00,soccer_france_ligue_one,2849460eb4d15adbb20ec15927a0fd4a,2026-10-10T18:45:00Z,Paris Saint Germain,Le Mans FC,Draw,pinnacle,13.64,0.07027,16.5,onexbet,19,10.25,13.0
2026-10-04T14:44:40+00:00,soccer_france_ligue_one,3aa72885e0aa107c62843749f7930a9a,2026-10-10T18:45:00Z,Lorient,Paris FC,H,pinnacle,3.14,0.30676,3.18,onexbet,19,3.0,2.9
2026-10-04T14:44:40+00:00,soccer_france_ligue_one,3aa72885e0aa107c62843749f7930a9a,2026-10-10T18:45:00Z,Lorient,Paris FC,A,pinnacle,2.4,0.40135,2.43,unibet_se,19,2.22,2.3
2026-10-04T14:44:40+00:00,soccer_france_ligue_one,3aa72885e0aa107c62843749f7930a9a,2026-10-10T18:45:00Z,Lorient,Paris FC,Draw,pinnacle,3.3,0.29189,3.6,coolbet,19,3.27,3.25
2026-10-04T14:44:40+00:00,soccer_france_ligue_one,5d3606630a2d3a218a6340d082c1bdc6,2026-10-11T13:00:00Z,Nice,Strasbourg,H,pinnacle,2.34,0.41109,2.36,onexbet,18,2.2,2.25
2026-10-04T14:44:40+00:00,soccer_france_ligue_one,5d3606630a2d3a218a6340d082c1bdc6,2026-10-11T13:00:00Z,Nice,Strasbourg,A,pinnacle,2.95,0.32608,3.15,unibet_se,18,2.88,2.9
2026-10-04T14:44:40+00:00,soccer_france_ligue_one,5d3606630a2d3a218a6340d082c1bdc6,2026-10-11T13:00:00Z,Nice,Strasbourg,Draw,pinnacle,3.66,0.26283,3.85,coolbet,18,3.48,3.4
2026-10-04T14:44:40+00:00,soccer_france_ligue_one,34f584ab922e220dc4f3b81217959d6d,2026-10-11T15:15:00Z,Rennes,Auxerre,A,pinnacle,6.44,0.14877,7.5,unibet_se,18,6.1,6.0
2026-10-04T14:44:40+00:00,soccer_france_ligue_one,34f584ab922e220dc4f3b81217959d6d,2026-10-11T15:15:00Z,Rennes,Auxerre,H,pinnacle,1.45,0.66075,1.48,onexbet,18,1.39,1.4
2026-10-04T14:44:40+00:00,soccer_france_ligue_one,34f584ab922e220dc4f3b81217959d6d,2026-10-11T15:15:00Z,Rennes,Auxerre,Draw,pinnacle,5.03,0.19048,5.14,onexbet,18,4.8,4.6
2026-10-04T14:44:40+00:00,soccer_france_ligue_one,cb7067ac191abf32ad49dad45e46f639,2026-10-11T18:45:00Z,Troyes,Marseille,A,pinnacle,1.85,0.51947,1.94,unibet_se,18,1.78,1.85
2026-10-04T14:44:40+00:00,soccer_france_ligue_one,cb7067ac191abf32ad49dad45e46f639,2026-10-11T18:45:00Z,Troyes,Marseille,H,pinnacle,4.02,0.23906,4.03,onexbet,18,3.78,3.6
2026-10-04T14:44:40+00:00,soccer_france_ligue_one,cb7067ac191abf32ad49dad45e46f639,2026-10-11T18:45:00Z,Troyes,Marseille,Draw,pinnacle,3.98,0.24146,4.2,coolbet,18,3.78,3.6
2026-10-04T14:44:40+00:00,soccer_france_ligue_one,66c168c030f3faad3983fcadc3060009,2026-10-16T18:45:00Z,Le Mans FC,Toulouse,H,pinnacle,3.12,0.30531,3.3,unibet_se,15,2.9,3.0
2026-10-04T14:44:40+00:00,soccer_france_ligue_one,66c168c030f3faad3983fcadc3060009,2026-10-16T18:45:00Z,Le Mans FC,Toulouse,A,pinnacle,2.28,0.41779,2.34,onexbet,15,2.18,2.2
2026-10-04T14:44:40+00:00,soccer_france_ligue_one,66c168c030f3faad3983fcadc3060009,2026-10-16T18:45:00Z,Le Mans FC,Toulouse,Draw,pinnacle,3.44,0.27691,3.57,onexbet,15,3.37,3.3
2026-10-04T14:44:40+00:00,soccer_france_ligue_one,f3034246520a2ee4ff0ac0d5074966f8,2026-10-17T15:15:00Z,Strasbourg,Paris Saint Germain,A,pinnacle,1.4,0.67671,1.46,onexbet,15,1.36,1.4
2026-10-04T14:44:40+00:00,soccer_france_ligue_one,f3034246520a2ee4ff0ac0d5074966f8,2026-10-17T15:15:00Z,Strasbourg,Paris Saint Germain,H,pinnacle,6.38,0.14849,6.8,nordicbet,15,5.6,6.0
2026-10-04T14:44:40+00:00,soccer_france_ligue_one,f3034246520a2ee4ff0ac0d5074966f8,2026-10-17T15:15:00Z,Strasbourg,Paris Saint Germain,Draw,pinnacle,5.42,0.1748,5.7,tipico_de,15,5.4,4.8
2026-10-04T14:44:40+00:00,soccer_france_ligue_one,ad25a350c89b64715e15c59cde5653d3,2026-10-17T18:45:00Z,Lille,Brest,A,pinnacle,5.42,0.17489,5.4,nordicbet,15,4.9,4.8
2026-10-04T14:44:40+00:00,soccer_france_ligue_one,ad25a350c89b64715e15c59cde5653d3,2026-10-17T18:45:00Z,Lille,Brest,H,pinnacle,1.58,0.59995,1.66,onexbet,15,1.53,1.61
2026-10-04T14:44:40+00:00,soccer_france_ligue_one,ad25a350c89b64715e15c59cde5653d3,2026-10-17T18:45:00Z,Lille,Brest,Draw,pinnacle,4.21,0.22516,4.37,onexbet,15,4.1,3.9
2026-10-04T14:44:40+00:00,soccer_france_ligue_one,b077aa049133c0358bcd643bfee48da3,2026-10-17T18:45:00Z,Troyes,RC Lens,A,pinnacle,1.81,0.52431,1.87,onexbet,15,1.76,1.8
2026-10-04T14:44:40+00:00,soccer_france_ligue_one,b077aa049133c0358bcd643bfee48da3,2026-10-17T18:45:00Z,Troyes,RC Lens,H,pinnacle,4.0,0.23725,4.3,onexbet,15,3.75,3.9
2026-10-04T14:44:40+00:00,soccer_france_ligue_one,b077aa049133c0358bcd643bfee48da3,2026-10-17T18:45:00Z,Troyes,RC Lens,Draw,pinnacle,3.98,0.23844,4.1,unibet_se,15,3.78,3.7
2026-10-04T14:44:40+00:00,soccer_france_ligue_one,c7a60aa94470fe959fbf6b0c68060fc1,2026-10-18T13:00:00Z,Angers,Marseille,H,pinnacle,3.08,0.30915,3.25,unibet_se,15,2.9,3.0
2026-10-04T14:44:40+00:00,soccer_france_ligue_one,c7a60aa94470fe959fbf6b0c68060fc1,2026-10-18T13:00:00Z,Angers,Marseille,A,pinnacle,2.2,0.43281,2.28,onexbet,15,2.13,2.15
2026-10-04T14:44:40+00:00,soccer_france_ligue_one,c7a60aa94470fe959fbf6b0c68060fc1,2026-10-18T13:00:00Z,Angers,Marseille,Draw,pinnacle,3.69,0.25804,3.76,onexbet,15,3.5,3.4
2026-10-04T14:44:40+00:00,soccer_france_ligue_one,53f5fe7ed0ba0fbf6345c73270e4cd00,2026-10-18T15:15:00Z,Lorient,AS Monaco,A,pinnacle,2.1,0.45333,2.17,onexbet,15,1.98,2.05
2026-10-04T14:44:40+00:00,soccer_france_ligue_one,53f5fe7ed0ba0fbf6345c73270e4cd00,2026-10-18T15:15:00Z,Lorient,AS Monaco,H,pinnacle,3.57,0.26667,3.75,unibet_se,15,3.32,3.4
2026-10-04T14:44:40+00:00,soccer_france_ligue_one,53f5fe7ed0ba0fbf6345c73270e4cd00,2026-10-18T15:15:00Z,Lorient,AS Monaco,Draw,pinnacle,3.4,0.28,3.58,onexbet,15,3.42,3.3
2026-10-04T14:44:40+00:00,soccer_france_ligue_one,d637845b9760bb02b55bbbaa32b5c21e,2026-10-18T15:15:00Z,Le Havre,Auxerre,A,pinnacle,2.9,0.32826,3.0,unibet_se,15,2.77,2.8
2026-10-04T14:44:40+00:00,soccer_france_ligue_one,d637845b9760bb02b55bbbaa32b5c21e,2026-10-18T15:15:00Z,Le Havre,Auxerre,H,pinnacle,2.43,0.39175,2.52,onexbet,15,2.28,2.4
2026-10-04T14:44:40+00:00,soccer_france_ligue_one,d637845b9760bb02b55bbbaa32b5c21e,2026-10-18T15:15:00Z,Le Havre,Auxerre,Draw,pinnacle,3.4,0.27999,3.51,onexbet,15,3.32,3.25
2026-10-04T14:44:40+00:00,soccer_france_ligue_one,27f7222d2abde93fc6e8d17b5b05b272,2026-10-18T15:15:00Z,Paris FC,Rennes,H,pinnacle,2.31,0.41221,2.37,onexbet,15,2.13,2.25
2026-10-04T14:44:40+00:00,soccer_france_ligue_one,27f7222d2abde93fc6e8d17b5b05b272,2026-10-18T15:15:00Z,Paris FC,Rennes,A,pinnacle,3.25,0.29299,3.29,onexbet,15,2.95,2.8
2026-10-04T14:44:40+00:00,soccer_france_ligue_one,27f7222d2abde93fc6e8d17b5b05b272,2026-10-18T15:15:00Z,Paris FC,Rennes,Draw,pinnacle,3.23,0.2948,3.6,nordicbet,15,3.42,3.5
2026-10-04T14:44:40+00:00,soccer_france_ligue_one,471f891b1f6516a864ad94c8eb649f5e,2026-10-18T18:45:00Z,Lyon,Nice,H,pinnacle,1.64,0.5783,1.71,onexbet,15,1.6,1.65
2026-10-04T14:44:40+00:00,soccer_france_ligue_one,471f891b1f6516a864ad94c8eb649f5e,2026-10-18T18:45:00Z,Lyon,Nice,A,pinnacle,4.91,0.19316,5.24,onexbet,15,4.6,4.8
2026-10-04T14:44:40+00:00,soccer_france_ligue_one,471f891b1f6516a864ad94c8eb649f5e,2026-10-18T18:45:00Z,Lyon,Nice,Draw,pinnacle,4.15,0.22853,4.16,onexbet,15,3.9,3.8
2026-10-04T19:29:46+00:00,soccer_portugal_primeira_liga,0956c06cd173899e11422bece0fbf94f,2026-10-09T17:45:00Z,Moreirense FC,Gil Vicente,A,pinnacle,2.23,0.42757,2.28,unibet_se,14,2.03,2.1
2026-10-04T19:29:46+00:00,soccer_portugal_primeira_liga,0956c06cd173899e11422bece0fbf94f,2026-10-09T17:45:00Z,Moreirense FC,Gil Vicente,H,pinnacle,3.6,0.26486,3.42,gtbets,14,3.3,3.4
2026-10-04T19:29:46+00:00,soccer_portugal_primeira_liga,0956c06cd173899e11422bece0fbf94f,2026-10-09T17:45:00Z,Moreirense FC,Gil Vicente,Draw,pinnacle,3.1,0.30757,3.22,marathonbet,14,3.05,3.1
2026-10-04T19:29:46+00:00,soccer_portugal_primeira_liga,b4d52d1abd5efcd669a093139239c7b0,2026-10-09T19:15:00Z,Braga,Sporting Lisbon,H,pinnacle,3.41,0.27896,3.6,tipico_de,14,3.17,3.2
2026-10-04T19:29:46+00:00,soccer_portugal_primeira_liga,b4d52d1abd5efcd669a093139239c7b0,2026-10-09T19:15:00Z,Braga,Sporting Lisbon,A,pinnacle,2.14,0.44451,2.16,betonlineag,14,2.02,2.15
2026-10-04T19:29:46+00:00,soccer_portugal_primeira_liga,b4d52d1abd5efcd669a093139239c7b0,2026-10-09T19:15:00Z,Braga,Sporting Lisbon,Draw,pinnacle,3.44,0.27653,3.4,marathonbet,14,3.23,3.3
2026-10-04T19:29:46+00:00,soccer_portugal_primeira_liga,710dd3ffd365c610f1969a86cd70e074,2026-10-10T14:30:00Z,Casa Pia,Santa Clara,H,pinnacle,4.3,0.22088,4.7,tipico_de,14,4.35,4.2
2026-10-04T19:29:46+00:00,soccer_portugal_primeira_liga,710dd3ffd365c610f1969a86cd70e074,2026-10-10T14:30:00Z,Casa Pia,Santa Clara,A,pinnacle,1.91,0.49728,1.93,unibet_se,14,1.76,1.85
2026-10-04T19:29:46+00:00,soccer_portugal_primeira_liga,710dd3ffd365c610f1969a86cd70e074,2026-10-10T14:30:00Z,Casa Pia,Santa Clara,Draw,pinnacle,3.37,0.28184,3.3,tipico_de,14,3.1,3.1
2026-10-04T19:29:46+00:00,soccer_portugal_primeira_liga,d9bfec13c112810701ee7e60f02bffa5,2026-10-10T17:00:00Z,CS Maritimo,FC Porto,H,betfair_ex_eu,11.0,0.08735,10.5,tipico_de,15,8.25,9.0
2026-10-04T19:29:46+00:00,soccer_portugal_primeira_liga,d9bfec13c112810701ee7e60f02bffa5,2026-10-10T17:00:00Z,CS Maritimo,FC Porto,A,betfair_ex_eu,1.32,0.72788,1.36,gtbets,15,1.27,1.3
2026-10-04T19:29:46+00:00,soccer_portugal_primeira_liga,d9bfec13c112810701ee7e60f02bffa5,2026-10-10T17:00:00Z,CS Maritimo,FC Porto,Draw,betfair_ex_eu,5.2,0.18477,5.2,tipico_de,15,4.7,4.8
2026-10-04T19:29:46+00:00,soccer_portugal_primeira_liga,2444214363711d31867a9df8c712ec8d,2026-10-10T19:30:00Z,Académico de Viseu,Estoril,H,pinnacle,2.29,0.41589,2.3,unibet_se,15,2.13,2.25
2026-10-04T19:29:46+00:00,soccer_portugal_primeira_liga,2444214363711d31867a9df8c712ec8d,2026-10-10T19:30:00Z,Académico de Viseu,Estoril,A,pinnacle,3.15,0.30234,3.1,tipico_de,15,2.92,2.9
2026-10-04T19:29:46+00:00,soccer_portugal_primeira_liga,2444214363711d31867a9df8c712ec8d,2026-10-10T19:30:00Z,Académico de Viseu,Estoril,Draw,pinnacle,3.38,0.28177,3.43,gtbets,15,3.25,3.3
2026-10-04T19:29:46+00:00,soccer_portugal_primeira_liga,5ecd75456d38ef4c394e502ecdd8937c,2026-10-11T14:30:00Z,Rio Ave FC,Nacional,A,pinnacle,3.42,0.27833,3.3,tipico_de,13,3.1,3.2
2026-10-04T19:29:46+00:00,soccer_portugal_primeira_liga,5ecd75456d38ef4c394e502ecdd8937c,2026-10-11T14:30:00Z,Rio Ave FC,Nacional,H,pinnacle,2.22,0.42878,2.25,unibet_se,13,2.08,2.2
2026-10-04T19:29:46+00:00,soccer_portugal_primeira_liga,5ecd75456d38ef4c394e502ecdd8937c,2026-10-11T14:30:00Z,Rio Ave FC,Nacional,Draw,pinnacle,3.25,0.29289,3.32,marathonbet,13,3.15,3.2
2026-10-04T19:29:46+00:00,soccer_portugal_primeira_liga,2aa9808e7e84598f45ccf338a9b8912a,2026-10-11T19:30:00Z,Arouca,CF Estrela,H,pinnacle,2.17,0.43813,2.15,williamhill,10,2.0,2.15
2026-10-04T19:29:46+00:00,soccer_portugal_primeira_liga,2aa9808e7e84598f45ccf338a9b8912a,2026-10-11T19:30:00Z,Arouca,CF Estrela,A,pinnacle,3.25,0.29254,3.4,tipico_de,10,3.18,3.1
2026-10-04T19:29:46+00:00,soccer_portugal_primeira_liga,2aa9808e7e84598f45ccf338a9b8912a,2026-10-11T19:30:00Z,Arouca,CF Estrela,Draw,pinnacle,3.53,0.26933,3.44,marathonbet,10,3.28,3.3
2026-10-04T19:29:46+00:00,soccer_portugal_primeira_liga,789c3dd95a7fcef675ce5a40b07371a2,2026-10-12T19:15:00Z,Famalicão,Alverca,A,pinnacle,5.02,0.18925,4.7,tipico_de,10,4.35,4.0
2026-10-04T19:29:46+00:00,soccer_portugal_primeira_liga,789c3dd95a7fcef675ce5a40b07371a2,2026-10-12T19:15:00Z,Famalicão,Alverca,H,pinnacle,1.82,0.52199,1.85,williamhill,10,1.72,1.85
2026-10-04T19:29:46+00:00,soccer_portugal_primeira_liga,789c3dd95a7fcef675ce5a40b07371a2,2026-10-12T19:15:00Z,Famalicão,Alverca,Draw,pinnacle,3.29,0.28876,3.56,marathonbet,10,3.25,3.4
2026-10-04T19:29:46+00:00,soccer_epl,b870dcfba5e5920d3f1551a3aa1ea435,2026-10-10T11:30:00Z,Arsenal,Leeds United,H,pinnacle,1.38,0.69755,1.44,onexbet,21,1.36,1.4
2026-10-04T19:29:46+00:00,soccer_epl,b870dcfba5e5920d3f1551a3aa1ea435,2026-10-10T11:30:00Z,Arsenal,Leeds United,A,pinnacle,8.18,0.11768,9.2,matchbook,21,7.25,7.0
2026-10-04T19:29:46+00:00,soccer_epl,b870dcfba5e5920d3f1551a3aa1ea435,2026-10-10T11:30:00Z,Arsenal,Leeds United,Draw,pinnacle,5.21,0.18476,5.3,winamax_de,21,4.7,4.6
2026-10-04T19:29:46+00:00,soccer_epl,02e6c0ccb11bb7ce78989ce49d67110b,2026-10-10T14:00:00Z,Aston Villa,Brentford,H,pinnacle,2.69,0.35974,2.8,matchbook,21,2.57,2.6
2026-10-04T19:29:46+00:00,soccer_epl,02e6c0ccb11bb7ce78989ce49d67110b,2026-10-10T14:00:00Z,Aston Villa,Brentford,A,pinnacle,2.6,0.37219,2.69,onexbet,21,2.42,2.5
2026-10-04T19:29:46+00:00,soccer_epl,02e6c0ccb11bb7ce78989ce49d67110b,2026-10-10T14:00:00Z,Aston Villa,Brentford,Draw,pinnacle,3.61,0.26806,3.65,winamax_de,21,3.47,3.4
2026-10-04T19:29:46+00:00,soccer_epl,45d4a466e32cd2b4ea535207923ceaf5,2026-10-10T14:00:00Z,Chelsea,Bournemouth,A,pinnacle,4.53,0.21323,4.7,matchbook,21,4.15,4.0
2026-10-04T19:29:46+00:00,soccer_epl,45d4a466e32cd2b4ea535207923ceaf5,2026-10-10T14:00:00Z,Chelsea,Bournemouth,H,pinnacle,1.74,0.55513,1.79,onexbet,21,1.66,1.73
2026-10-04T19:29:46+00:00,soccer_epl,45d4a466e32cd2b4ea535207923ceaf5,2026-10-10T14:00:00Z,Chelsea,Bournemouth,Draw,pinnacle,4.17,0.23164,4.3,matchbook,21,4.05,3.9
2026-10-04T19:29:46+00:00,soccer_epl,380b8f24ec5430fb545a7490c1017285,2026-10-10T14:00:00Z,Sunderland,Brighton and Hove Albion,A,pinnacle,2.41,0.40155,2.49,onexbet,21,2.25,2.38
2026-10-04T19:29:46+00:00,soccer_epl,380b8f24ec5430fb545a7490c1017285,2026-10-10T14:00:00Z,Sunderland,Brighton and Hove Albion,H,pinnacle,2.97,0.32584,3.05,matchbook,21,2.85,2.8
2026-10-04T19:29:46+00:00,soccer_epl,380b8f24ec5430fb545a7490c1017285,2026-10-10T14:00:00Z,Sunderland,Brighton and Hove Albion,Draw,pinnacle,3.55,0.2726,3.6,matchbook,21,3.4,3.3
2026-10-04T19:29:46+00:00,soccer_epl,288b4ff00c79daa712c911c564fe1be7,2026-10-10T14:00:00Z,Ipswich Town,Fulham,A,pinnacle,2.55,0.37921,2.66,matchbook,21,2.37,2.5
2026-10-04T19:29:46+00:00,soccer_epl,288b4ff00c79daa712c911c564fe1be7,2026-10-10T14:00:00Z,Ipswich Town,Fulham,H,pinnacle,2.74,0.35292,2.86,matchbook,21,2.67,2.62
2026-10-04T19:29:46+00:00,soccer_epl,288b4ff00c79daa712c911c564fe1be7,2026-10-10T14:00:00Z,Ipswich Town,Fulham,Draw,pinnacle,3.61,0.26787,3.64,coolbet,21,3.43,3.3
2026-10-04T19:29:46+00:00,soccer_epl,22c9b2c43cbe1334381269550dab78e6,2026-10-10T16:30:00Z,Manchester United,Tottenham Hotspur,H,pinnacle,1.72,0.55981,1.76,onexbet,21,1.66,1.7
2026-10-04T19:29:46+00:00,soccer_epl,22c9b2c43cbe1334381269550dab78e6,2026-10-10T16:30:00Z,Manchester United,Tottenham Hotspur,A,pinnacle,4.41,0.21834,4.8,matchbook,21,4.2,4.33
2026-10-04T19:29:46+00:00,soccer_epl,22c9b2c43cbe1334381269550dab78e6,2026-10-10T16:30:00Z,Manchester United,Tottenham Hotspur,Draw,pinnacle,4.34,0.22186,4.4,matchbook,21,4.0,3.9
2026-10-04T19:29:46+00:00,soccer_epl,86effab5c6e7bfd58c8e88b1fb7c6ba9,2026-10-11T13:00:00Z,Crystal Palace,Nottingham Forest,H,pinnacle,2.66,0.36198,2.76,matchbook,20,2.5,2.62
2026-10-04T19:29:46+00:00,soccer_epl,86effab5c6e7bfd58c8e88b1fb7c6ba9,2026-10-11T13:00:00Z,Crystal Palace,Nottingham Forest,A,pinnacle,2.72,0.35399,2.82,matchbook,20,2.65,2.62
2026-10-04T19:29:46+00:00,soccer_epl,86effab5c6e7bfd58c8e88b1fb7c6ba9,2026-10-11T13:00:00Z,Crystal Palace,Nottingham Forest,Draw,pinnacle,3.39,0.28403,3.47,onexbet,20,3.2,3.1
2026-10-04T19:29:46+00:00,soccer_epl,0bdae4d304810578e47386606bff7106,2026-10-11T13:00:00Z,Hull City,Everton,A,pinnacle,2.06,0.46652,2.14,matchbook,20,2.0,2.05
2026-10-04T19:29:46+00:00,soccer_epl,0bdae4d304810578e47386606bff7106,2026-10-11T13:00:00Z,Hull City,Everton,H,pinnacle,3.77,0.25492,3.9,matchbook,20,3.48,3.6
2026-10-04T19:29:46+00:00,soccer_epl,0bdae4d304810578e47386606bff7106,2026-10-11T13:00:00Z,Hull City,Everton,Draw,pinnacle,3.45,0.27856,3.54,onexbet,20,3.3,3.3
2026-10-04T19:29:46+00:00,soccer_epl,6dbab232dd8d2aed0cb1d6f7978fb7b1,2026-10-11T15:30:00Z,Liverpool,Manchester City,H,pinnacle,2.62,0.36736,2.72,matchbook,20,2.55,2.5
2026-10-04T19:29:46+00:00,soccer_epl,6dbab232dd8d2aed0cb1d6f7978fb7b1,2026-10-11T15:30:00Z,Liverpool,Manchester City,A,pinnacle,2.56,0.37597,2.67,onexbet,20,2.4,2.5
2026-10-04T19:29:46+00:00,soccer_epl,6dbab232dd8d2aed0cb1d6f7978fb7b1,2026-10-11T15:30:00Z,Liverpool,Manchester City,Draw,pinnacle,3.75,0.25666,3.9,matchbook,20,3.58,3.5
2026-10-04T19:29:46+00:00,soccer_epl,acd5bd945dd953ad1e300df5bfe696f9,2026-10-12T19:00:00Z,Coventry City,Newcastle United,H,pinnacle,3.3,0.29177,3.45,onexbet,19,3.15,3.2
2026-10-04T19:29:46+00:00,soccer_epl,acd5bd945dd953ad1e300df5bfe696f9,2026-10-12T19:00:00Z,Coventry City,Newcastle United,A,pinnacle,2.17,0.44371,2.19,betonlineag,19,2.05,2.1
2026-10-04T19:29:46+00:00,soccer_epl,acd5bd945dd953ad1e300df5bfe696f9,2026-10-12T19:00:00Z,Coventry City,Newcastle United,Draw,pinnacle,3.64,0.26452,3.75,unibet_se,19,3.53,3.4
2026-10-04T19:29:46+00:00,soccer_epl,764e6513cb3f348881503df70ccb90e0,2026-10-17T11:30:00Z,Everton,Chelsea,A,pinnacle,2.38,0.40004,2.45,onexbet,16,2.2,2.3
2026-10-04T19:29:46+00:00,soccer_epl,764e6513cb3f348881503df70ccb90e0,2026-10-17T11:30:00Z,Everton,Chelsea,H,pinnacle,2.73,0.34875,2.95,unibet_se,16,2.77,2.7
2026-10-04T19:29:46+00:00,soccer_epl,764e6513cb3f348881503df70ccb90e0,2026-10-17T11:30:00Z,Everton,Chelsea,Draw,pinnacle,3.79,0.25121,3.86,onexbet,16,3.53,3.5
2026-10-04T19:29:46+00:00,soccer_epl,8f1945e7272bc7e89016439f5ab321c7,2026-10-17T14:00:00Z,Brentford,Liverpool,H,pinnacle,2.77,0.34346,2.88,onexbet,16,2.7,2.75
2026-10-04T19:29:46+00:00,soccer_epl,8f1945e7272bc7e89016439f5ab321c7,2026-10-17T14:00:00Z,Brentford,Liverpool,A,pinnacle,2.43,0.39152,2.5,onexbet,16,2.23,2.3
2026-10-04T19:29:46+00:00,soccer_epl,8f1945e7272bc7e89016439f5ab321c7,2026-10-17T14:00:00Z,Brentford,Liverpool,Draw,pinnacle,3.59,0.26501,3.85,unibet_se,16,3.58,3.5
2026-10-04T19:29:46+00:00,soccer_epl,7895f97f2f9577f3b13287a3d086859d,2026-10-17T14:00:00Z,Fulham,Hull City,H,pinnacle,1.67,0.56759,1.73,unibet_se,16,1.62,1.65
2026-10-04T19:29:46+00:00,soccer_epl,7895f97f2f9577f3b13287a3d086859d,2026-10-17T14:00:00Z,Fulham,Hull City,A,pinnacle,4.85,0.19544,5.18,onexbet,16,4.5,4.8
2026-10-04T19:29:46+00:00,soccer_epl,7895f97f2f9577f3b13287a3d086859d,2026-10-17T14:00:00Z,Fulham,Hull City,Draw,pinnacle,4.0,0.23697,4.11,onexbet,16,3.83,3.9
2026-10-04T19:29:46+00:00,soccer_epl,bf2142d1ca76ba2fc9e61afce80f86c0,2026-10-17T14:00:00Z,Manchester City,Ipswich Town,A,pinnacle,10.39,0.09036,12.51,betsson,16,10.25,10.0
2026-10-04T19:29:46+00:00,soccer_epl,bf2142d1ca76ba2fc9e61afce80f86c0,2026-10-17T14:00:00Z,Manchester City,Ipswich Town,H,pinnacle,1.21,0.7759,1.26,onexbet,16,1.17,1.22
2026-10-04T19:29:46+00:00,soccer_epl,bf2142d1ca76ba2fc9e61afce80f86c0,2026-10-17T14:00:00Z,Manchester City,Ipswich Town,Draw,pinnacle,7.02,0.13374,7.5,tipico_de,16,6.75,6.0
2026-10-04T19:29:46+00:00,soccer_epl,d1bbbdcd3d430e70091b518369b559cf,2026-10-17T16:30:00Z,Newcastle United,Aston Villa,A,pinnacle,3.22,0.29535,3.35,onexbet,16,3.17,3.1
2026-10-04T19:29:46+00:00,soccer_epl,d1bbbdcd3d430e70091b518369b559cf,2026-10-17T16:30:00Z,Newcastle United,Aston Villa,H,pinnacle,2.09,0.45504,2.17,onexbet,16,1.98,2.05
2026-10-04T19:29:46+00:00,soccer_epl,d1bbbdcd3d430e70091b518369b559cf,2026-10-17T16:30:00Z,Newcastle United,Aston Villa,Draw,pinnacle,3.81,0.24961,3.95,unibet_se,16,3.58,3.6
2026-10-04T19:29:46+00:00,soccer_epl,dfd5d6648be46426e418801584d46a68,2026-10-18T13:00:00Z,Bournemouth,Sunderland,H,pinnacle,2.01,0.47345,2.04,onexbet,16,1.94,1.95
2026-10-04T19:29:46+00:00,soccer_epl,dfd5d6648be46426e418801584d46a68,2026-10-18T13:00:00Z,Bournemouth,Sunderland,A,pinnacle,3.65,0.26072,3.85,onexbet,16,3.42,3.6
2026-10-04T19:29:46+00:00,soccer_epl,dfd5d6648be46426e418801584d46a68,2026-10-18T13:00:00Z,Bournemouth,Sunderland,Draw,pinnacle,3.58,0.26582,3.75,onexbet,16,3.43,3.4
2026-10-04T19:29:46+00:00,soccer_epl,9fc08b390a49c4434f7cf631a0bb88fb,2026-10-18T13:00:00Z,Brighton and Hove Albion,Crystal Palace,H,pinnacle,1.59,0.59665,1.63,onexbet,16,1.53,1.57
2026-10-04T19:29:46+00:00,soccer_epl,9fc08b390a49c4434f7cf631a0bb88fb,2026-10-18T13:00:00Z,Brighton and Hove Albion,Crystal Palace,A,pinnacle,5.04,0.18823,5.6,nordicbet,16,4.9,5.0
2026-10-04T19:29:46+00:00,soccer_epl,9fc08b390a49c4434f7cf631a0bb88fb,2026-10-18T13:00:00Z,Brighton and Hove Albion,Crystal Palace,Draw,pinnacle,4.41,0.21512,4.57,onexbet,16,4.15,4.2
2026-10-04T19:29:46+00:00,soccer_epl,676b3b0b609e9cf565da450786618d26,2026-10-18T13:00:00Z,Leeds United,Manchester United,H,pinnacle,2.82,0.33736,2.94,onexbet,16,2.77,2.75
2026-10-04T19:29:46+00:00,soccer_epl,676b3b0b609e9cf565da450786618d26,2026-10-18T13:00:00Z,Leeds United,Manchester United,A,pinnacle,2.35,0.40483,2.44,onexbet,16,2.2,2.38
2026-10-04T19:29:46+00:00,soccer_epl,676b3b0b609e9cf565da450786618d26,2026-10-18T13:00:00Z,Leeds United,Manchester United,Draw,pinnacle,3.69,0.25782,3.77,onexbet,16,3.5,3.4
2026-10-04T19:29:46+00:00,soccer_epl,f696a248965373d9071dc0662e5c58a8,2026-10-18T15:30:00Z,Nottingham Forest,Arsenal,A,pinnacle,1.61,0.58865,1.66,onexbet,16,1.55,1.61
2026-10-04T19:29:46+00:00,soccer_epl,f696a248965373d9071dc0662e5c58a8,2026-10-18T15:30:00Z,Nottingham Forest,Arsenal,H,pinnacle,6.0,0.15795,6.11,onexbet,16,5.25,5.5
2026-10-04T19:29:46+00:00,soccer_epl,f696a248965373d9071dc0662e5c58a8,2026-10-18T15:30:00Z,Nottingham Forest,Arsenal,Draw,pinnacle,3.74,0.2534,4.1,unibet_se,16,3.8,3.7
2026-10-04T19:29:46+00:00,soccer_epl,9baaf4e48b041cfef04e70e42532502e,2026-10-19T19:00:00Z,Tottenham Hotspur,Coventry City,A,pinnacle,5.84,0.16189,6.47,onexbet,16,5.5,5.75
2026-10-04T19:29:46+00:00,soccer_epl,9baaf4e48b041cfef04e70e42532502e,2026-10-19T19:00:00Z,Tottenham Hotspur,Coventry City,H,pinnacle,1.5,0.63031,1.54,onexbet,16,1.44,1.5
2026-10-04T19:29:46+00:00,soccer_epl,9baaf4e48b041cfef04e70e42532502e,2026-10-19T19:00:00Z,Tottenham Hotspur,Coventry City,Draw,pinnacle,4.55,0.20779,4.8,tipico_de,16,4.45,4.2
2026-10-04T19:29:46+00:00,soccer_spain_la_liga,4e4c6763037ffc0e1dfe92ed16287b6d,2026-10-09T19:00:00Z,Málaga,Espanyol,A,pinnacle,2.76,0.3511,2.83,onexbet,17,2.63,
2026-10-04T19:29:46+00:00,soccer_spain_la_liga,4e4c6763037ffc0e1dfe92ed16287b6d,2026-10-09T19:00:00Z,Málaga,Espanyol,H,pinnacle,2.8,0.34608,2.88,matchbook,17,2.53,
2026-10-04T19:29:46+00:00,soccer_spain_la_liga,4e4c6763037ffc0e1dfe92ed16287b6d,2026-10-09T19:00:00Z,Málaga,Espanyol,Draw,pinnacle,3.2,0.30282,3.4,coolbet,17,2.98,
2026-10-04T19:29:46+00:00,soccer_spain_la_liga,349c47668fdd909039a9408c14cad8bc,2026-10-10T12:00:00Z,Rayo Vallecano,Athletic Bilbao,A,pinnacle,2.4,0.40323,2.44,matchbook,17,2.23,
2026-10-04T19:29:46+00:00,soccer_spain_la_liga,349c47668fdd909039a9408c14cad8bc,2026-10-10T12:00:00Z,Rayo Vallecano,Athletic Bilbao,H,pinnacle,3.06,0.31626,3.15,matchbook,17,2.92,
2026-10-04T19:29:46+00:00,soccer_spain_la_liga,349c47668fdd909039a9408c14cad8bc,2026-10-10T12:00:00Z,Rayo Vallecano,Athletic Bilbao,Draw,pinnacle,3.45,0.28051,3.54,onexbet,17,3.35,
2026-10-04T19:29:46+00:00,soccer_spain_la_liga,3869391e3dbdcaa74153b11df56a3fe5,2026-10-10T14:15:00Z,Alavés,Atlético Madrid,H,pinnacle,4.3,0.22487,4.4,matchbook,16,4.05,
2026-10-04T19:29:46+00:00,soccer_spain_la_liga,3869391e3dbdcaa74153b11df56a3fe5,2026-10-10T14:15:00Z,Alavés,Atlético Madrid,A,pinnacle,1.85,0.52267,1.91,onexbet,16,1.77,
2026-10-04T19:29:46+00:00,soccer_spain_la_liga,3869391e3dbdcaa74153b11df56a3fe5,2026-10-10T14:15:00Z,Alavés,Atlético Madrid,Draw,pinnacle,3.83,0.25246,3.84,onexbet,16,3.6,
2026-10-04T19:29:46+00:00,soccer_spain_la_liga,edb80d633a1906e5865ab70cc9b540ea,2026-10-10T16:30:00Z,Barcelona,Getafe,H,pinnacle,1.06,0.91276,1.09,matchbook,17,1.05,
2026-10-04T19:29:46+00:00,soccer_spain_la_liga,edb80d633a1906e5865ab70cc9b540ea,2026-10-10T16:30:00Z,Barcelona,Getafe,A,pinnacle,25.75,0.03757,45.0,onexbet,17,24.0,
2026-10-04T19:29:46+00:00,soccer_spain_la_liga,edb80d633a1906e5865ab70cc9b540ea,2026-10-10T16:30:00Z,Barcelona,Getafe,Draw,pinnacle,19.48,0.04967,20.0,matchbook,17,10.75,
2026-10-04T19:29:46+00:00,soccer_spain_la_liga,551f242223b1625f458d1a2ea212a0c3,2026-10-10T19:00:00Z,Real Madrid,Villarreal,H,pinnacle,1.36,0.70887,1.37,onexbet,17,1.31,
2026-10-04T19:29:46+00:00,soccer_spain_la_liga,551f242223b1625f458d1a2ea212a0c3,2026-10-10T19:00:00Z,Real Madrid,Villarreal,A,pinnacle,7.39,0.13045,8.5,unibet_se,17,6.6,
2026-10-04T19:29:46+00:00,soccer_spain_la_liga,551f242223b1625f458d1a2ea212a0c3,2026-10-10T19:00:00Z,Real Madrid,Villarreal,Draw,pinnacle,6.0,0.16068,6.4,matchbook,17,5.6,
2026-10-04T19:29:46+00:00,soccer_spain_la_liga,7daf7edaf572eba3ac86196c663d67d3,2026-10-11T12:00:00Z,Elche CF,Celta Vigo,A,pinnacle,2.69,0.35813,2.68,onexbet,17,2.47,
2026-10-04T19:29:46+00:00,soccer_spain_la_liga,7daf7edaf572eba3ac86196c663d67d3,2026-10-11T12:00:00Z,Elche CF,Celta Vigo,H,pinnacle,2.76,0.34905,2.95,unibet_se,17,2.7,
2026-10-04T19:29:46+00:00,soccer_spain_la_liga,7daf7edaf572eba3ac86196c663d67d3,2026-10-11T12:00:00Z,Elche CF,Celta Vigo,Draw,pinnacle,3.29,0.29282,3.33,onexbet,17,3.18,
2026-10-04T19:29:46+00:00,soccer_spain_la_liga,2997b68cc93f62d8a1dee9f06bedbefd,2026-10-11T14:15:00Z,Real Sociedad,Deportivo La Coruña,A,pinnacle,4.85,0.19762,5.0,coolbet,16,,
2026-10-04T19:29:46+00:00,soccer_spain_la_liga,2997b68cc93f62d8a1dee9f06bedbefd,2026-10-11T14:15:00Z,Real Sociedad,Deportivo La Coruña,H,pinnacle,1.72,0.55725,1.8,onexbet,16,,
2026-10-04T19:29:46+00:00,soccer_spain_la_liga,2997b68cc93f62d8a1dee9f06bedbefd,2026-10-11T14:15:00Z,Real Sociedad,Deportivo La Coruña,Draw,pinnacle,3.91,0.24513,4.0,tipico_de,16,,
2026-10-04T19:29:46+00:00,soccer_spain_la_liga,984691837d31fd0c59c088f377f55f75,2026-10-11T16:30:00Z,Real Betis,CA Osasuna,A,pinnacle,5.03,0.19044,5.2,unibet_se,17,4.65,
2026-10-04T19:29:46+00:00,soccer_spain_la_liga,984691837d31fd0c59c088f377f55f75,2026-10-11T16:30:00Z,Real Betis,CA Osasuna,H,pinnacle,1.66,0.57706,1.73,onexbet,17,1.62,
2026-10-04T19:29:46+00:00,soccer_spain_la_liga,984691837d31fd0c59c088f377f55f75,2026-10-11T16:30:00Z,Real Betis,CA Osasuna,Draw,pinnacle,4.12,0.2325,4.21,onexbet,17,3.85,
2026-10-04T19:29:46+00:00,soccer_spain_la_liga,66a4f4201806b928c9007116727fdd61,2026-10-11T19:00:00Z,Real Racing Club de Santander,Valencia,H,pinnacle,2.18,0.44115,2.31,onexbet,17,2.07,
2026-10-04T19:29:46+00:00,soccer_spain_la_liga,66a4f4201806b928c9007116727fdd61,2026-10-11T19:00:00Z,Real Racing Club de Santander,Valencia,A,pinnacle,3.34,0.28794,3.3,tipico_de,17,3.12,
2026-10-04T19:29:46+00:00,soccer_spain_la_liga,66a4f4201806b928c9007116727fdd61,2026-10-11T19:00:00Z,Real Racing Club de Santander,Valencia,Draw,pinnacle,3.55,0.27091,3.8,winamax_de,17,3.48,
2026-10-04T19:29:46+00:00,soccer_spain_la_liga,529fc26c7774d5b469932e275c668921,2026-10-12T19:00:00Z,Levante,Sevilla,H,pinnacle,2.7,0.3567,2.74,onexbet,16,2.52,
2026-10-04T19:29:46+00:00,soccer_spain_la_liga,529fc26c7774d5b469932e275c668921,2026-10-12T19:00:00Z,Levante,Sevilla,A,pinnacle,2.72,0.35408,2.79,onexbet,16,2.62,
2026-10-04T19:29:46+00:00,soccer_spain_la_liga,529fc26c7774d5b469932e275c668921,2026-10-12T19:00:00Z,Levante,Sevilla,Draw,pinnacle,3.33,0.28922,3.41,onexbet,16,3.2,
2026-10-04T19:29:46+00:00,soccer_spain_la_liga,19ee731602634e5c9e3106630e087464,2026-10-16T19:00:00Z,Deportivo La Coruña,Levante,H,pinnacle,2.08,0.45761,2.17,onexbet,12,,
2026-10-04T19:29:46+00:00,soccer_spain_la_liga,19ee731602634e5c9e3106630e087464,2026-10-16T19:00:00Z,Deportivo La Coruña,Levante,A,pinnacle,3.54,0.26888,3.6,unibet_se,12,,
2026-10-04T19:29:46+00:00,soccer_spain_la_liga,19ee731602634e5c9e3106630e087464,2026-10-16T19:00:00Z,Deportivo La Coruña,Levante,Draw,pinnacle,3.48,0.27351,3.62,onexbet,12,,
2026-10-04T19:29:46+00:00,soccer_spain_la_liga,6436925dd15916d7041ba32b60000d48,2026-10-17T12:00:00Z,Espanyol,Atlético Madrid,A,pinnacle,1.85,0.51365,1.91,onexbet,12,1.76,
2026-10-04T19:29:46+00:00,soccer_spain_la_liga,6436925dd15916d7041ba32b60000d48,2026-10-17T12:00:00Z,Espanyol,Atlético Madrid,H,pinnacle,4.14,0.22953,4.32,onexbet,12,3.93,
2026-10-04T19:29:46+00:00,soccer_spain_la_liga,6436925dd15916d7041ba32b60000d48,2026-10-17T12:00:00Z,Espanyol,Atlético Madrid,Draw,pinnacle,3.7,0.25682,3.84,onexbet,12,3.6,
2026-10-04T19:29:46+00:00,soccer_spain_la_liga,aef660734585649651415961a9d177c6,2026-10-17T14:15:00Z,Villarreal,Elche CF,A,pinnacle,6.04,0.15656,6.73,onexbet,13,5.5,
2026-10-04T19:29:46+00:00,soccer_spain_la_liga,aef660734585649651415961a9d177c6,2026-10-17T14:15:00Z,Villarreal,Elche CF,H,pinnacle,1.46,0.64767,1.51,onexbet,13,1.43,
2026-10-04T19:29:46+00:00,soccer_spain_la_liga,aef660734585649651415961a9d177c6,2026-10-17T14:15:00Z,Villarreal,Elche CF,Draw,pinnacle,4.83,0.19578,5.0,unibet_se,13,4.6,
2026-10-04T19:29:46+00:00,soccer_spain_la_liga,846e496fc232b2fc20214754836727d0,2026-10-17T16:30:00Z,Real Betis,Barcelona,A,betfair_ex_eu,1.48,0.66585,1.53,onexbet,13,1.4,
2026-10-04T19:29:46+00:00,soccer_spain_la_liga,846e496fc232b2fc20214754836727d0,2026-10-17T16:30:00Z,Real Betis,Barcelona,H,betfair_ex_eu,5.8,0.16991,5.8,onexbet,13,4.85,
2026-10-04T19:29:46+00:00,soccer_spain_la_liga,846e496fc232b2fc20214754836727d0,2026-10-17T16:30:00Z,Real Betis,Barcelona,Draw,betfair_ex_eu,6.0,0.16424,5.7,winamax_de,13,5.1,
2026-10-04T19:29:46+00:00,soccer_spain_la_liga,f00cd1ea41fa39149729d14ebc07aa6c,2026-10-17T19:00:00Z,Valencia,Athletic Bilbao,A,pinnacle,2.08,0.45746,2.18,onexbet,13,2.02,
2026-10-04T19:29:46+00:00,soccer_spain_la_liga,f00cd1ea41fa39149729d14ebc07aa6c,2026-10-17T19:00:00Z,Valencia,Athletic Bilbao,H,pinnacle,3.6,0.26431,3.62,onexbet,13,3.3,
2026-10-04T19:29:46+00:00,soccer_spain_la_liga,f00cd1ea41fa39149729d14ebc07aa6c,2026-10-17T19:00:00Z,Valencia,Athletic Bilbao,Draw,pinnacle,3.42,0.27822,3.58,onexbet,13,3.3,
2026-10-04T19:29:46+00:00,soccer_spain_la_liga,1f566f17c50fe5162724ec2863d2207b,2026-10-18T12:00:00Z,CA Osasuna,Real Racing Club de Santander,H,pinnacle,1.9,0.50024,1.95,onexbet,10,1.82,
2026-10-04T19:29:46+00:00,soccer_spain_la_liga,1f566f17c50fe5162724ec2863d2207b,2026-10-18T12:00:00Z,CA Osasuna,Real Racing Club de Santander,A,pinnacle,4.3,0.22104,4.32,onexbet,10,3.78,
2026-10-04T19:29:46+00:00,soccer_spain_la_liga,1f566f17c50fe5162724ec2863d2207b,2026-10-18T12:00:00Z,CA Osasuna,Real Racing Club de Santander,Draw,pinnacle,3.41,0.27873,3.68,onexbet,10,3.53,
2026-10-04T19:29:46+00:00,soccer_spain_la_liga,aabe899ecc4c19a1fafe5440151b62e4,2026-10-18T14:15:00Z,Celta Vigo,Alavés,A,pinnacle,3.87,0.24551,3.94,onexbet,13,3.63,
2026-10-04T19:29:46+00:00,soccer_spain_la_liga,aabe899ecc4c19a1fafe5440151b62e4,2026-10-18T14:15:00Z,Celta Vigo,Alavés,H,pinnacle,2.0,0.47505,2.08,onexbet,13,1.94,
2026-10-04T19:29:46+00:00,soccer_spain_la_liga,aabe899ecc4c19a1fafe5440151b62e4,2026-10-18T14:15:00Z,Celta Vigo,Alavés,Draw,pinnacle,3.4,0.27944,3.58,onexbet,13,3.23,
2026-10-04T19:29:46+00:00,soccer_spain_la_liga,1051298b4aca6f07113309bff598a5c1,2026-10-18T16:30:00Z,Málaga,Real Sociedad,H,pinnacle,3.23,0.29467,3.3,unibet_se,13,3.0,
2026-10-04T19:29:46+00:00,soccer_spain_la_liga,1051298b4aca6f07113309bff598a5c1,2026-10-18T16:30:00Z,Málaga,Real Sociedad,A,pinnacle,2.2,0.43262,2.29,onexbet,13,2.12,
2026-10-04T19:29:46+00:00,soccer_spain_la_liga,1051298b4aca6f07113309bff598a5c1,2026-10-18T16:30:00Z,Málaga,Real Sociedad,Draw,pinnacle,3.49,0.27271,3.63,onexbet,13,3.38,
2026-10-04T19:29:46+00:00,soccer_spain_la_liga,eccd63bf768e2f2a358b871d3f33a63d,2026-10-18T19:00:00Z,Real Madrid,Sevilla,H,betfair_ex_eu,1.26,0.77847,1.3,onexbet,13,1.22,
2026-10-04T19:29:46+00:00,soccer_spain_la_liga,eccd63bf768e2f2a358b871d3f33a63d,2026-10-18T19:00:00Z,Real Madrid,Sevilla,A,betfair_ex_eu,11.5,0.08529,11.5,nordicbet,13,9.0,
2026-10-04T19:29:46+00:00,soccer_spain_la_liga,eccd63bf768e2f2a358b871d3f33a63d,2026-10-18T19:00:00Z,Real Madrid,Sevilla,Draw,betfair_ex_eu,7.2,0.13623,7.2,tipico_de,13,6.0,
2026-10-04T19:29:46+00:00,soccer_spain_la_liga,4a88bc4de574d43ef34677fd8d78722f,2026-10-19T19:00:00Z,Getafe,Rayo Vallecano,H,pinnacle,2.71,0.33503,2.86,onexbet,13,2.72,
2026-10-04T19:29:46+00:00,soccer_spain_la_liga,4a88bc4de574d43ef34677fd8d78722f,2026-10-19T19:00:00Z,Getafe,Rayo Vallecano,A,pinnacle,2.44,0.3721,2.82,onexbet,13,2.52,
2026-10-04T19:29:46+00:00,soccer_spain_la_liga,4a88bc4de574d43ef34677fd8d78722f,2026-10-19T19:00:00Z,Getafe,Rayo Vallecano,Draw,pinnacle,3.1,0.29288,3.21,onexbet,13,2.98,
2026-10-04T19:29:46+00:00,soccer_italy_serie_a,2f8e871a0f7f66ae22938028645e1066,2026-10-10T13:00:00Z,Genoa,Fiorentina,A,pinnacle,2.34,0.41348,2.4,unibet_se,19,2.12,2.25
2026-10-04T19:29:46+00:00,soccer_italy_serie_a,2f8e871a0f7f66ae22938028645e1066,2026-10-10T13:00:00Z,Genoa,Fiorentina,H,pinnacle,3.25,0.2977,3.35,matchbook,19,3.05,3.0
2026-10-04T19:29:46+00:00,soccer_italy_serie_a,2f8e871a0f7f66ae22938028645e1066,2026-10-10T13:00:00Z,Genoa,Fiorentina,Draw,pinnacle,3.35,0.28882,3.5,unibet_se,19,3.1,3.2
2026-10-04T19:29:46+00:00,soccer_italy_serie_a,1a01b0611dacd334e1558a5097e05023,2026-10-10T16:00:00Z,Inter Milan,Parma,H,pinnacle,1.15,0.83559,1.16,onexbet,19,1.12,1.14
2026-10-04T19:29:46+00:00,soccer_italy_serie_a,1a01b0611dacd334e1558a5097e05023,2026-10-10T16:00:00Z,Inter Milan,Parma,A,pinnacle,15.79,0.06086,22.0,matchbook,19,14.5,15.0
2026-10-04T19:29:46+00:00,soccer_italy_serie_a,1a01b0611dacd334e1558a5097e05023,2026-10-10T16:00:00Z,Inter Milan,Parma,Draw,pinnacle,9.28,0.10355,10.0,tipico_de,19,7.75,8.0
2026-10-04T19:29:46+00:00,soccer_italy_serie_a,40c1bd70fee927f9bfa8901edab02b48,2026-10-10T18:45:00Z,Napoli,Frosinone,A,pinnacle,6.5,0.14799,7.5,unibet_se,19,6.0,6.0
2026-10-04T19:29:46+00:00,soccer_italy_serie_a,40c1bd70fee927f9bfa8901edab02b48,2026-10-10T18:45:00Z,Napoli,Frosinone,H,pinnacle,1.45,0.6634,1.49,onexbet,19,1.4,1.44
2026-10-04T19:29:46+00:00,soccer_italy_serie_a,40c1bd70fee927f9bfa8901edab02b48,2026-10-10T18:45:00Z,Napoli,Frosinone,Draw,pinnacle,5.1,0.18861,5.2,tipico_de,19,4.75,4.5
2026-10-04T19:29:46+00:00,soccer_italy_serie_a,2547c0dbddd26d23fa532228e36348cb,2026-10-11T10:30:00Z,Como,AS Roma,A,pinnacle,2.65,0.36348,2.7,unibet_se,18,2.55,2.5
2026-10-04T19:29:46+00:00,soccer_italy_serie_a,2547c0dbddd26d23fa532228e36348cb,2026-10-11T10:30:00Z,Como,AS Roma,H,pinnacle,2.58,0.37334,2.69,onexbet,18,2.45,2.5
2026-10-04T19:29:46+00:00,soccer_italy_serie_a,2547c0dbddd26d23fa532228e36348cb,2026-10-11T10:30:00Z,Como,AS Roma,Draw,pinnacle,3.66,0.26318,3.71,onexbet,18,3.45,3.4
2026-10-04T19:29:46+00:00,soccer_italy_serie_a,946716d7e5e52822f08be8cb95193d9d,2026-10-11T13:00:00Z,Lecce,Bologna,A,pinnacle,1.91,0.50238,2.02,unibet_se,18,1.84,1.85
2026-10-04T19:29:46+00:00,soccer_italy_serie_a,946716d7e5e52822f08be8cb95193d9d,2026-10-11T13:00:00Z,Lecce,Bologna,H,pinnacle,4.6,0.2086,4.5,tipico_de,18,4.0,4.0
2026-10-04T19:29:46+00:00,soccer_italy_serie_a,946716d7e5e52822f08be8cb95193d9d,2026-10-11T13:00:00Z,Lecce,Bologna,Draw,pinnacle,3.32,0.28902,3.5,unibet_se,18,3.37,3.2
2026-10-04T19:29:46+00:00,soccer_italy_serie_a,c0f72699f32ec193b64fd54092fe268d,2026-10-11T13:00:00Z,Lazio,Monza,H,pinnacle,1.55,0.6188,1.63,onexbet,18,1.49,1.53
2026-10-04T19:29:46+00:00,soccer_italy_serie_a,c0f72699f32ec193b64fd54092fe268d,2026-10-11T13:00:00Z,Lazio,Monza,A,pinnacle,6.21,0.15445,6.5,tipico_de,18,5.9,5.5
2026-10-04T19:29:46+00:00,soccer_italy_serie_a,c0f72699f32ec193b64fd54092fe268d,2026-10-11T13:00:00Z,Lazio,Monza,Draw,pinnacle,4.23,0.22675,4.2,winamax_de,18,4.0,3.8
2026-10-04T19:29:46+00:00,soccer_italy_serie_a,1cf64166dda1e0da8b325161deb39662,2026-10-11T16:00:00Z,Sassuolo,AC Milan,A,pinnacle,1.78,0.53911,1.87,onexbet,18,1.74,1.8
2026-10-04T19:29:46+00:00,soccer_italy_serie_a,1cf64166dda1e0da8b325161deb39662,2026-10-11T16:00:00Z,Sassuolo,AC Milan,H,pinnacle,4.48,0.2142,4.5,tipico_de,18,4.1,4.0
2026-10-04T19:29:46+00:00,soccer_italy_serie_a,1cf64166dda1e0da8b325161deb39662,2026-10-11T16:00:00Z,Sassuolo,AC Milan,Draw,pinnacle,3.89,0.24669,3.91,onexbet,18,3.65,3.6
2026-10-04T19:29:46+00:00,soccer_italy_serie_a,407f7d03157d1dfad384876e6a6bc910,2026-10-11T18:45:00Z,Cagliari,Juventus,H,pinnacle,6.41,0.14928,6.54,onexbet,18,5.9,6.0
2026-10-04T19:29:46+00:00,soccer_italy_serie_a,407f7d03157d1dfad384876e6a6bc910,2026-10-11T18:45:00Z,Cagliari,Juventus,A,pinnacle,1.55,0.61734,1.62,onexbet,18,1.51,1.53
2026-10-04T19:29:46+00:00,soccer_italy_serie_a,407f7d03157d1dfad384876e6a6bc910,2026-10-11T18:45:00Z,Cagliari,Juventus,Draw,pinnacle,4.1,0.23338,4.09,onexbet,18,3.88,3.8
2026-10-04T19:29:46+00:00,soccer_italy_serie_a,0f2e7ff90b994f31d5cd48a9680943e1,2026-10-12T16:30:00Z,Atalanta BC,Venezia,H,pinnacle,1.57,0.60888,1.66,onexbet,17,1.52,1.53
2026-10-04T19:29:46+00:00,soccer_italy_serie_a,0f2e7ff90b994f31d5cd48a9680943e1,2026-10-12T16:30:00Z,Atalanta BC,Venezia,A,pinnacle,6.03,0.15853,5.95,coolbet,17,5.25,5.0
2026-10-04T19:29:46+00:00,soccer_italy_serie_a,0f2e7ff90b994f31d5cd48a9680943e1,2026-10-12T16:30:00Z,Atalanta BC,Venezia,Draw,pinnacle,4.11,0.23259,4.35,unibet_se,17,4.2,4.2
2026-10-04T19:29:46+00:00,soccer_italy_serie_a,f4a28510bb0c835280a2aca709c19d50,2026-10-12T18:45:00Z,Torino,Udinese,H,pinnacle,2.37,0.40603,2.42,onexbet,17,2.23,2.3
2026-10-04T19:29:46+00:00,soccer_italy_serie_a,f4a28510bb0c835280a2aca709c19d50,2026-10-12T18:45:00Z,Torino,Udinese,A,pinnacle,3.12,0.30843,3.2,tipico_de,17,3.0,2.9
2026-10-04T19:29:46+00:00,soccer_italy_serie_a,f4a28510bb0c835280a2aca709c19d50,2026-10-12T18:45:00Z,Torino,Udinese,Draw,pinnacle,3.37,0.28555,3.46,onexbet,17,3.25,3.2
2026-10-04T19:29:46+00:00,soccer_italy_serie_a,7d3160040958fe21778fd5ee485666c3,2026-10-16T18:45:00Z,Frosinone,Sassuolo,H,pinnacle,2.42,0.3937,2.53,onexbet,14,2.3,2.4
2026-10-04T19:29:46+00:00,soccer_italy_serie_a,7d3160040958fe21778fd5ee485666c3,2026-10-16T18:45:00Z,Frosinone,Sassuolo,A,pinnacle,2.9,0.32853,2.96,onexbet,14,2.67,2.75
2026-10-04T19:29:46+00:00,soccer_italy_serie_a,7d3160040958fe21778fd5ee485666c3,2026-10-16T18:45:00Z,Frosinone,Sassuolo,Draw,pinnacle,3.43,0.27777,3.6,unibet_se,14,3.45,3.3
2026-10-04T19:29:46+00:00,soccer_italy_serie_a,907639dade64cca45d1ab639195d201e,2026-10-17T13:00:00Z,Venezia,Napoli,A,pinnacle,1.7,0.55787,1.8,unibet_se,14,1.66,1.7
2026-10-04T19:29:46+00:00,soccer_italy_serie_a,907639dade64cca45d1ab639195d201e,2026-10-17T13:00:00Z,Venezia,Napoli,H,pinnacle,4.44,0.2136,4.74,onexbet,14,4.3,4.33
2026-10-04T19:29:46+00:00,soccer_italy_serie_a,907639dade64cca45d1ab639195d201e,2026-10-17T13:00:00Z,Venezia,Napoli,Draw,pinnacle,4.15,0.22853,4.22,onexbet,14,3.8,3.8
2026-10-04T19:29:46+00:00,soccer_italy_serie_a,bfefc309177723410230fee52f650315,2026-10-17T16:00:00Z,Bologna,Inter Milan,H,pinnacle,5.45,0.17367,5.55,onexbet,14,4.7,4.8
2026-10-04T19:29:46+00:00,soccer_italy_serie_a,bfefc309177723410230fee52f650315,2026-10-17T16:00:00Z,Bologna,Inter Milan,A,pinnacle,1.62,0.58426,1.69,onexbet,14,1.58,1.65
2026-10-04T19:29:46+00:00,soccer_italy_serie_a,bfefc309177723410230fee52f650315,2026-10-17T16:00:00Z,Bologna,Inter Milan,Draw,pinnacle,3.91,0.24207,4.12,onexbet,14,3.9,3.75
2026-10-04T19:29:46+00:00,soccer_italy_serie_a,18d478f469da3bcc654dd4555b85c7e3,2026-10-17T18:45:00Z,AS Roma,Genoa,H,pinnacle,1.3,0.72672,1.33,betsson,14,1.25,1.29
2026-10-04T19:29:46+00:00,soccer_italy_serie_a,18d478f469da3bcc654dd4555b85c7e3,2026-10-17T18:45:00Z,AS Roma,Genoa,A,pinnacle,9.06,0.10428,11.2,onexbet,14,8.75,9.5
2026-10-04T19:29:46+00:00,soccer_italy_serie_a,18d478f469da3bcc654dd4555b85c7e3,2026-10-17T18:45:00Z,AS Roma,Genoa,Draw,pinnacle,5.59,0.169,6.0,tipico_de,14,5.25,5.0
2026-10-04T19:29:46+00:00,soccer_italy_serie_a,367da93aa21a1e13eeafb94fd2263c75,2026-10-18T10:30:00Z,Udinese,Lecce,A,pinnacle,4.2,0.22603,4.35,unibet_se,14,4.05,3.9
2026-10-04T19:29:46+00:00,soccer_italy_serie_a,367da93aa21a1e13eeafb94fd2263c75,2026-10-18T10:30:00Z,Udinese,Lecce,H,pinnacle,1.85,0.51316,1.95,onexbet,14,1.79,1.85
2026-10-04T19:29:46+00:00,soccer_italy_serie_a,367da93aa21a1e13eeafb94fd2263c75,2026-10-18T10:30:00Z,Udinese,Lecce,Draw,pinnacle,3.64,0.26081,3.71,onexbet,14,3.43,3.4
2026-10-04T19:29:46+00:00,soccer_italy_serie_a,3ea32a0aa44a5f0ef7fd088155430087,2026-10-18T13:00:00Z,Fiorentina,Como,A,pinnacle,2.07,0.45966,2.13,onexbet,14,2.0,2.05
2026-10-04T19:29:46+00:00,soccer_italy_serie_a,3ea32a0aa44a5f0ef7fd088155430087,2026-10-18T13:00:00Z,Fiorentina,Como,H,pinnacle,3.36,0.28318,3.65,unibet_se,14,3.2,3.3
2026-10-04T19:29:46+00:00,soccer_italy_serie_a,3ea32a0aa44a5f0ef7fd088155430087,2026-10-18T13:00:00Z,Fiorentina,Como,Draw,pinnacle,3.7,0.25716,3.81,onexbet,14,3.48,3.5
2026-10-04T19:29:46+00:00,soccer_italy_serie_a,f9403dd597edbfaa73abdc974e55344c,2026-10-18T16:00:00Z,AC Milan,Atalanta BC,H,pinnacle,1.85,0.51241,1.95,onexbet,14,1.81,1.85
2026-10-04T19:29:46+00:00,soccer_italy_serie_a,f9403dd597edbfaa73abdc974e55344c,2026-10-18T16:00:00Z,AC Milan,Atalanta BC,A,pinnacle,4.16,0.22787,4.25,unibet_se,14,3.8,3.9
2026-10-04T19:29:46+00:00,soccer_italy_serie_a,f9403dd597edbfaa73abdc974e55344c,2026-10-18T16:00:00Z,AC Milan,Atalanta BC,Draw,pinnacle,3.65,0.25971,3.79,onexbet,14,3.5,3.4
2026-10-04T19:29:46+00:00,soccer_italy_serie_a,4c4026e2782f09d6f0ff2bde2a390513,2026-10-18T18:45:00Z,Juventus,Lazio,H,pinnacle,1.64,0.57774,1.7,unibet_se,14,1.6,1.61
2026-10-04T19:29:46+00:00,soccer_italy_serie_a,4c4026e2782f09d6f0ff2bde2a390513,2026-10-18T18:45:00Z,Juventus,Lazio,A,pinnacle,5.34,0.17743,5.66,onexbet,14,4.95,5.0
2026-10-04T19:29:46+00:00,soccer_italy_serie_a,4c4026e2782f09d6f0ff2bde2a390513,2026-10-18T18:45:00Z,Juventus,Lazio,Draw,pinnacle,3.87,0.24483,4.12,onexbet,14,3.68,3.8
2026-10-04T19:29:46+00:00,soccer_italy_serie_a,ce94aca384a20f6af459366da6e1dd21,2026-10-19T16:30:00Z,Monza,Cagliari,A,pinnacle,3.58,0.26592,3.9,onexbet,14,3.42,3.3
2026-10-04T19:29:46+00:00,soccer_italy_serie_a,ce94aca384a20f6af459366da6e1dd21,2026-10-19T16:30:00Z,Monza,Cagliari,H,pinnacle,2.19,0.4347,2.21,onexbet,14,2.02,2.15
2026-10-04T19:29:46+00:00,soccer_italy_serie_a,ce94aca384a20f6af459366da6e1dd21,2026-10-19T16:30:00Z,Monza,Cagliari,Draw,pinnacle,3.18,0.29937,3.3,winamax_de,14,3.2,3.2
2026-10-04T19:29:46+00:00,soccer_italy_serie_a,07014d9adc65ca39710bd9f0c7c0d3f0,2026-10-19T18:45:00Z,Parma,Torino,H,pinnacle,3.2,0.29774,3.25,onexbet,14,2.95,3.0
2026-10-04T19:29:46+00:00,soccer_italy_serie_a,07014d9adc65ca39710bd9f0c7c0d3f0,2026-10-19T18:45:00Z,Parma,Torino,A,pinnacle,2.47,0.38573,2.52,onexbet,14,2.3,2.4
2026-10-04T19:29:46+00:00,soccer_italy_serie_a,07014d9adc65ca39710bd9f0c7c0d3f0,2026-10-19T18:45:00Z,Parma,Torino,Draw,pinnacle,3.01,0.31653,3.25,unibet_se,14,3.05,3.0
2026-10-04T19:29:46+00:00,soccer_germany_bundesliga,3fb63658405d468954f57745cd115118,2026-10-09T18:30:00Z,Borussia Dortmund,Werder Bremen,H,pinnacle,1.41,0.68341,1.41,onexbet,20,1.33,1.36
2026-10-04T19:29:46+00:00,soccer_germany_bundesliga,3fb63658405d468954f57745cd115118,2026-10-09T18:30:00Z,Borussia Dortmund,Werder Bremen,A,pinnacle,6.91,0.13945,8.0,unibet_se,20,6.6,6.5
2026-10-04T19:29:46+00:00,soccer_germany_bundesliga,3fb63658405d468954f57745cd115118,2026-10-09T18:30:00Z,Borussia Dortmund,Werder Bremen,Draw,pinnacle,5.44,0.17713,5.75,unibet_se,20,5.4,5.0
2026-10-04T19:29:46+00:00,soccer_germany_bundesliga,3b71160ad20dba786c4f92e33c987d80,2026-10-10T13:30:00Z,Augsburg,Bayern Munich,H,pinnacle,9.2,0.10442,12.5,nordicbet,20,9.25,9.5
2026-10-04T19:29:46+00:00,soccer_germany_bundesliga,3b71160ad20dba786c4f92e33c987d80,2026-10-10T13:30:00Z,Augsburg,Bayern Munich,A,pinnacle,1.22,0.7874,1.24,unibet_se,20,1.17,1.2
2026-10-04T19:29:46+00:00,soccer_germany_bundesliga,3b71160ad20dba786c4f92e33c987d80,2026-10-10T13:30:00Z,Augsburg,Bayern Munich,Draw,pinnacle,8.88,0.10818,9.25,betonlineag,20,7.5,7.5
2026-10-04T19:29:46+00:00,soccer_germany_bundesliga,418f8c26d46eaabd829f2e265673b855,2026-10-10T13:30:00Z,FSV Mainz 05,Bayer Leverkusen,A,pinnacle,2.24,0.43232,2.31,onexbet,20,2.1,2.25
2026-10-04T19:29:46+00:00,soccer_germany_bundesliga,418f8c26d46eaabd829f2e265673b855,2026-10-10T13:30:00Z,FSV Mainz 05,Bayer Leverkusen,H,pinnacle,2.98,0.32497,3.01,onexbet,20,2.87,2.8
2026-10-04T19:29:46+00:00,soccer_germany_bundesliga,418f8c26d46eaabd829f2e265673b855,2026-10-10T13:30:00Z,FSV Mainz 05,Bayer Leverkusen,Draw,pinnacle,3.99,0.24271,4.0,unibet_se,20,3.78,3.6
2026-10-04T19:29:46+00:00,soccer_germany_bundesliga,2fd48be0a24ed906187067d4170bf010,2026-10-10T13:30:00Z,Union Berlin,Elversberg,A,pinnacle,2.85,0.33962,3.07,onexbet,20,2.85,2.88
2026-10-04T19:29:46+00:00,soccer_germany_bundesliga,2fd48be0a24ed906187067d4170bf010,2026-10-10T13:30:00Z,Union Berlin,Elversberg,H,pinnacle,2.31,0.41901,2.35,unibet_se,20,2.12,2.15
2026-10-04T19:29:46+00:00,soccer_germany_bundesliga,2fd48be0a24ed906187067d4170bf010,2026-10-10T13:30:00Z,Union Berlin,Elversberg,Draw,pinnacle,4.01,0.24137,4.05,betonlineag,20,3.73,3.7
2026-10-04T19:29:46+00:00,soccer_germany_bundesliga,f03c08c0ae5fd66c2d2df2053115bb94,2026-10-10T13:30:00Z,TSG Hoffenheim,Hamburger SV,A,pinnacle,7.09,0.13568,7.05,betonlineag,20,6.1,6.0
2026-10-04T19:29:46+00:00,soccer_germany_bundesliga,f03c08c0ae5fd66c2d2df2053115bb94,2026-10-10T13:30:00Z,TSG Hoffenheim,Hamburger SV,H,pinnacle,1.44,0.66801,1.49,onexbet,20,1.38,1.4
2026-10-04T19:29:46+00:00,soccer_germany_bundesliga,f03c08c0ae5fd66c2d2df2053115bb94,2026-10-10T13:30:00Z,TSG Hoffenheim,Hamburger SV,Draw,pinnacle,4.9,0.19631,5.5,unibet_se,20,5.1,4.75
2026-10-04T19:29:46+00:00,soccer_germany_bundesliga,9aade3e736c3d113dab19e641c43e272,2026-10-10T13:30:00Z,SC Paderborn,VfB Stuttgart,H,pinnacle,4.86,0.19809,5.08,onexbet,20,4.75,4.6
2026-10-04T19:29:46+00:00,soccer_germany_bundesliga,9aade3e736c3d113dab19e641c43e272,2026-10-10T13:30:00Z,SC Paderborn,VfB Stuttgart,A,pinnacle,1.61,0.59795,1.64,unibet_se,20,1.52,1.57
2026-10-04T19:29:46+00:00,soccer_germany_bundesliga,9aade3e736c3d113dab19e641c43e272,2026-10-10T13:30:00Z,SC Paderborn,VfB Stuttgart,Draw,pinnacle,4.72,0.20396,4.83,onexbet,20,4.5,4.33
2026-10-04T19:29:46+00:00,soccer_germany_bundesliga,01cb7a67c8ae71201ec27297455fc0e8,2026-10-10T16:30:00Z,RB Leipzig,Eintracht Frankfurt,A,pinnacle,5.16,0.18682,5.5,coolbet,20,4.9,4.8
2026-10-04T19:29:46+00:00,soccer_germany_bundesliga,01cb7a67c8ae71201ec27297455fc0e8,2026-10-10T16:30:00Z,RB Leipzig,Eintracht Frankfurt,H,pinnacle,1.55,0.62192,1.58,onexbet,20,1.48,1.5
2026-10-04T19:29:46+00:00,soccer_germany_bundesliga,01cb7a67c8ae71201ec27297455fc0e8,2026-10-10T16:30:00Z,RB Leipzig,Eintracht Frankfurt,Draw,pinnacle,5.04,0.19126,5.13,onexbet,20,4.75,4.6
2026-10-04T19:29:46+00:00,soccer_germany_bundesliga,a8801462cb97a43570956e4b3ef4aedf,2026-10-11T13:30:00Z,1. FC Köln,Borussia Monchengladbach,H,pinnacle,2.03,0.47352,2.04,codere_it,18,1.92,1.91
2026-10-04T19:29:46+00:00,soccer_germany_bundesliga,a8801462cb97a43570956e4b3ef4aedf,2026-10-11T13:30:00Z,1. FC Köln,Borussia Monchengladbach,A,pinnacle,3.26,0.29486,3.57,onexbet,18,3.23,3.3
2026-10-04T19:29:46+00:00,soccer_germany_bundesliga,a8801462cb97a43570956e4b3ef4aedf,2026-10-11T13:30:00Z,1. FC Köln,Borussia Monchengladbach,Draw,pinnacle,4.15,0.23162,4.25,unibet_se,18,3.83,3.8
2026-10-04T19:29:46+00:00,soccer_germany_bundesliga,eaf509fb37413b7d055cd394667792b3,2026-10-11T15:30:00Z,SC Freiburg,FC Schalke 04,A,pinnacle,5.43,0.17683,5.44,onexbet,18,4.8,4.8
2026-10-04T19:29:46+00:00,soccer_germany_bundesliga,eaf509fb37413b7d055cd394667792b3,2026-10-11T15:30:00Z,SC Freiburg,FC Schalke 04,H,pinnacle,1.65,0.58192,1.71,onexbet,18,1.57,1.61
2026-10-04T19:29:46+00:00,soccer_germany_bundesliga,eaf509fb37413b7d055cd394667792b3,2026-10-11T15:30:00Z,SC Freiburg,FC Schalke 04,Draw,pinnacle,3.98,0.24125,4.4,coolbet,18,4.05,3.8
2026-10-04T19:29:46+00:00,soccer_germany_bundesliga,947bd5d924835af090d9cdc7bbdf10f6,2026-10-16T18:30:00Z,Eintracht Frankfurt,1. FC Köln,A,pinnacle,3.41,0.27875,3.52,onexbet,12,3.18,3.3
2026-10-04T19:29:46+00:00,soccer_germany_bundesliga,947bd5d924835af090d9cdc7bbdf10f6,2026-10-16T18:30:00Z,Eintracht Frankfurt,1. FC Köln,H,pinnacle,1.94,0.48997,2.0,onexbet,12,1.9,1.91
2026-10-04T19:29:46+00:00,soccer_germany_bundesliga,947bd5d924835af090d9cdc7bbdf10f6,2026-10-16T18:30:00Z,Eintracht Frankfurt,1. FC Köln,Draw,pinnacle,4.11,0.23128,4.3,tipico_de,12,3.88,3.9
2026-10-04T19:29:46+00:00,soccer_germany_bundesliga,0bf757f3bd903496ce2fa27bd0481869,2026-10-17T13:30:00Z,Elversberg,Augsburg,A,pinnacle,2.63,0.36216,2.71,onexbet,12,2.5,2.6
2026-10-04T19:29:46+00:00,soccer_germany_bundesliga,0bf757f3bd903496ce2fa27bd0481869,2026-10-17T13:30:00Z,Elversberg,Augsburg,H,pinnacle,2.46,0.38719,2.55,onexbet,12,2.33,2.4
2026-10-04T19:29:46+00:00,soccer_germany_bundesliga,0bf757f3bd903496ce2fa27bd0481869,2026-10-17T13:30:00Z,Elversberg,Augsburg,Draw,pinnacle,3.8,0.25065,3.92,onexbet,12,3.68,3.6
2026-10-04T19:29:46+00:00,soccer_germany_bundesliga,d8eac776adb07b0e7f01d8736d097291,2026-10-17T13:30:00Z,Union Berlin,Borussia Dortmund,A,pinnacle,1.68,0.56321,1.73,onexbet,12,1.62,1.67
2026-10-04T19:29:46+00:00,soccer_germany_bundesliga,d8eac776adb07b0e7f01d8736d097291,2026-10-17T13:30:00Z,Union Berlin,Borussia Dortmund,H,pinnacle,4.44,0.21311,4.72,onexbet,12,4.25,4.33
2026-10-04T19:29:46+00:00,soccer_germany_bundesliga,d8eac776adb07b0e7f01d8736d097291,2026-10-17T13:30:00Z,Union Berlin,Borussia Dortmund,Draw,pinnacle,4.23,0.22369,4.45,onexbet,12,4.05,4.0
2026-10-04T19:29:46+00:00,soccer_germany_bundesliga,606d65d57a9a6d8f9b53faee1ad10009,2026-10-17T13:30:00Z,FC Schalke 04,FSV Mainz 05,H,pinnacle,2.85,0.33411,2.98,onexbet,12,2.77,2.8
2026-10-04T19:29:46+00:00,soccer_germany_bundesliga,606d65d57a9a6d8f9b53faee1ad10009,2026-10-17T13:30:00Z,FC Schalke 04,FSV Mainz 05,A,pinnacle,2.39,0.39842,2.44,onexbet,12,2.2,2.3
2026-10-04T19:29:46+00:00,soccer_germany_bundesliga,606d65d57a9a6d8f9b53faee1ad10009,2026-10-17T13:30:00Z,FC Schalke 04,FSV Mainz 05,Draw,pinnacle,3.56,0.26748,3.7,onexbet,12,3.5,3.4
2026-10-04T19:29:46+00:00,soccer_germany_bundesliga,221916b8b36706ec52aa655a64e5f1d2,2026-10-17T13:30:00Z,Hamburger SV,VfB Stuttgart,H,pinnacle,4.04,0.2355,4.08,onexbet,12,3.53,3.4
2026-10-04T19:29:46+00:00,soccer_germany_bundesliga,221916b8b36706ec52aa655a64e5f1d2,2026-10-17T13:30:00Z,Hamburger SV,VfB Stuttgart,A,pinnacle,1.83,0.51991,1.9,onexbet,12,1.78,1.83
2026-10-04T19:29:46+00:00,soccer_germany_bundesliga,221916b8b36706ec52aa655a64e5f1d2,2026-10-17T13:30:00Z,Hamburger SV,VfB Stuttgart,Draw,pinnacle,3.89,0.24459,4.1,tipico_de,12,3.93,4.0
2026-10-04T19:29:46+00:00,soccer_germany_bundesliga,9a422e1aad1053828eaf629a58d901de,2026-10-17T13:30:00Z,Werder Bremen,SC Paderborn,A,pinnacle,4.02,0.23612,4.25,nordicbet,12,3.78,3.75
2026-10-04T19:29:46+00:00,soccer_germany_bundesliga,9a422e1aad1053828eaf629a58d901de,2026-10-17T13:30:00Z,Werder Bremen,SC Paderborn,H,pinnacle,1.77,0.53626,1.84,onexbet,12,1.75,1.8
2026-10-04T19:29:46+00:00,soccer_germany_bundesliga,9a422e1aad1053828eaf629a58d901de,2026-10-17T13:30:00Z,Werder Bremen,SC Paderborn,Draw,pinnacle,4.17,0.22762,4.26,onexbet,12,3.8,3.8
2026-10-04T19:29:46+00:00,soccer_germany_bundesliga,9a64448205fdc4b95f45641bb946706c,2026-10-17T16:30:00Z,Bayern Munich,RB Leipzig,H,betfair_ex_eu,1.25,0.77285,1.27,onexbet,12,1.19,1.25
2026-10-04T19:29:46+00:00,soccer_germany_bundesliga,9a64448205fdc4b95f45641bb946706c,2026-10-17T16:30:00Z,Bayern Munich,RB Leipzig,A,betfair_ex_eu,10.0,0.09661,11.5,nordicbet,12,8.5,9.5
2026-10-04T19:29:46+00:00,soccer_germany_bundesliga,9a64448205fdc4b95f45641bb946706c,2026-10-17T16:30:00Z,Bayern Munich,RB Leipzig,Draw,betfair_ex_eu,7.4,0.13055,7.8,tipico_de,12,7.0,6.0
2026-10-04T19:29:46+00:00,soccer_germany_bundesliga,096d800bcc95c547ef592cbef624d080,2026-10-18T13:30:00Z,Bayer Leverkusen,SC Freiburg,H,pinnacle,1.65,0.57392,1.7,onexbet,12,1.61,1.61
2026-10-04T19:29:46+00:00,soccer_germany_bundesliga,096d800bcc95c547ef592cbef624d080,2026-10-18T13:30:00Z,Bayer Leverkusen,SC Freiburg,A,pinnacle,4.46,0.21232,4.83,onexbet,12,4.3,4.4
2026-10-04T19:29:46+00:00,soccer_germany_bundesliga,096d800bcc95c547ef592cbef624d080,2026-10-18T13:30:00Z,Bayer Leverkusen,SC Freiburg,Draw,pinnacle,4.43,0.21376,4.51,onexbet,12,4.1,4.2
2026-10-04T19:29:46+00:00,soccer_germany_bundesliga,fd9b8c185737a15615aa0c9daaa3dfbf,2026-10-18T15:30:00Z,Borussia Monchengladbach,TSG Hoffenheim,H,pinnacle,3.4,0.27956,3.69,onexbet,12,3.33,3.4
2026-10-04T19:29:46+00:00,soccer_germany_bundesliga,fd9b8c185737a15615aa0c9daaa3dfbf,2026-10-18T15:30:00Z,Borussia Monchengladbach,TSG Hoffenheim,A,pinnacle,1.93,0.4925,1.95,onexbet,12,1.84,1.85
2026-10-04T19:29:46+00:00,soccer_germany_bundesliga,fd9b8c185737a15615aa0c9daaa3dfbf,2026-10-18T15:30:00Z,Borussia Monchengladbach,TSG Hoffenheim,Draw,pinnacle,4.17,0.22794,4.31,onexbet,12,3.9,3.9
2026-10-04T19:29:46+00:00,soccer_france_ligue_one,17694e68f399fdf9c5030021ec9bb595,2026-10-09T18:45:00Z,RC Lens,Lyon,A,pinnacle,2.71,0.3569,2.92,onexbet,19,2.63,2.7
2026-10-04T19:29:46+00:00,soccer_france_ligue_one,17694e68f399fdf9c5030021ec9bb595,2026-10-09T18:45:00Z,RC Lens,Lyon,H,pinnacle,2.46,0.39317,2.45,coolbet,19,2.3,2.3
2026-10-04T19:29:46+00:00,soccer_france_ligue_one,17694e68f399fdf9c5030021ec9bb595,2026-10-09T18:45:00Z,RC Lens,Lyon,Draw,pinnacle,3.87,0.24992,3.85,unibet_se,19,3.6,3.5
2026-10-04T19:29:46+00:00,soccer_france_ligue_one,2c173b3bd3a1491f17fcad1012019c4f,2026-10-10T15:15:00Z,Lille,Le Havre,A,pinnacle,6.81,0.14112,7.5,unibet_se,19,6.5,6.5
2026-10-04T19:29:46+00:00,soccer_france_ligue_one,2c173b3bd3a1491f17fcad1012019c4f,2026-10-10T15:15:00Z,Lille,Le Havre,H,pinnacle,1.45,0.66276,1.48,onexbet,19,1.39,1.4
2026-10-04T19:29:46+00:00,soccer_france_ligue_one,2c173b3bd3a1491f17fcad1012019c4f,2026-10-10T15:15:00Z,Lille,Le Havre,Draw,pinnacle,4.9,0.19612,5.0,coolbet,19,4.6,4.4
2026-10-04T19:29:46+00:00,soccer_france_ligue_one,c2c64ebfc5810226f807c1920d580392,2026-10-10T18:45:00Z,AS Monaco,Toulouse,H,pinnacle,1.61,0.59874,1.69,onexbet,19,1.56,1.6
2026-10-04T19:29:46+00:00,soccer_france_ligue_one,c2c64ebfc5810226f807c1920d580392,2026-10-10T18:45:00Z,AS Monaco,Toulouse,A,pinnacle,5.18,0.18609,5.4,nordicbet,19,4.85,4.75
2026-10-04T19:29:46+00:00,soccer_france_ligue_one,c2c64ebfc5810226f807c1920d580392,2026-10-10T18:45:00Z,AS Monaco,Toulouse,Draw,pinnacle,4.48,0.21517,4.4,coolbet,19,4.1,4.0
2026-10-04T19:29:46+00:00,soccer_france_ligue_one,007dc2ff845c33e3e18f2bd2bc126304,2026-10-10T18:45:00Z,Brest,Angers,A,pinnacle,3.68,0.26263,4.0,unibet_se,19,3.55,3.4
2026-10-04T19:29:46+00:00,soccer_france_ligue_one,007dc2ff845c33e3e18f2bd2bc126304,2026-10-10T18:45:00Z,Brest,Angers,H,pinnacle,1.99,0.48568,2.04,onexbet,19,1.9,1.91
2026-10-04T19:29:46+00:00,soccer_france_ligue_one,007dc2ff845c33e3e18f2bd2bc126304,2026-10-10T18:45:00Z,Brest,Angers,Draw,pinnacle,3.84,0.25169,3.85,winamax_de,19,3.55,3.6
2026-10-04T19:29:46+00:00,soccer_france_ligue_one,2849460eb4d15adbb20ec15927a0fd4a,2026-10-10T18:45:00Z,Paris Saint Germain,Le Mans FC,A,pinnacle,23.16,0.04146,38.0,nordicbet,18,22.0,26.0
2026-10-04T19:29:46+00:00,soccer_france_ligue_one,2849460eb4d15adbb20ec15927a0fd4a,2026-10-10T18:45:00Z,Paris Saint Germain,Le Mans FC,H,pinnacle,1.08,0.88906,1.1,unibet_se,18,1.06,1.06
2026-10-04T19:29:46+00:00,soccer_france_ligue_one,2849460eb4d15adbb20ec15927a0fd4a,2026-10-10T18:45:00Z,Paris Saint Germain,Le Mans FC,Draw,pinnacle,13.82,0.06948,16.5,onexbet,18,10.25,13.0
2026-10-04T19:29:46+00:00,soccer_france_ligue_one,3aa72885e0aa107c62843749f7930a9a,2026-10-10T18:45:00Z,Lorient,Paris FC,H,pinnacle,3.16,0.30647,3.18,onexbet,19,3.0,2.9
2026-10-04T19:29:46+00:00,soccer_france_ligue_one,3aa72885e0aa107c62843749f7930a9a,2026-10-10T18:45:00Z,Lorient,Paris FC,A,pinnacle,2.41,0.40184,2.45,unibet_se,19,2.22,2.3
2026-10-04T19:29:46+00:00,soccer_france_ligue_one,3aa72885e0aa107c62843749f7930a9a,2026-10-10T18:45:00Z,Lorient,Paris FC,Draw,pinnacle,3.32,0.2917,3.6,unibet_se,19,3.27,3.25
2026-10-04T19:29:46+00:00,soccer_france_ligue_one,5d3606630a2d3a218a6340d082c1bdc6,2026-10-11T13:00:00Z,Nice,Strasbourg,H,pinnacle,2.34,0.41109,2.36,onexbet,18,2.2,2.25
2026-10-04T19:29:46+00:00,soccer_france_ligue_one,5d3606630a2d3a218a6340d082c1bdc6,2026-10-11T13:00:00Z,Nice,Strasbourg,A,pinnacle,2.95,0.32608,3.15,unibet_se,18,2.88,2.9
2026-10-04T19:29:46+00:00,soccer_france_ligue_one,5d3606630a2d3a218a6340d082c1bdc6,2026-10-11T13:00:00Z,Nice,Strasbourg,Draw,pinnacle,3.66,0.26283,3.85,coolbet,18,3.48,3.4
2026-10-04T19:29:46+00:00,soccer_france_ligue_one,34f584ab922e220dc4f3b81217959d6d,2026-10-11T15:15:00Z,Rennes,Auxerre,A,pinnacle,6.42,0.14905,7.5,unibet_se,18,6.1,6.0
2026-10-04T19:29:46+00:00,soccer_france_ligue_one,34f584ab922e220dc4f3b81217959d6d,2026-10-11T15:15:00Z,Rennes,Auxerre,H,pinnacle,1.45,0.65994,1.48,onexbet,18,1.39,1.4
2026-10-04T19:29:46+00:00,soccer_france_ligue_one,34f584ab922e220dc4f3b81217959d6d,2026-10-11T15:15:00Z,Rennes,Auxerre,Draw,pinnacle,5.01,0.191,5.14,onexbet,18,4.8,4.6
2026-10-04T19:29:46+00:00,soccer_france_ligue_one,cb7067ac191abf32ad49dad45e46f639,2026-10-11T18:45:00Z,Troyes,Marseille,A,pinnacle,1.89,0.5081,1.93,unibet_se,18,1.78,1.85
2026-10-04T19:29:46+00:00,soccer_france_ligue_one,cb7067ac191abf32ad49dad45e46f639,2026-10-11T18:45:00Z,Troyes,Marseille,H,pinnacle,3.86,0.24878,4.03,onexbet,18,3.78,3.6
2026-10-04T19:29:46+00:00,soccer_france_ligue_one,cb7067ac191abf32ad49dad45e46f639,2026-10-11T18:45:00Z,Troyes,Marseille,Draw,pinnacle,3.95,0.24312,4.2,coolbet,18,3.78,3.6
2026-10-04T19:29:46+00:00,soccer_france_ligue_one,66c168c030f3faad3983fcadc3060009,2026-10-16T18:45:00Z,Le Mans FC,Toulouse,H,pinnacle,3.12,0.30531,3.3,unibet_se,15,2.9,3.0
2026-10-04T19:29:46+00:00,soccer_france_ligue_one,66c168c030f3faad3983fcadc3060009,2026-10-16T18:45:00Z,Le Mans FC,Toulouse,A,pinnacle,2.28,0.41779,2.34,onexbet,15,2.18,2.2
2026-10-04T19:29:46+00:00,soccer_france_ligue_one,66c168c030f3faad3983fcadc3060009,2026-10-16T18:45:00Z,Le Mans FC,Toulouse,Draw,pinnacle,3.44,0.27691,3.57,onexbet,15,3.37,3.3
2026-10-04T19:29:46+00:00,soccer_france_ligue_one,f3034246520a2ee4ff0ac0d5074966f8,2026-10-17T15:15:00Z,Strasbourg,Paris Saint Germain,A,pinnacle,1.4,0.67671,1.46,onexbet,15,1.36,1.4
2026-10-04T19:29:46+00:00,soccer_france_ligue_one,f3034246520a2ee4ff0ac0d5074966f8,2026-10-17T15:15:00Z,Strasbourg,Paris Saint Germain,H,pinnacle,6.38,0.14849,6.8,nordicbet,15,5.6,6.0
2026-10-04T19:29:46+00:00,soccer_france_ligue_one,f3034246520a2ee4ff0ac0d5074966f8,2026-10-17T15:15:00Z,Strasbourg,Paris Saint Germain,Draw,pinnacle,5.42,0.1748,5.7,tipico_de,15,5.4,4.8
2026-10-04T19:29:46+00:00,soccer_france_ligue_one,ad25a350c89b64715e15c59cde5653d3,2026-10-17T18:45:00Z,Lille,Brest,A,pinnacle,5.42,0.17489,5.4,unibet_se,15,4.9,4.8
2026-10-04T19:29:46+00:00,soccer_france_ligue_one,ad25a350c89b64715e15c59cde5653d3,2026-10-17T18:45:00Z,Lille,Brest,H,pinnacle,1.58,0.59995,1.66,onexbet,15,1.53,1.61
2026-10-04T19:29:46+00:00,soccer_france_ligue_one,ad25a350c89b64715e15c59cde5653d3,2026-10-17T18:45:00Z,Lille,Brest,Draw,pinnacle,4.21,0.22516,4.37,onexbet,15,4.1,3.9
2026-10-04T19:29:46+00:00,soccer_france_ligue_one,b077aa049133c0358bcd643bfee48da3,2026-10-17T18:45:00Z,Troyes,RC Lens,A,pinnacle,1.81,0.52431,1.87,onexbet,15,1.76,1.8
2026-10-04T19:29:46+00:00,soccer_france_ligue_one,b077aa049133c0358bcd643bfee48da3,2026-10-17T18:45:00Z,Troyes,RC Lens,H,pinnacle,4.0,0.23725,4.3,onexbet,15,3.75,3.9
2026-10-04T19:29:46+00:00,soccer_france_ligue_one,b077aa049133c0358bcd643bfee48da3,2026-10-17T18:45:00Z,Troyes,RC Lens,Draw,pinnacle,3.98,0.23844,4.1,unibet_se,15,3.78,3.7
2026-10-04T19:29:46+00:00,soccer_france_ligue_one,c7a60aa94470fe959fbf6b0c68060fc1,2026-10-18T13:00:00Z,Angers,Marseille,H,pinnacle,3.08,0.30915,3.21,onexbet,15,2.9,3.0
2026-10-04T19:29:46+00:00,soccer_france_ligue_one,c7a60aa94470fe959fbf6b0c68060fc1,2026-10-18T13:00:00Z,Angers,Marseille,A,pinnacle,2.2,0.43281,2.28,onexbet,15,2.13,2.15
2026-10-04T19:29:46+00:00,soccer_france_ligue_one,c7a60aa94470fe959fbf6b0c68060fc1,2026-10-18T13:00:00Z,Angers,Marseille,Draw,pinnacle,3.69,0.25804,3.85,unibet_se,15,3.5,3.4
2026-10-04T19:29:46+00:00,soccer_france_ligue_one,53f5fe7ed0ba0fbf6345c73270e4cd00,2026-10-18T15:15:00Z,Lorient,AS Monaco,A,pinnacle,2.1,0.45333,2.17,onexbet,15,1.98,2.05
2026-10-04T19:29:46+00:00,soccer_france_ligue_one,53f5fe7ed0ba0fbf6345c73270e4cd00,2026-10-18T15:15:00Z,Lorient,AS Monaco,H,pinnacle,3.57,0.26667,3.75,unibet_se,15,3.32,3.4
2026-10-04T19:29:46+00:00,soccer_france_ligue_one,53f5fe7ed0ba0fbf6345c73270e4cd00,2026-10-18T15:15:00Z,Lorient,AS Monaco,Draw,pinnacle,3.4,0.28,3.58,onexbet,15,3.42,3.3
2026-10-04T19:29:46+00:00,soccer_france_ligue_one,d637845b9760bb02b55bbbaa32b5c21e,2026-10-18T15:15:00Z,Le Havre,Auxerre,A,pinnacle,2.9,0.32826,3.0,unibet_se,15,2.77,2.8
2026-10-04T19:29:46+00:00,soccer_france_ligue_one,d637845b9760bb02b55bbbaa32b5c21e,2026-10-18T15:15:00Z,Le Havre,Auxerre,H,pinnacle,2.43,0.39175,2.52,onexbet,15,2.28,2.4
2026-10-04T19:29:46+00:00,soccer_france_ligue_one,d637845b9760bb02b55bbbaa32b5c21e,2026-10-18T15:15:00Z,Le Havre,Auxerre,Draw,pinnacle,3.4,0.27999,3.51,onexbet,15,3.32,3.25
2026-10-04T19:29:46+00:00,soccer_france_ligue_one,27f7222d2abde93fc6e8d17b5b05b272,2026-10-18T15:15:00Z,Paris FC,Rennes,H,pinnacle,2.31,0.41221,2.37,onexbet,15,2.13,2.25
2026-10-04T19:29:46+00:00,soccer_france_ligue_one,27f7222d2abde93fc6e8d17b5b05b272,2026-10-18T15:15:00Z,Paris FC,Rennes,A,pinnacle,3.25,0.29299,3.29,onexbet,15,2.95,2.8
2026-10-04T19:29:46+00:00,soccer_france_ligue_one,27f7222d2abde93fc6e8d17b5b05b272,2026-10-18T15:15:00Z,Paris FC,Rennes,Draw,pinnacle,3.23,0.2948,3.6,unibet_se,15,3.42,3.5
2026-10-04T19:29:46+00:00,soccer_france_ligue_one,471f891b1f6516a864ad94c8eb649f5e,2026-10-18T18:45:00Z,Lyon,Nice,H,pinnacle,1.64,0.5783,1.71,onexbet,15,1.6,1.65
2026-10-04T19:29:46+00:00,soccer_france_ligue_one,471f891b1f6516a864ad94c8eb649f5e,2026-10-18T18:45:00Z,Lyon,Nice,A,pinnacle,4.91,0.19316,5.24,onexbet,15,4.6,4.8
2026-10-04T19:29:46+00:00,soccer_france_ligue_one,471f891b1f6516a864ad94c8eb649f5e,2026-10-18T18:45:00Z,Lyon,Nice,Draw,pinnacle,4.15,0.22853,4.16,onexbet,15,3.9,3.8
2026-10-05T18:18:23+00:00,soccer_portugal_primeira_liga,0956c06cd173899e11422bece0fbf94f,2026-10-09T17:45:00Z,Moreirense FC,Gil Vicente,A,pinnacle,2.25,0.42306,2.28,unibet_se,15,2.08,2.15
2026-10-05T18:18:23+00:00,soccer_portugal_primeira_liga,0956c06cd173899e11422bece0fbf94f,2026-10-09T17:45:00Z,Moreirense FC,Gil Vicente,H,pinnacle,3.54,0.26889,3.5,betonlineag,15,3.23,3.3
2026-10-05T18:18:23+00:00,soccer_portugal_primeira_liga,0956c06cd173899e11422bece0fbf94f,2026-10-09T17:45:00Z,Moreirense FC,Gil Vicente,Draw,pinnacle,3.09,0.30805,3.2,gtbets,15,3.02,3.1
2026-10-05T18:18:23+00:00,soccer_portugal_primeira_liga,b4d52d1abd5efcd669a093139239c7b0,2026-10-09T19:15:00Z,Braga,Sporting Lisbon,H,pinnacle,3.68,0.25858,3.9,tipico_de,14,3.43,3.4
2026-10-05T18:18:23+00:00,soccer_portugal_primeira_liga,b4d52d1abd5efcd669a093139239c7b0,2026-10-09T19:15:00Z,Braga,Sporting Lisbon,A,pinnacle,2.02,0.47108,2.08,nordicbet,14,1.92,2.05
2026-10-05T18:18:23+00:00,soccer_portugal_primeira_liga,b4d52d1abd5efcd669a093139239c7b0,2026-10-09T19:15:00Z,Braga,Sporting Lisbon,Draw,pinnacle,3.52,0.27034,3.44,marathonbet,14,3.27,3.3
2026-10-05T18:18:23+00:00,soccer_portugal_primeira_liga,710dd3ffd365c610f1969a86cd70e074,2026-10-10T14:30:00Z,Casa Pia,Santa Clara,H,pinnacle,4.3,0.22088,4.6,tipico_de,14,4.15,4.0
2026-10-05T18:18:23+00:00,soccer_portugal_primeira_liga,710dd3ffd365c610f1969a86cd70e074,2026-10-10T14:30:00Z,Casa Pia,Santa Clara,A,pinnacle,1.91,0.49728,1.93,unibet_se,14,1.78,1.91
2026-10-05T18:18:23+00:00,soccer_portugal_primeira_liga,710dd3ffd365c610f1969a86cd70e074,2026-10-10T14:30:00Z,Casa Pia,Santa Clara,Draw,pinnacle,3.37,0.28184,3.27,gtbets,14,3.15,3.1
2026-10-05T18:18:23+00:00,soccer_portugal_primeira_liga,d9bfec13c112810701ee7e60f02bffa5,2026-10-10T17:00:00Z,CS Maritimo,FC Porto,H,betfair_ex_eu,12.0,0.0803,11.0,tipico_de,15,8.5,9.0
2026-10-05T18:18:23+00:00,soccer_portugal_primeira_liga,d9bfec13c112810701ee7e60f02bffa5,2026-10-10T17:00:00Z,CS Maritimo,FC Porto,A,betfair_ex_eu,1.3,0.74125,1.36,gtbets,15,1.26,1.3
2026-10-05T18:18:23+00:00,soccer_portugal_primeira_liga,d9bfec13c112810701ee7e60f02bffa5,2026-10-10T17:00:00Z,CS Maritimo,FC Porto,Draw,betfair_ex_eu,5.4,0.17845,5.2,tipico_de,15,4.85,5.0
2026-10-05T18:18:23+00:00,soccer_portugal_primeira_liga,2444214363711d31867a9df8c712ec8d,2026-10-10T19:30:00Z,Académico de Viseu,Estoril,H,pinnacle,2.29,0.41589,2.3,unibet_se,15,2.08,2.25
2026-10-05T18:18:23+00:00,soccer_portugal_primeira_liga,2444214363711d31867a9df8c712ec8d,2026-10-10T19:30:00Z,Académico de Viseu,Estoril,A,pinnacle,3.15,0.30234,3.1,tipico_de,15,2.98,2.9
2026-10-05T18:18:23+00:00,soccer_portugal_primeira_liga,2444214363711d31867a9df8c712ec8d,2026-10-10T19:30:00Z,Académico de Viseu,Estoril,Draw,pinnacle,3.38,0.28177,3.43,gtbets,15,3.3,3.3
2026-10-05T18:18:23+00:00,soccer_portugal_primeira_liga,5ecd75456d38ef4c394e502ecdd8937c,2026-10-11T14:30:00Z,Rio Ave FC,Nacional,A,pinnacle,3.19,0.29897,3.22,gtbets,15,3.1,3.1
2026-10-05T18:18:23+00:00,soccer_portugal_primeira_liga,5ecd75456d38ef4c394e502ecdd8937c,2026-10-11T14:30:00Z,Rio Ave FC,Nacional,H,pinnacle,2.34,0.40757,2.3,betonlineag,15,2.08,2.25
2026-10-05T18:18:23+00:00,soccer_portugal_primeira_liga,5ecd75456d38ef4c394e502ecdd8937c,2026-10-11T14:30:00Z,Rio Ave FC,Nacional,Draw,pinnacle,3.25,0.29345,3.32,marathonbet,15,3.15,3.2
2026-10-05T18:18:23+00:00,soccer_portugal_primeira_liga,5696ee371ba00ede3dc8a64d24ce79f1,2026-10-11T17:00:00Z,Benfica,Vitória SC,H,betfair_ex_eu,1.11,0.4534,1.27,gtbets,14,1.21,1.22
2026-10-05T18:18:23+00:00,soccer_portugal_primeira_liga,5696ee371ba00ede3dc8a64d24ce79f1,2026-10-11T17:00:00Z,Benfica,Vitória SC,A,betfair_ex_eu,1.11,0.4534,12.5,nordicbet,14,9.25,10.0
2026-10-05T18:18:23+00:00,soccer_portugal_primeira_liga,5696ee371ba00ede3dc8a64d24ce79f1,2026-10-11T17:00:00Z,Benfica,Vitória SC,Draw,betfair_ex_eu,5.4,0.0932,6.5,tipico_de,14,5.4,5.75
2026-10-05T18:18:23+00:00,soccer_portugal_primeira_liga,2aa9808e7e84598f45ccf338a9b8912a,2026-10-11T19:30:00Z,Arouca,CF Estrela,H,pinnacle,2.18,0.4366,2.18,gtbets,15,2.0,2.15
2026-10-05T18:18:23+00:00,soccer_portugal_primeira_liga,2aa9808e7e84598f45ccf338a9b8912a,2026-10-11T19:30:00Z,Arouca,CF Estrela,A,pinnacle,3.24,0.29376,3.3,tipico_de,15,3.18,3.1
2026-10-05T18:18:23+00:00,soccer_portugal_primeira_liga,2aa9808e7e84598f45ccf338a9b8912a,2026-10-11T19:30:00Z,Arouca,CF Estrela,Draw,pinnacle,3.53,0.26963,3.44,marathonbet,15,3.28,3.3
2026-10-05T18:18:23+00:00,soccer_portugal_primeira_liga,789c3dd95a7fcef675ce5a40b07371a2,2026-10-12T19:15:00Z,Famalicão,Alverca,A,pinnacle,4.92,0.1929,4.7,tipico_de,10,4.35,4.0
2026-10-05T18:18:23+00:00,soccer_portugal_primeira_liga,789c3dd95a7fcef675ce5a40b07371a2,2026-10-12T19:15:00Z,Famalicão,Alverca,H,pinnacle,1.83,0.51862,1.85,williamhill,10,1.72,1.85
2026-10-05T18:18:23+00:00,soccer_portugal_primeira_liga,789c3dd95a7fcef675ce5a40b07371a2,2026-10-12T19:15:00Z,Famalicão,Alverca,Draw,pinnacle,3.29,0.28847,3.56,marathonbet,10,3.25,3.4
2026-10-05T18:18:23+00:00,soccer_epl,b870dcfba5e5920d3f1551a3aa1ea435,2026-10-10T11:30:00Z,Arsenal,Leeds United,H,pinnacle,1.38,0.69939,1.44,onexbet,21,1.34,1.4
2026-10-05T18:18:23+00:00,soccer_epl,b870dcfba5e5920d3f1551a3aa1ea435,2026-10-10T11:30:00Z,Arsenal,Leeds United,A,pinnacle,8.29,0.11642,9.0,unibet_se,21,7.5,7.0
2026-10-05T18:18:23+00:00,soccer_epl,b870dcfba5e5920d3f1551a3aa1ea435,2026-10-10T11:30:00Z,Arsenal,Leeds United,Draw,pinnacle,5.24,0.18419,5.4,matchbook,21,4.8,4.6
2026-10-05T18:18:23+00:00,soccer_epl,02e6c0ccb11bb7ce78989ce49d67110b,2026-10-10T14:00:00Z,Aston Villa,Brentford,H,pinnacle,2.68,0.36111,2.8,matchbook,21,2.6,2.6
2026-10-05T18:18:23+00:00,soccer_epl,02e6c0ccb11bb7ce78989ce49d67110b,2026-10-10T14:00:00Z,Aston Villa,Brentford,A,pinnacle,2.61,0.3708,2.68,onexbet,21,2.4,2.5
2026-10-05T18:18:23+00:00,soccer_epl,02e6c0ccb11bb7ce78989ce49d67110b,2026-10-10T14:00:00Z,Aston Villa,Brentford,Draw,pinnacle,3.61,0.26809,3.65,winamax_de,21,3.47,3.4
2026-10-05T18:18:23+00:00,soccer_epl,45d4a466e32cd2b4ea535207923ceaf5,2026-10-10T14:00:00Z,Chelsea,Bournemouth,A,pinnacle,4.53,0.21335,4.8,matchbook,21,4.2,4.0
2026-10-05T18:18:23+00:00,soccer_epl,45d4a466e32cd2b4ea535207923ceaf5,2026-10-10T14:00:00Z,Chelsea,Bournemouth,H,pinnacle,1.74,0.55544,1.79,onexbet,21,1.64,1.73
2026-10-05T18:18:23+00:00,soccer_epl,45d4a466e32cd2b4ea535207923ceaf5,2026-10-10T14:00:00Z,Chelsea,Bournemouth,Draw,pinnacle,4.18,0.23121,4.4,matchbook,21,4.1,3.9
2026-10-05T18:18:23+00:00,soccer_epl,380b8f24ec5430fb545a7490c1017285,2026-10-10T14:00:00Z,Sunderland,Brighton and Hove Albion,A,pinnacle,2.37,0.40808,2.49,onexbet,21,2.25,2.38
2026-10-05T18:18:23+00:00,soccer_epl,380b8f24ec5430fb545a7490c1017285,2026-10-10T14:00:00Z,Sunderland,Brighton and Hove Albion,H,pinnacle,3.02,0.32025,3.1,tipico_de,21,2.83,2.8
2026-10-05T18:18:23+00:00,soccer_epl,380b8f24ec5430fb545a7490c1017285,2026-10-10T14:00:00Z,Sunderland,Brighton and Hove Albion,Draw,pinnacle,3.56,0.27167,3.7,unibet_se,21,3.4,3.3
2026-10-05T18:18:23+00:00,soccer_epl,288b4ff00c79daa712c911c564fe1be7,2026-10-10T14:00:00Z,Ipswich Town,Fulham,A,pinnacle,2.55,0.37921,2.64,matchbook,21,2.35,2.5
2026-10-05T18:18:23+00:00,soccer_epl,288b4ff00c79daa712c911c564fe1be7,2026-10-10T14:00:00Z,Ipswich Town,Fulham,H,pinnacle,2.74,0.35292,2.86,matchbook,21,2.68,2.62
2026-10-05T18:18:23+00:00,soccer_epl,288b4ff00c79daa712c911c564fe1be7,2026-10-10T14:00:00Z,Ipswich Town,Fulham,Draw,pinnacle,3.61,0.26787,3.65,unibet_se,21,3.43,3.3
2026-10-05T18:18:23+00:00,soccer_epl,22c9b2c43cbe1334381269550dab78e6,2026-10-10T16:30:00Z,Manchester United,Tottenham Hotspur,H,pinnacle,1.72,0.56119,1.76,onexbet,21,1.65,1.7
2026-10-05T18:18:23+00:00,soccer_epl,22c9b2c43cbe1334381269550dab78e6,2026-10-10T16:30:00Z,Manchester United,Tottenham Hotspur,A,pinnacle,4.45,0.21691,4.8,matchbook,21,4.25,4.33
2026-10-05T18:18:23+00:00,soccer_epl,22c9b2c43cbe1334381269550dab78e6,2026-10-10T16:30:00Z,Manchester United,Tottenham Hotspur,Draw,pinnacle,4.35,0.2219,4.5,matchbook,21,4.05,3.9
2026-10-05T18:18:23+00:00,soccer_epl,86effab5c6e7bfd58c8e88b1fb7c6ba9,2026-10-11T13:00:00Z,Crystal Palace,Nottingham Forest,H,pinnacle,2.67,0.36249,2.76,matchbook,21,2.5,2.62
2026-10-05T18:18:23+00:00,soccer_epl,86effab5c6e7bfd58c8e88b1fb7c6ba9,2026-10-11T13:00:00Z,Crystal Palace,Nottingham Forest,A,pinnacle,2.73,0.35452,2.84,matchbook,21,2.65,2.62
2026-10-05T18:18:23+00:00,soccer_epl,86effab5c6e7bfd58c8e88b1fb7c6ba9,2026-10-11T13:00:00Z,Crystal Palace,Nottingham Forest,Draw,pinnacle,3.42,0.28299,3.47,onexbet,21,3.2,3.1
2026-10-05T18:18:23+00:00,soccer_epl,0bdae4d304810578e47386606bff7106,2026-10-11T13:00:00Z,Hull City,Everton,A,pinnacle,2.1,0.46047,2.18,matchbook,21,2.03,2.05
2026-10-05T18:18:23+00:00,soccer_epl,0bdae4d304810578e47386606bff7106,2026-10-11T13:00:00Z,Hull City,Everton,H,pinnacle,3.73,0.25925,3.9,unibet_se,21,3.4,3.5
2026-10-05T18:18:23+00:00,soccer_epl,0bdae4d304810578e47386606bff7106,2026-10-11T13:00:00Z,Hull City,Everton,Draw,pinnacle,3.45,0.28029,3.54,onexbet,21,3.3,3.3
2026-10-05T18:18:23+00:00,soccer_epl,6dbab232dd8d2aed0cb1d6f7978fb7b1,2026-10-11T15:30:00Z,Liverpool,Manchester City,H,pinnacle,2.62,0.36894,2.68,matchbook,21,2.43,2.5
2026-10-05T18:18:23+00:00,soccer_epl,6dbab232dd8d2aed0cb1d6f7978fb7b1,2026-10-11T15:30:00Z,Liverpool,Manchester City,A,pinnacle,2.58,0.37466,2.68,matchbook,21,2.5,2.5
2026-10-05T18:18:23+00:00,soccer_epl,6dbab232dd8d2aed0cb1d6f7978fb7b1,2026-10-11T15:30:00Z,Liverpool,Manchester City,Draw,pinnacle,3.77,0.2564,3.9,unibet_se,21,3.58,3.5
2026-10-05T18:18:23+00:00,soccer_epl,acd5bd945dd953ad1e300df5bfe696f9,2026-10-12T19:00:00Z,Coventry City,Newcastle United,H,pinnacle,3.31,0.29094,3.45,onexbet,19,3.15,3.2
2026-10-05T18:18:23+00:00,soccer_epl,acd5bd945dd953ad1e300df5bfe696f9,2026-10-12T19:00:00Z,Coventry City,Newcastle United,A,pinnacle,2.17,0.44378,2.18,unibet_se,19,2.05,2.1
2026-10-05T18:18:23+00:00,soccer_epl,acd5bd945dd953ad1e300df5bfe696f9,2026-10-12T19:00:00Z,Coventry City,Newcastle United,Draw,pinnacle,3.63,0.26529,3.85,unibet_se,19,3.53,3.4
2026-10-05T18:18:23+00:00,soccer_epl,764e6513cb3f348881503df70ccb90e0,2026-10-17T11:30:00Z,Everton,Chelsea,A,pinnacle,2.38,0.40004,2.45,onexbet,15,2.18,2.3
2026-10-05T18:18:23+00:00,soccer_epl,764e6513cb3f348881503df70ccb90e0,2026-10-17T11:30:00Z,Everton,Chelsea,H,pinnacle,2.73,0.34875,2.95,unibet_se,15,2.8,2.7
2026-10-05T18:18:23+00:00,soccer_epl,764e6513cb3f348881503df70ccb90e0,2026-10-17T11:30:00Z,Everton,Chelsea,Draw,pinnacle,3.79,0.25121,3.86,onexbet,15,3.53,3.5
2026-10-05T18:18:23+00:00,soccer_epl,8f1945e7272bc7e89016439f5ab321c7,2026-10-17T14:00:00Z,Brentford,Liverpool,H,pinnacle,2.77,0.34346,2.88,onexbet,15,2.7,2.75
2026-10-05T18:18:23+00:00,soccer_epl,8f1945e7272bc7e89016439f5ab321c7,2026-10-17T14:00:00Z,Brentford,Liverpool,A,pinnacle,2.43,0.39152,2.5,onexbet,15,2.23,2.3
2026-10-05T18:18:23+00:00,soccer_epl,8f1945e7272bc7e89016439f5ab321c7,2026-10-17T14:00:00Z,Brentford,Liverpool,Draw,pinnacle,3.59,0.26501,3.8,unibet_se,15,3.58,3.5
2026-10-05T18:18:23+00:00,soccer_epl,7895f97f2f9577f3b13287a3d086859d,2026-10-17T14:00:00Z,Fulham,Hull City,H,pinnacle,1.67,0.56759,1.73,unibet_se,15,1.62,1.65
2026-10-05T18:18:23+00:00,soccer_epl,7895f97f2f9577f3b13287a3d086859d,2026-10-17T14:00:00Z,Fulham,Hull City,A,pinnacle,4.85,0.19544,5.18,onexbet,15,4.5,4.8
2026-10-05T18:18:23+00:00,soccer_epl,7895f97f2f9577f3b13287a3d086859d,2026-10-17T14:00:00Z,Fulham,Hull City,Draw,pinnacle,4.0,0.23697,4.11,onexbet,15,3.83,3.9
2026-10-05T18:18:23+00:00,soccer_epl,bf2142d1ca76ba2fc9e61afce80f86c0,2026-10-17T14:00:00Z,Manchester City,Ipswich Town,A,pinnacle,10.39,0.09036,12.51,betsson,15,10.25,10.0
2026-10-05T18:18:23+00:00,soccer_epl,bf2142d1ca76ba2fc9e61afce80f86c0,2026-10-17T14:00:00Z,Manchester City,Ipswich Town,H,pinnacle,1.21,0.7759,1.26,onexbet,15,1.17,1.22
2026-10-05T18:18:23+00:00,soccer_epl,bf2142d1ca76ba2fc9e61afce80f86c0,2026-10-17T14:00:00Z,Manchester City,Ipswich Town,Draw,pinnacle,7.02,0.13374,7.5,tipico_de,15,6.75,6.0
2026-10-05T18:18:23+00:00,soccer_epl,d1bbbdcd3d430e70091b518369b559cf,2026-10-17T16:30:00Z,Newcastle United,Aston Villa,A,pinnacle,3.22,0.29535,3.35,onexbet,15,3.17,3.1
2026-10-05T18:18:23+00:00,soccer_epl,d1bbbdcd3d430e70091b518369b559cf,2026-10-17T16:30:00Z,Newcastle United,Aston Villa,H,pinnacle,2.09,0.45504,2.17,onexbet,15,1.98,2.05
2026-10-05T18:18:23+00:00,soccer_epl,d1bbbdcd3d430e70091b518369b559cf,2026-10-17T16:30:00Z,Newcastle United,Aston Villa,Draw,pinnacle,3.81,0.24961,3.95,unibet_se,15,3.58,3.6
2026-10-05T18:18:23+00:00,soccer_epl,dfd5d6648be46426e418801584d46a68,2026-10-18T13:00:00Z,Bournemouth,Sunderland,H,pinnacle,2.01,0.47345,2.04,onexbet,15,1.94,1.95
2026-10-05T18:18:23+00:00,soccer_epl,dfd5d6648be46426e418801584d46a68,2026-10-18T13:00:00Z,Bournemouth,Sunderland,A,pinnacle,3.65,0.26072,3.85,onexbet,15,3.42,3.6
2026-10-05T18:18:23+00:00,soccer_epl,dfd5d6648be46426e418801584d46a68,2026-10-18T13:00:00Z,Bournemouth,Sunderland,Draw,pinnacle,3.58,0.26582,3.75,onexbet,15,3.43,3.4
2026-10-05T18:18:23+00:00,soccer_epl,9fc08b390a49c4434f7cf631a0bb88fb,2026-10-18T13:00:00Z,Brighton and Hove Albion,Crystal Palace,H,pinnacle,1.63,0.58094,1.67,onexbet,15,1.58,1.61
2026-10-05T18:18:23+00:00,soccer_epl,9fc08b390a49c4434f7cf631a0bb88fb,2026-10-18T13:00:00Z,Brighton and Hove Albion,Crystal Palace,A,pinnacle,4.75,0.19935,5.5,unibet_se,15,4.55,4.75
2026-10-05T18:18:23+00:00,soccer_epl,9fc08b390a49c4434f7cf631a0bb88fb,2026-10-18T13:00:00Z,Brighton and Hove Albion,Crystal Palace,Draw,pinnacle,4.31,0.21971,4.45,onexbet,15,4.05,4.0
2026-10-05T18:18:23+00:00,soccer_epl,676b3b0b609e9cf565da450786618d26,2026-10-18T13:00:00Z,Leeds United,Manchester United,H,pinnacle,2.83,0.33657,2.95,unibet_se,15,2.77,2.75
2026-10-05T18:18:23+00:00,soccer_epl,676b3b0b609e9cf565da450786618d26,2026-10-18T13:00:00Z,Leeds United,Manchester United,A,pinnacle,2.35,0.40531,2.44,onexbet,15,2.2,2.38
2026-10-05T18:18:23+00:00,soccer_epl,676b3b0b609e9cf565da450786618d26,2026-10-18T13:00:00Z,Leeds United,Manchester United,Draw,pinnacle,3.69,0.25812,3.77,onexbet,15,3.5,3.4
2026-10-05T18:18:23+00:00,soccer_epl,f696a248965373d9071dc0662e5c58a8,2026-10-18T15:30:00Z,Nottingham Forest,Arsenal,A,pinnacle,1.61,0.58865,1.66,onexbet,15,1.55,1.61
2026-10-05T18:18:23+00:00,soccer_epl,f696a248965373d9071dc0662e5c58a8,2026-10-18T15:30:00Z,Nottingham Forest,Arsenal,H,pinnacle,6.0,0.15795,6.11,onexbet,15,5.25,5.5
2026-10-05T18:18:23+00:00,soccer_epl,f696a248965373d9071dc0662e5c58a8,2026-10-18T15:30:00Z,Nottingham Forest,Arsenal,Draw,pinnacle,3.74,0.2534,4.1,unibet_se,15,3.8,3.7
2026-10-05T18:18:23+00:00,soccer_epl,9baaf4e48b041cfef04e70e42532502e,2026-10-19T19:00:00Z,Tottenham Hotspur,Coventry City,A,pinnacle,5.82,0.16297,6.47,onexbet,15,5.5,5.75
2026-10-05T18:18:23+00:00,soccer_epl,9baaf4e48b041cfef04e70e42532502e,2026-10-19T19:00:00Z,Tottenham Hotspur,Coventry City,H,pinnacle,1.51,0.62812,1.54,onexbet,15,1.44,1.5
2026-10-05T18:18:23+00:00,soccer_epl,9baaf4e48b041cfef04e70e42532502e,2026-10-19T19:00:00Z,Tottenham Hotspur,Coventry City,Draw,pinnacle,4.54,0.20891,4.72,onexbet,15,4.45,4.2
2026-10-05T18:18:23+00:00,soccer_spain_la_liga,4e4c6763037ffc0e1dfe92ed16287b6d,2026-10-09T19:00:00Z,Málaga,Espanyol,A,pinnacle,2.76,0.35076,2.83,onexbet,18,2.55,
2026-10-05T18:18:23+00:00,soccer_spain_la_liga,4e4c6763037ffc0e1dfe92ed16287b6d,2026-10-09T19:00:00Z,Málaga,Espanyol,H,pinnacle,2.8,0.34575,2.88,matchbook,18,2.63,
2026-10-05T18:18:23+00:00,soccer_spain_la_liga,4e4c6763037ffc0e1dfe92ed16287b6d,2026-10-09T19:00:00Z,Málaga,Espanyol,Draw,pinnacle,3.19,0.30348,3.37,onexbet,18,2.98,
2026-10-05T18:18:23+00:00,soccer_spain_la_liga,349c47668fdd909039a9408c14cad8bc,2026-10-10T12:00:00Z,Rayo Vallecano,Athletic Bilbao,A,pinnacle,2.42,0.39999,2.44,matchbook,18,2.28,
2026-10-05T18:18:23+00:00,soccer_spain_la_liga,349c47668fdd909039a9408c14cad8bc,2026-10-10T12:00:00Z,Rayo Vallecano,Athletic Bilbao,H,pinnacle,3.07,0.3153,3.15,matchbook,18,2.87,
2026-10-05T18:18:23+00:00,soccer_spain_la_liga,349c47668fdd909039a9408c14cad8bc,2026-10-10T12:00:00Z,Rayo Vallecano,Athletic Bilbao,Draw,pinnacle,3.4,0.2847,3.54,onexbet,18,3.3,
2026-10-05T18:18:23+00:00,soccer_spain_la_liga,3869391e3dbdcaa74153b11df56a3fe5,2026-10-10T14:15:00Z,Alavés,Atlético Madrid,H,pinnacle,4.32,0.22308,4.6,matchbook,17,4.2,
2026-10-05T18:18:23+00:00,soccer_spain_la_liga,3869391e3dbdcaa74153b11df56a3fe5,2026-10-10T14:15:00Z,Alavés,Atlético Madrid,A,pinnacle,1.83,0.52661,1.91,onexbet,17,1.73,
2026-10-05T18:18:23+00:00,soccer_spain_la_liga,3869391e3dbdcaa74153b11df56a3fe5,2026-10-10T14:15:00Z,Alavés,Atlético Madrid,Draw,pinnacle,3.85,0.25031,3.85,winamax_de,17,3.65,
2026-10-05T18:18:23+00:00,soccer_spain_la_liga,edb80d633a1906e5865ab70cc9b540ea,2026-10-10T16:30:00Z,Barcelona,Getafe,H,pinnacle,1.06,0.90757,1.08,matchbook,18,1.05,
2026-10-05T18:18:23+00:00,soccer_spain_la_liga,edb80d633a1906e5865ab70cc9b540ea,2026-10-10T16:30:00Z,Barcelona,Getafe,A,pinnacle,23.81,0.0404,45.0,onexbet,18,24.0,
2026-10-05T18:18:23+00:00,soccer_spain_la_liga,edb80d633a1906e5865ab70cc9b540ea,2026-10-10T16:30:00Z,Barcelona,Getafe,Draw,pinnacle,18.49,0.05203,21.0,matchbook,18,11.0,
2026-10-05T18:18:23+00:00,soccer_spain_la_liga,551f242223b1625f458d1a2ea212a0c3,2026-10-10T19:00:00Z,Real Madrid,Villarreal,H,pinnacle,1.36,0.70987,1.38,matchbook,18,1.31,
2026-10-05T18:18:23+00:00,soccer_spain_la_liga,551f242223b1625f458d1a2ea212a0c3,2026-10-10T19:00:00Z,Real Madrid,Villarreal,A,pinnacle,7.44,0.12976,8.5,unibet_se,18,6.6,
2026-10-05T18:18:23+00:00,soccer_spain_la_liga,551f242223b1625f458d1a2ea212a0c3,2026-10-10T19:00:00Z,Real Madrid,Villarreal,Draw,pinnacle,6.02,0.16037,6.4,matchbook,18,5.6,
2026-10-05T18:18:23+00:00,soccer_spain_la_liga,7daf7edaf572eba3ac86196c663d67d3,2026-10-11T12:00:00Z,Elche CF,Celta Vigo,A,pinnacle,2.7,0.35837,2.72,matchbook,18,2.45,
2026-10-05T18:18:23+00:00,soccer_spain_la_liga,7daf7edaf572eba3ac86196c663d67d3,2026-10-11T12:00:00Z,Elche CF,Celta Vigo,H,pinnacle,2.77,0.34931,2.93,onexbet,18,2.72,
2026-10-05T18:18:23+00:00,soccer_spain_la_liga,7daf7edaf572eba3ac86196c663d67d3,2026-10-11T12:00:00Z,Elche CF,Celta Vigo,Draw,pinnacle,3.31,0.29232,3.33,onexbet,18,3.18,
2026-10-05T18:18:23+00:00,soccer_spain_la_liga,2997b68cc93f62d8a1dee9f06bedbefd,2026-10-11T14:15:00Z,Real Sociedad,Deportivo La Coruña,A,pinnacle,5.11,0.18875,5.23,onexbet,17,,
2026-10-05T18:18:23+00:00,soccer_spain_la_liga,2997b68cc93f62d8a1dee9f06bedbefd,2026-10-11T14:15:00Z,Real Sociedad,Deportivo La Coruña,H,pinnacle,1.69,0.57072,1.75,onexbet,17,,
2026-10-05T18:18:23+00:00,soccer_spain_la_liga,2997b68cc93f62d8a1dee9f06bedbefd,2026-10-11T14:15:00Z,Real Sociedad,Deportivo La Coruña,Draw,pinnacle,4.01,0.24053,4.2,matchbook,17,,
2026-10-05T18:18:23+00:00,soccer_spain_la_liga,984691837d31fd0c59c088f377f55f75,2026-10-11T16:30:00Z,Real Betis,CA Osasuna,A,pinnacle,5.45,0.17715,6.0,matchbook,18,5.0,
2026-10-05T18:18:23+00:00,soccer_spain_la_liga,984691837d31fd0c59c088f377f55f75,2026-10-11T16:30:00Z,Real Betis,CA Osasuna,H,pinnacle,1.6,0.60342,1.64,onexbet,18,1.56,
2026-10-05T18:18:23+00:00,soccer_spain_la_liga,984691837d31fd0c59c088f377f55f75,2026-10-11T16:30:00Z,Real Betis,CA Osasuna,Draw,pinnacle,4.4,0.21943,4.43,betonlineag,18,4.0,
2026-10-05T18:18:23+00:00,soccer_spain_la_liga,66a4f4201806b928c9007116727fdd61,2026-10-11T19:00:00Z,Real Racing Club de Santander,Valencia,H,pinnacle,2.21,0.43614,2.31,onexbet,18,2.13,
2026-10-05T18:18:23+00:00,soccer_spain_la_liga,66a4f4201806b928c9007116727fdd61,2026-10-11T19:00:00Z,Real Racing Club de Santander,Valencia,A,pinnacle,3.28,0.29386,3.35,betonlineag,18,3.05,
2026-10-05T18:18:23+00:00,soccer_spain_la_liga,66a4f4201806b928c9007116727fdd61,2026-10-11T19:00:00Z,Real Racing Club de Santander,Valencia,Draw,pinnacle,3.57,0.26999,3.66,onexbet,18,3.42,
2026-10-05T18:18:23+00:00,soccer_spain_la_liga,529fc26c7774d5b469932e275c668921,2026-10-12T19:00:00Z,Levante,Sevilla,H,pinnacle,2.71,0.35539,2.74,onexbet,16,2.52,
2026-10-05T18:18:23+00:00,soccer_spain_la_liga,529fc26c7774d5b469932e275c668921,2026-10-12T19:00:00Z,Levante,Sevilla,A,pinnacle,2.71,0.35539,2.79,onexbet,16,2.62,
2026-10-05T18:18:23+00:00,soccer_spain_la_liga,529fc26c7774d5b469932e275c668921,2026-10-12T19:00:00Z,Levante,Sevilla,Draw,pinnacle,3.33,0.28922,3.41,onexbet,16,3.2,
2026-10-05T18:18:23+00:00,soccer_spain_la_liga,19ee731602634e5c9e3106630e087464,2026-10-16T19:00:00Z,Deportivo La Coruña,Levante,H,pinnacle,2.08,0.45761,2.17,onexbet,12,,
2026-10-05T18:18:23+00:00,soccer_spain_la_liga,19ee731602634e5c9e3106630e087464,2026-10-16T19:00:00Z,Deportivo La Coruña,Levante,A,pinnacle,3.54,0.26888,3.6,unibet_se,12,,
2026-10-05T18:18:23+00:00,soccer_spain_la_liga,19ee731602634e5c9e3106630e087464,2026-10-16T19:00:00Z,Deportivo La Coruña,Levante,Draw,pinnacle,3.48,0.27351,3.62,onexbet,12,,
2026-10-05T18:18:23+00:00,soccer_spain_la_liga,6436925dd15916d7041ba32b60000d48,2026-10-17T12:00:00Z,Espanyol,Atlético Madrid,A,pinnacle,1.85,0.51365,1.91,onexbet,12,1.76,
2026-10-05T18:18:23+00:00,soccer_spain_la_liga,6436925dd15916d7041ba32b60000d48,2026-10-17T12:00:00Z,Espanyol,Atlético Madrid,H,pinnacle,4.14,0.22953,4.32,onexbet,12,3.93,
2026-10-05T18:18:23+00:00,soccer_spain_la_liga,6436925dd15916d7041ba32b60000d48,2026-10-17T12:00:00Z,Espanyol,Atlético Madrid,Draw,pinnacle,3.7,0.25682,3.84,onexbet,12,3.6,
2026-10-05T18:18:23+00:00,soccer_spain_la_liga,aef660734585649651415961a9d177c6,2026-10-17T14:15:00Z,Villarreal,Elche CF,A,pinnacle,6.04,0.15656,6.73,onexbet,13,5.5,
2026-10-05T18:18:23+00:00,soccer_spain_la_liga,aef660734585649651415961a9d177c6,2026-10-17T14:15:00Z,Villarreal,Elche CF,H,pinnacle,1.46,0.64767,1.51,onexbet,13,1.43,
2026-10-05T18:18:23+00:00,soccer_spain_la_liga,aef660734585649651415961a9d177c6,2026-10-17T14:15:00Z,Villarreal,Elche CF,Draw,pinnacle,4.83,0.19578,5.0,unibet_se,13,4.6,
2026-10-05T18:18:23+00:00,soccer_spain_la_liga,846e496fc232b2fc20214754836727d0,2026-10-17T16:30:00Z,Real Betis,Barcelona,A,betfair_ex_eu,1.44,0.67923,1.49,onexbet,13,1.38,
2026-10-05T18:18:23+00:00,soccer_spain_la_liga,846e496fc232b2fc20214754836727d0,2026-10-17T16:30:00Z,Real Betis,Barcelona,H,betfair_ex_eu,6.2,0.15776,6.8,nordicbet,13,5.5,
2026-10-05T18:18:23+00:00,soccer_spain_la_liga,846e496fc232b2fc20214754836727d0,2026-10-17T16:30:00Z,Real Betis,Barcelona,Draw,betfair_ex_eu,6.0,0.16301,5.8,winamax_de,13,5.25,
2026-10-05T18:18:23+00:00,soccer_spain_la_liga,f00cd1ea41fa39149729d14ebc07aa6c,2026-10-17T19:00:00Z,Valencia,Athletic Bilbao,A,pinnacle,2.08,0.45746,2.18,onexbet,13,2.02,
2026-10-05T18:18:23+00:00,soccer_spain_la_liga,f00cd1ea41fa39149729d14ebc07aa6c,2026-10-17T19:00:00Z,Valencia,Athletic Bilbao,H,pinnacle,3.6,0.26431,3.62,onexbet,13,3.3,
2026-10-05T18:18:23+00:00,soccer_spain_la_liga,f00cd1ea41fa39149729d14ebc07aa6c,2026-10-17T19:00:00Z,Valencia,Athletic Bilbao,Draw,pinnacle,3.42,0.27822,3.58,onexbet,13,3.3,
2026-10-05T18:18:23+00:00,soccer_spain_la_liga,1f566f17c50fe5162724ec2863d2207b,2026-10-18T12:00:00Z,CA Osasuna,Real Racing Club de Santander,H,pinnacle,1.91,0.49748,1.95,onexbet,10,1.82,
2026-10-05T18:18:23+00:00,soccer_spain_la_liga,1f566f17c50fe5162724ec2863d2207b,2026-10-18T12:00:00Z,CA Osasuna,Real Racing Club de Santander,A,pinnacle,4.26,0.22305,4.32,onexbet,10,3.78,
2026-10-05T18:18:23+00:00,soccer_spain_la_liga,1f566f17c50fe5162724ec2863d2207b,2026-10-18T12:00:00Z,CA Osasuna,Real Racing Club de Santander,Draw,pinnacle,3.4,0.27947,3.68,onexbet,10,3.53,
2026-10-05T18:18:23+00:00,soccer_spain_la_liga,aabe899ecc4c19a1fafe5440151b62e4,2026-10-18T14:15:00Z,Celta Vigo,Alavés,A,pinnacle,3.87,0.24551,3.95,unibet_se,13,3.63,
2026-10-05T18:18:23+00:00,soccer_spain_la_liga,aabe899ecc4c19a1fafe5440151b62e4,2026-10-18T14:15:00Z,Celta Vigo,Alavés,H,pinnacle,2.0,0.47505,2.08,onexbet,13,1.94,
2026-10-05T18:18:23+00:00,soccer_spain_la_liga,aabe899ecc4c19a1fafe5440151b62e4,2026-10-18T14:15:00Z,Celta Vigo,Alavés,Draw,pinnacle,3.4,0.27944,3.58,onexbet,13,3.23,
2026-10-05T18:18:23+00:00,soccer_spain_la_liga,1051298b4aca6f07113309bff598a5c1,2026-10-18T16:30:00Z,Málaga,Real Sociedad,H,pinnacle,3.23,0.29467,3.3,unibet_se,13,3.0,
2026-10-05T18:18:23+00:00,soccer_spain_la_liga,1051298b4aca6f07113309bff598a5c1,2026-10-18T16:30:00Z,Málaga,Real Sociedad,A,pinnacle,2.2,0.43262,2.29,onexbet,13,2.12,
2026-10-05T18:18:23+00:00,soccer_spain_la_liga,1051298b4aca6f07113309bff598a5c1,2026-10-18T16:30:00Z,Málaga,Real Sociedad,Draw,pinnacle,3.49,0.27271,3.63,onexbet,13,3.38,
2026-10-05T18:18:23+00:00,soccer_spain_la_liga,eccd63bf768e2f2a358b871d3f33a63d,2026-10-18T19:00:00Z,Real Madrid,Sevilla,H,betfair_ex_eu,1.26,0.77847,1.3,onexbet,13,1.22,
2026-10-05T18:18:23+00:00,soccer_spain_la_liga,eccd63bf768e2f2a358b871d3f33a63d,2026-10-18T19:00:00Z,Real Madrid,Sevilla,A,betfair_ex_eu,11.5,0.08529,11.5,nordicbet,13,9.0,
2026-10-05T18:18:23+00:00,soccer_spain_la_liga,eccd63bf768e2f2a358b871d3f33a63d,2026-10-18T19:00:00Z,Real Madrid,Sevilla,Draw,betfair_ex_eu,7.2,0.13623,7.2,tipico_de,13,6.0,
2026-10-05T18:18:23+00:00,soccer_spain_la_liga,4a88bc4de574d43ef34677fd8d78722f,2026-10-19T19:00:00Z,Getafe,Rayo Vallecano,H,pinnacle,2.71,0.33503,2.86,onexbet,13,2.73,
2026-10-05T18:18:23+00:00,soccer_spain_la_liga,4a88bc4de574d43ef34677fd8d78722f,2026-10-19T19:00:00Z,Getafe,Rayo Vallecano,A,pinnacle,2.44,0.3721,2.82,onexbet,13,2.5,
2026-10-05T18:18:23+00:00,soccer_spain_la_liga,4a88bc4de574d43ef34677fd8d78722f,2026-10-19T19:00:00Z,Getafe,Rayo Vallecano,Draw,pinnacle,3.1,0.29288,3.21,onexbet,13,2.98,
2026-10-05T18:18:23+00:00,soccer_italy_serie_a,2f8e871a0f7f66ae22938028645e1066,2026-10-10T13:00:00Z,Genoa,Fiorentina,A,pinnacle,2.37,0.4086,2.42,matchbook,20,2.22,2.25
2026-10-05T18:18:23+00:00,soccer_italy_serie_a,2f8e871a0f7f66ae22938028645e1066,2026-10-10T13:00:00Z,Genoa,Fiorentina,H,pinnacle,3.29,0.29434,3.35,matchbook,20,3.02,3.0
2026-10-05T18:18:23+00:00,soccer_italy_serie_a,2f8e871a0f7f66ae22938028645e1066,2026-10-10T13:00:00Z,Genoa,Fiorentina,Draw,pinnacle,3.26,0.29705,3.5,unibet_se,20,3.23,3.2
2026-10-05T18:18:23+00:00,soccer_italy_serie_a,1a01b0611dacd334e1558a5097e05023,2026-10-10T16:00:00Z,Inter Milan,Parma,H,pinnacle,1.15,0.83486,1.16,onexbet,20,1.12,1.14
2026-10-05T18:18:23+00:00,soccer_italy_serie_a,1a01b0611dacd334e1558a5097e05023,2026-10-10T16:00:00Z,Inter Milan,Parma,A,pinnacle,15.68,0.06123,21.0,unibet_se,20,14.5,15.0
2026-10-05T18:18:23+00:00,soccer_italy_serie_a,1a01b0611dacd334e1558a5097e05023,2026-10-10T16:00:00Z,Inter Milan,Parma,Draw,pinnacle,9.24,0.10391,9.85,onexbet,20,7.75,8.0
2026-10-05T18:18:23+00:00,soccer_italy_serie_a,40c1bd70fee927f9bfa8901edab02b48,2026-10-10T18:45:00Z,Napoli,Frosinone,A,pinnacle,6.52,0.14744,7.5,unibet_se,20,6.1,6.0
2026-10-05T18:18:23+00:00,soccer_italy_serie_a,40c1bd70fee927f9bfa8901edab02b48,2026-10-10T18:45:00Z,Napoli,Frosinone,H,pinnacle,1.45,0.66296,1.49,onexbet,20,1.39,1.44
2026-10-05T18:18:23+00:00,soccer_italy_serie_a,40c1bd70fee927f9bfa8901edab02b48,2026-10-10T18:45:00Z,Napoli,Frosinone,Draw,pinnacle,5.07,0.1896,5.2,winamax_de,20,4.85,4.5
2026-10-05T18:18:23+00:00,soccer_italy_serie_a,2547c0dbddd26d23fa532228e36348cb,2026-10-11T10:30:00Z,Como,AS Roma,A,pinnacle,2.69,0.35968,2.76,matchbook,20,2.57,2.5
2026-10-05T18:18:23+00:00,soccer_italy_serie_a,2547c0dbddd26d23fa532228e36348cb,2026-10-11T10:30:00Z,Como,AS Roma,H,pinnacle,2.62,0.36929,2.69,onexbet,20,2.4,2.5
2026-10-05T18:18:23+00:00,soccer_italy_serie_a,2547c0dbddd26d23fa532228e36348cb,2026-10-11T10:30:00Z,Como,AS Roma,Draw,pinnacle,3.57,0.27102,3.71,onexbet,20,3.5,3.4
2026-10-05T18:18:23+00:00,soccer_italy_serie_a,946716d7e5e52822f08be8cb95193d9d,2026-10-11T13:00:00Z,Lecce,Bologna,A,pinnacle,1.98,0.48823,2.0,unibet_se,20,1.84,1.85
2026-10-05T18:18:23+00:00,soccer_italy_serie_a,946716d7e5e52822f08be8cb95193d9d,2026-10-11T13:00:00Z,Lecce,Bologna,H,pinnacle,4.53,0.2134,4.6,matchbook,20,4.1,4.0
2026-10-05T18:18:23+00:00,soccer_italy_serie_a,946716d7e5e52822f08be8cb95193d9d,2026-10-11T13:00:00Z,Lecce,Bologna,Draw,pinnacle,3.24,0.29837,3.5,unibet_se,20,3.32,3.2
2026-10-05T18:18:23+00:00,soccer_italy_serie_a,c0f72699f32ec193b64fd54092fe268d,2026-10-11T13:00:00Z,Lazio,Monza,H,pinnacle,1.6,0.60359,1.63,onexbet,20,1.52,1.53
2026-10-05T18:18:23+00:00,soccer_italy_serie_a,c0f72699f32ec193b64fd54092fe268d,2026-10-11T13:00:00Z,Lazio,Monza,A,pinnacle,5.92,0.16313,6.3,betonlineag,20,5.6,5.5
2026-10-05T18:18:23+00:00,soccer_italy_serie_a,c0f72699f32ec193b64fd54092fe268d,2026-10-11T13:00:00Z,Lazio,Monza,Draw,pinnacle,4.14,0.23327,4.29,betonlineag,20,3.93,3.8
2026-10-05T18:18:23+00:00,soccer_italy_serie_a,1cf64166dda1e0da8b325161deb39662,2026-10-11T16:00:00Z,Sassuolo,AC Milan,A,pinnacle,1.79,0.53903,1.87,onexbet,20,1.74,1.8
2026-10-05T18:18:23+00:00,soccer_italy_serie_a,1cf64166dda1e0da8b325161deb39662,2026-10-11T16:00:00Z,Sassuolo,AC Milan,H,pinnacle,4.44,0.21731,4.5,tipico_de,20,4.1,4.0
2026-10-05T18:18:23+00:00,soccer_italy_serie_a,1cf64166dda1e0da8b325161deb39662,2026-10-11T16:00:00Z,Sassuolo,AC Milan,Draw,pinnacle,3.96,0.24365,3.95,matchbook,20,3.68,3.6
2026-10-05T18:18:23+00:00,soccer_italy_serie_a,407f7d03157d1dfad384876e6a6bc910,2026-10-11T18:45:00Z,Cagliari,Juventus,H,pinnacle,6.27,0.1525,6.65,betonlineag,20,5.9,6.0
2026-10-05T18:18:23+00:00,soccer_italy_serie_a,407f7d03157d1dfad384876e6a6bc910,2026-10-11T18:45:00Z,Cagliari,Juventus,A,pinnacle,1.57,0.60904,1.62,onexbet,20,1.51,1.53
2026-10-05T18:18:23+00:00,soccer_italy_serie_a,407f7d03157d1dfad384876e6a6bc910,2026-10-11T18:45:00Z,Cagliari,Juventus,Draw,pinnacle,4.01,0.23845,4.09,onexbet,20,3.88,3.8
2026-10-05T18:18:23+00:00,soccer_italy_serie_a,0f2e7ff90b994f31d5cd48a9680943e1,2026-10-12T16:30:00Z,Atalanta BC,Venezia,H,pinnacle,1.57,0.61005,1.66,onexbet,18,1.52,1.53
2026-10-05T18:18:23+00:00,soccer_italy_serie_a,0f2e7ff90b994f31d5cd48a9680943e1,2026-10-12T16:30:00Z,Atalanta BC,Venezia,A,pinnacle,6.06,0.15805,5.95,coolbet,18,5.25,5.0
2026-10-05T18:18:23+00:00,soccer_italy_serie_a,0f2e7ff90b994f31d5cd48a9680943e1,2026-10-12T16:30:00Z,Atalanta BC,Venezia,Draw,pinnacle,4.13,0.23191,4.4,tipico_de,18,4.2,4.2
2026-10-05T18:18:23+00:00,soccer_italy_serie_a,f4a28510bb0c835280a2aca709c19d50,2026-10-12T18:45:00Z,Torino,Udinese,H,pinnacle,2.4,0.40102,2.42,onexbet,17,2.27,2.3
2026-10-05T18:18:23+00:00,soccer_italy_serie_a,f4a28510bb0c835280a2aca709c19d50,2026-10-12T18:45:00Z,Torino,Udinese,A,pinnacle,3.15,0.30554,3.2,tipico_de,17,2.97,2.9
2026-10-05T18:18:23+00:00,soccer_italy_serie_a,f4a28510bb0c835280a2aca709c19d50,2026-10-12T18:45:00Z,Torino,Udinese,Draw,pinnacle,3.28,0.29343,3.46,onexbet,17,3.2,3.2
2026-10-05T18:18:23+00:00,soccer_italy_serie_a,7d3160040958fe21778fd5ee485666c3,2026-10-16T18:45:00Z,Frosinone,Sassuolo,H,pinnacle,2.42,0.3937,2.53,onexbet,14,2.3,2.4
2026-10-05T18:18:23+00:00,soccer_italy_serie_a,7d3160040958fe21778fd5ee485666c3,2026-10-16T18:45:00Z,Frosinone,Sassuolo,A,pinnacle,2.9,0.32853,2.96,onexbet,14,2.67,2.75
2026-10-05T18:18:23+00:00,soccer_italy_serie_a,7d3160040958fe21778fd5ee485666c3,2026-10-16T18:45:00Z,Frosinone,Sassuolo,Draw,pinnacle,3.43,0.27777,3.6,unibet_se,14,3.45,3.3
2026-10-05T18:18:23+00:00,soccer_italy_serie_a,907639dade64cca45d1ab639195d201e,2026-10-17T13:00:00Z,Venezia,Napoli,A,pinnacle,1.7,0.55695,1.79,unibet_se,14,1.65,1.7
2026-10-05T18:18:23+00:00,soccer_italy_serie_a,907639dade64cca45d1ab639195d201e,2026-10-17T13:00:00Z,Venezia,Napoli,H,pinnacle,4.44,0.21325,4.74,onexbet,14,4.35,4.33
2026-10-05T18:18:23+00:00,soccer_italy_serie_a,907639dade64cca45d1ab639195d201e,2026-10-17T13:00:00Z,Venezia,Napoli,Draw,pinnacle,4.12,0.22981,4.22,onexbet,14,3.8,3.8
2026-10-05T18:18:23+00:00,soccer_italy_serie_a,bfefc309177723410230fee52f650315,2026-10-17T16:00:00Z,Bologna,Inter Milan,H,pinnacle,5.45,0.17367,5.55,onexbet,14,4.8,4.8
2026-10-05T18:18:23+00:00,soccer_italy_serie_a,bfefc309177723410230fee52f650315,2026-10-17T16:00:00Z,Bologna,Inter Milan,A,pinnacle,1.62,0.58426,1.69,onexbet,14,1.57,1.65
2026-10-05T18:18:23+00:00,soccer_italy_serie_a,bfefc309177723410230fee52f650315,2026-10-17T16:00:00Z,Bologna,Inter Milan,Draw,pinnacle,3.91,0.24207,4.12,onexbet,14,3.9,3.75
2026-10-05T18:18:23+00:00,soccer_italy_serie_a,18d478f469da3bcc654dd4555b85c7e3,2026-10-17T18:45:00Z,AS Roma,Genoa,H,pinnacle,1.3,0.72672,1.33,betsson,14,1.25,1.29
2026-10-05T18:18:23+00:00,soccer_italy_serie_a,18d478f469da3bcc654dd4555b85c7e3,2026-10-17T18:45:00Z,AS Roma,Genoa,A,pinnacle,9.06,0.10428,11.2,onexbet,14,8.75,9.5
2026-10-05T18:18:23+00:00,soccer_italy_serie_a,18d478f469da3bcc654dd4555b85c7e3,2026-10-17T18:45:00Z,AS Roma,Genoa,Draw,pinnacle,5.59,0.169,6.0,tipico_de,14,5.25,5.0
2026-10-05T18:18:23+00:00,soccer_italy_serie_a,367da93aa21a1e13eeafb94fd2263c75,2026-10-18T10:30:00Z,Udinese,Lecce,A,pinnacle,4.2,0.22603,4.35,unibet_se,14,4.05,3.9
2026-10-05T18:18:23+00:00,soccer_italy_serie_a,367da93aa21a1e13eeafb94fd2263c75,2026-10-18T10:30:00Z,Udinese,Lecce,H,pinnacle,1.85,0.51316,1.95,onexbet,14,1.79,1.85
2026-10-05T18:18:23+00:00,soccer_italy_serie_a,367da93aa21a1e13eeafb94fd2263c75,2026-10-18T10:30:00Z,Udinese,Lecce,Draw,pinnacle,3.64,0.26081,3.71,onexbet,14,3.43,3.4
2026-10-05T18:18:23+00:00,soccer_italy_serie_a,3ea32a0aa44a5f0ef7fd088155430087,2026-10-18T13:00:00Z,Fiorentina,Como,A,pinnacle,2.07,0.45966,2.13,onexbet,14,2.0,2.05
2026-10-05T18:18:23+00:00,soccer_italy_serie_a,3ea32a0aa44a5f0ef7fd088155430087,2026-10-18T13:00:00Z,Fiorentina,Como,H,pinnacle,3.36,0.28318,3.65,unibet_se,14,3.2,3.3
2026-10-05T18:18:23+00:00,soccer_italy_serie_a,3ea32a0aa44a5f0ef7fd088155430087,2026-10-18T13:00:00Z,Fiorentina,Como,Draw,pinnacle,3.7,0.25716,3.81,onexbet,14,3.48,3.5
2026-10-05T18:18:23+00:00,soccer_italy_serie_a,f9403dd597edbfaa73abdc974e55344c,2026-10-18T16:00:00Z,AC Milan,Atalanta BC,H,pinnacle,1.85,0.51241,1.95,onexbet,14,1.81,1.85
2026-10-05T18:18:23+00:00,soccer_italy_serie_a,f9403dd597edbfaa73abdc974e55344c,2026-10-18T16:00:00Z,AC Milan,Atalanta BC,A,pinnacle,4.16,0.22787,4.25,unibet_se,14,3.8,3.9
2026-10-05T18:18:23+00:00,soccer_italy_serie_a,f9403dd597edbfaa73abdc974e55344c,2026-10-18T16:00:00Z,AC Milan,Atalanta BC,Draw,pinnacle,3.65,0.25971,3.8,tipico_de,14,3.5,3.4
2026-10-05T18:18:23+00:00,soccer_italy_serie_a,4c4026e2782f09d6f0ff2bde2a390513,2026-10-18T18:45:00Z,Juventus,Lazio,H,pinnacle,1.64,0.57774,1.7,unibet_se,14,1.6,1.61
2026-10-05T18:18:23+00:00,soccer_italy_serie_a,4c4026e2782f09d6f0ff2bde2a390513,2026-10-18T18:45:00Z,Juventus,Lazio,A,pinnacle,5.34,0.17743,5.66,onexbet,14,4.95,5.0
2026-10-05T18:18:23+00:00,soccer_italy_serie_a,4c4026e2782f09d6f0ff2bde2a390513,2026-10-18T18:45:00Z,Juventus,Lazio,Draw,pinnacle,3.87,0.24483,4.12,onexbet,14,3.68,3.8
2026-10-05T18:18:23+00:00,soccer_italy_serie_a,ce94aca384a20f6af459366da6e1dd21,2026-10-19T16:30:00Z,Monza,Cagliari,A,pinnacle,3.58,0.26592,3.9,onexbet,14,3.37,3.3
2026-10-05T18:18:23+00:00,soccer_italy_serie_a,ce94aca384a20f6af459366da6e1dd21,2026-10-19T16:30:00Z,Monza,Cagliari,H,pinnacle,2.19,0.4347,2.21,onexbet,14,2.05,2.15
2026-10-05T18:18:23+00:00,soccer_italy_serie_a,ce94aca384a20f6af459366da6e1dd21,2026-10-19T16:30:00Z,Monza,Cagliari,Draw,pinnacle,3.18,0.29937,3.3,winamax_de,14,3.2,3.2
2026-10-05T18:18:23+00:00,soccer_italy_serie_a,07014d9adc65ca39710bd9f0c7c0d3f0,2026-10-19T18:45:00Z,Parma,Torino,H,pinnacle,3.2,0.29774,3.25,onexbet,14,2.95,3.0
2026-10-05T18:18:23+00:00,soccer_italy_serie_a,07014d9adc65ca39710bd9f0c7c0d3f0,2026-10-19T18:45:00Z,Parma,Torino,A,pinnacle,2.47,0.38573,2.52,onexbet,14,2.3,2.4
2026-10-05T18:18:23+00:00,soccer_italy_serie_a,07014d9adc65ca39710bd9f0c7c0d3f0,2026-10-19T18:45:00Z,Parma,Torino,Draw,pinnacle,3.01,0.31653,3.25,unibet_se,14,3.05,3.0
2026-10-05T18:18:23+00:00,soccer_germany_bundesliga,3fb63658405d468954f57745cd115118,2026-10-09T18:30:00Z,Borussia Dortmund,Werder Bremen,H,pinnacle,1.4,0.68901,1.41,onexbet,21,1.33,1.36
2026-10-05T18:18:23+00:00,soccer_germany_bundesliga,3fb63658405d468954f57745cd115118,2026-10-09T18:30:00Z,Borussia Dortmund,Werder Bremen,A,pinnacle,7.08,0.13624,8.0,unibet_se,21,6.75,6.5
2026-10-05T18:18:23+00:00,soccer_germany_bundesliga,3fb63658405d468954f57745cd115118,2026-10-09T18:30:00Z,Borussia Dortmund,Werder Bremen,Draw,pinnacle,5.52,0.17475,5.9,matchbook,21,5.4,5.0
2026-10-05T18:18:23+00:00,soccer_germany_bundesliga,3b71160ad20dba786c4f92e33c987d80,2026-10-10T13:30:00Z,Augsburg,Bayern Munich,H,pinnacle,9.52,0.1008,13.0,coolbet,21,9.75,9.5
2026-10-05T18:18:23+00:00,soccer_germany_bundesliga,3b71160ad20dba786c4f92e33c987d80,2026-10-10T13:30:00Z,Augsburg,Bayern Munich,A,pinnacle,1.21,0.79305,1.23,unibet_se,21,1.16,1.2
2026-10-05T18:18:23+00:00,soccer_germany_bundesliga,3b71160ad20dba786c4f92e33c987d80,2026-10-10T13:30:00Z,Augsburg,Bayern Munich,Draw,pinnacle,9.04,0.10615,9.4,matchbook,21,7.75,7.5
2026-10-05T18:18:23+00:00,soccer_germany_bundesliga,418f8c26d46eaabd829f2e265673b855,2026-10-10T13:30:00Z,FSV Mainz 05,Bayer Leverkusen,A,pinnacle,2.22,0.43625,2.31,onexbet,21,2.12,2.25
2026-10-05T18:18:23+00:00,soccer_germany_bundesliga,418f8c26d46eaabd829f2e265673b855,2026-10-10T13:30:00Z,FSV Mainz 05,Bayer Leverkusen,H,pinnacle,3.0,0.32283,3.1,tipico_de,21,2.85,2.8
2026-10-05T18:18:23+00:00,soccer_germany_bundesliga,418f8c26d46eaabd829f2e265673b855,2026-10-10T13:30:00Z,FSV Mainz 05,Bayer Leverkusen,Draw,pinnacle,4.02,0.24092,4.0,unibet_se,21,3.75,3.6
2026-10-05T18:18:23+00:00,soccer_germany_bundesliga,2fd48be0a24ed906187067d4170bf010,2026-10-10T13:30:00Z,Union Berlin,Elversberg,A,pinnacle,2.87,0.33697,3.07,onexbet,21,2.78,2.8
2026-10-05T18:18:23+00:00,soccer_germany_bundesliga,2fd48be0a24ed906187067d4170bf010,2026-10-10T13:30:00Z,Union Berlin,Elversberg,H,pinnacle,2.33,0.41506,2.36,matchbook,21,2.18,2.2
2026-10-05T18:18:23+00:00,soccer_germany_bundesliga,2fd48be0a24ed906187067d4170bf010,2026-10-10T13:30:00Z,Union Berlin,Elversberg,Draw,pinnacle,3.9,0.24797,4.05,betonlineag,21,3.68,3.6
2026-10-05T18:18:23+00:00,soccer_germany_bundesliga,f03c08c0ae5fd66c2d2df2053115bb94,2026-10-10T13:30:00Z,TSG Hoffenheim,Hamburger SV,A,pinnacle,7.12,0.13523,7.1,betonlineag,21,6.1,6.0
2026-10-05T18:18:23+00:00,soccer_germany_bundesliga,f03c08c0ae5fd66c2d2df2053115bb94,2026-10-10T13:30:00Z,TSG Hoffenheim,Hamburger SV,H,pinnacle,1.44,0.66866,1.49,onexbet,21,1.37,1.4
2026-10-05T18:18:23+00:00,soccer_germany_bundesliga,f03c08c0ae5fd66c2d2df2053115bb94,2026-10-10T13:30:00Z,TSG Hoffenheim,Hamburger SV,Draw,pinnacle,4.91,0.1961,5.4,unibet_se,21,5.1,4.75
2026-10-05T18:18:23+00:00,soccer_germany_bundesliga,9aade3e736c3d113dab19e641c43e272,2026-10-10T13:30:00Z,SC Paderborn,VfB Stuttgart,H,pinnacle,4.84,0.19939,5.08,onexbet,21,4.7,4.6
2026-10-05T18:18:23+00:00,soccer_germany_bundesliga,9aade3e736c3d113dab19e641c43e272,2026-10-10T13:30:00Z,SC Paderborn,VfB Stuttgart,A,pinnacle,1.62,0.59571,1.64,onexbet,21,1.53,1.57
2026-10-05T18:18:23+00:00,soccer_germany_bundesliga,9aade3e736c3d113dab19e641c43e272,2026-10-10T13:30:00Z,SC Paderborn,VfB Stuttgart,Draw,pinnacle,4.71,0.2049,4.83,onexbet,21,4.5,4.33
2026-10-05T18:18:23+00:00,soccer_germany_bundesliga,01cb7a67c8ae71201ec27297455fc0e8,2026-10-10T16:30:00Z,RB Leipzig,Eintracht Frankfurt,A,pinnacle,5.15,0.1875,5.5,coolbet,21,4.9,4.8
2026-10-05T18:18:23+00:00,soccer_germany_bundesliga,01cb7a67c8ae71201ec27297455fc0e8,2026-10-10T16:30:00Z,RB Leipzig,Eintracht Frankfurt,H,pinnacle,1.56,0.61899,1.58,onexbet,21,1.48,1.5
2026-10-05T18:18:23+00:00,soccer_germany_bundesliga,01cb7a67c8ae71201ec27297455fc0e8,2026-10-10T16:30:00Z,RB Leipzig,Eintracht Frankfurt,Draw,pinnacle,4.99,0.19351,5.25,coolbet,21,4.75,4.6
2026-10-05T18:18:23+00:00,soccer_germany_bundesliga,a8801462cb97a43570956e4b3ef4aedf,2026-10-11T13:30:00Z,1. FC Köln,Borussia Monchengladbach,H,pinnacle,2.04,0.47394,2.06,codere_it,21,1.94,1.91
2026-10-05T18:18:23+00:00,soccer_germany_bundesliga,a8801462cb97a43570956e4b3ef4aedf,2026-10-11T13:30:00Z,1. FC Köln,Borussia Monchengladbach,A,pinnacle,3.28,0.29477,3.57,onexbet,21,3.18,3.3
2026-10-05T18:18:23+00:00,soccer_germany_bundesliga,a8801462cb97a43570956e4b3ef4aedf,2026-10-11T13:30:00Z,1. FC Köln,Borussia Monchengladbach,Draw,pinnacle,4.18,0.2313,4.2,unibet_se,21,3.83,3.8
2026-10-05T18:18:23+00:00,soccer_germany_bundesliga,eaf509fb37413b7d055cd394667792b3,2026-10-11T15:30:00Z,SC Freiburg,FC Schalke 04,A,pinnacle,5.34,0.18064,5.44,onexbet,21,4.75,4.8
2026-10-05T18:18:23+00:00,soccer_germany_bundesliga,eaf509fb37413b7d055cd394667792b3,2026-10-11T15:30:00Z,SC Freiburg,FC Schalke 04,H,pinnacle,1.67,0.57761,1.71,onexbet,21,1.59,1.65
2026-10-05T18:18:23+00:00,soccer_germany_bundesliga,eaf509fb37413b7d055cd394667792b3,2026-10-11T15:30:00Z,SC Freiburg,FC Schalke 04,Draw,pinnacle,3.99,0.24176,4.35,unibet_se,21,4.0,3.7
2026-10-05T18:18:23+00:00,soccer_germany_bundesliga,947bd5d924835af090d9cdc7bbdf10f6,2026-10-16T18:30:00Z,Eintracht Frankfurt,1. FC Köln,A,pinnacle,3.56,0.26686,3.52,onexbet,12,3.25,3.3
2026-10-05T18:18:23+00:00,soccer_germany_bundesliga,947bd5d924835af090d9cdc7bbdf10f6,2026-10-16T18:30:00Z,Eintracht Frankfurt,1. FC Köln,H,pinnacle,1.88,0.50532,2.0,onexbet,12,1.86,1.91
2026-10-05T18:18:23+00:00,soccer_germany_bundesliga,947bd5d924835af090d9cdc7bbdf10f6,2026-10-16T18:30:00Z,Eintracht Frankfurt,1. FC Köln,Draw,pinnacle,4.17,0.22782,4.3,tipico_de,12,3.9,3.9
2026-10-05T18:18:23+00:00,soccer_germany_bundesliga,0bf757f3bd903496ce2fa27bd0481869,2026-10-17T13:30:00Z,Elversberg,Augsburg,A,pinnacle,2.63,0.36216,2.71,onexbet,12,2.5,2.6
2026-10-05T18:18:23+00:00,soccer_germany_bundesliga,0bf757f3bd903496ce2fa27bd0481869,2026-10-17T13:30:00Z,Elversberg,Augsburg,H,pinnacle,2.46,0.38719,2.55,onexbet,12,2.33,2.4
2026-10-05T18:18:23+00:00,soccer_germany_bundesliga,0bf757f3bd903496ce2fa27bd0481869,2026-10-17T13:30:00Z,Elversberg,Augsburg,Draw,pinnacle,3.8,0.25065,3.92,onexbet,12,3.68,3.6
2026-10-05T18:18:23+00:00,soccer_germany_bundesliga,d8eac776adb07b0e7f01d8736d097291,2026-10-17T13:30:00Z,Union Berlin,Borussia Dortmund,A,pinnacle,1.68,0.56321,1.73,onexbet,12,1.62,1.67
2026-10-05T18:18:23+00:00,soccer_germany_bundesliga,d8eac776adb07b0e7f01d8736d097291,2026-10-17T13:30:00Z,Union Berlin,Borussia Dortmund,H,pinnacle,4.44,0.21311,4.72,onexbet,12,4.25,4.33
2026-10-05T18:18:23+00:00,soccer_germany_bundesliga,d8eac776adb07b0e7f01d8736d097291,2026-10-17T13:30:00Z,Union Berlin,Borussia Dortmund,Draw,pinnacle,4.23,0.22369,4.45,onexbet,12,4.05,4.0
2026-10-05T18:18:23+00:00,soccer_germany_bundesliga,606d65d57a9a6d8f9b53faee1ad10009,2026-10-17T13:30:00Z,FC Schalke 04,FSV Mainz 05,H,pinnacle,2.85,0.33411,2.98,onexbet,12,2.77,2.8
2026-10-05T18:18:23+00:00,soccer_germany_bundesliga,606d65d57a9a6d8f9b53faee1ad10009,2026-10-17T13:30:00Z,FC Schalke 04,FSV Mainz 05,A,pinnacle,2.39,0.39842,2.44,onexbet,12,2.2,2.3
2026-10-05T18:18:23+00:00,soccer_germany_bundesliga,606d65d57a9a6d8f9b53faee1ad10009,2026-10-17T13:30:00Z,FC Schalke 04,FSV Mainz 05,Draw,pinnacle,3.56,0.26748,3.7,onexbet,12,3.5,3.4
2026-10-05T18:18:23+00:00,soccer_germany_bundesliga,221916b8b36706ec52aa655a64e5f1d2,2026-10-17T13:30:00Z,Hamburger SV,VfB Stuttgart,H,pinnacle,4.04,0.2355,4.1,tipico_de,12,3.53,3.4
2026-10-05T18:18:23+00:00,soccer_germany_bundesliga,221916b8b36706ec52aa655a64e5f1d2,2026-10-17T13:30:00Z,Hamburger SV,VfB Stuttgart,A,pinnacle,1.83,0.51991,1.9,onexbet,12,1.78,1.83
2026-10-05T18:18:23+00:00,soccer_germany_bundesliga,221916b8b36706ec52aa655a64e5f1d2,2026-10-17T13:30:00Z,Hamburger SV,VfB Stuttgart,Draw,pinnacle,3.89,0.24459,4.08,onexbet,12,3.93,4.0
2026-10-05T18:18:23+00:00,soccer_germany_bundesliga,9a422e1aad1053828eaf629a58d901de,2026-10-17T13:30:00Z,Werder Bremen,SC Paderborn,A,pinnacle,4.02,0.23612,4.21,onexbet,12,3.78,3.75
2026-10-05T18:18:23+00:00,soccer_germany_bundesliga,9a422e1aad1053828eaf629a58d901de,2026-10-17T13:30:00Z,Werder Bremen,SC Paderborn,H,pinnacle,1.77,0.53626,1.84,onexbet,12,1.75,1.8
2026-10-05T18:18:23+00:00,soccer_germany_bundesliga,9a422e1aad1053828eaf629a58d901de,2026-10-17T13:30:00Z,Werder Bremen,SC Paderborn,Draw,pinnacle,4.17,0.22762,4.26,onexbet,12,3.8,3.8
2026-10-05T18:18:23+00:00,soccer_germany_bundesliga,9a64448205fdc4b95f45641bb946706c,2026-10-17T16:30:00Z,Bayern Munich,RB Leipzig,H,betfair_ex_eu,1.25,0.77551,1.27,onexbet,12,1.2,1.25
2026-10-05T18:18:23+00:00,soccer_germany_bundesliga,9a64448205fdc4b95f45641bb946706c,2026-10-17T16:30:00Z,Bayern Munich,RB Leipzig,A,betfair_ex_eu,10.0,0.09694,11.5,nordicbet,12,8.5,9.5
2026-10-05T18:18:23+00:00,soccer_germany_bundesliga,9a64448205fdc4b95f45641bb946706c,2026-10-17T16:30:00Z,Bayern Munich,RB Leipzig,Draw,betfair_ex_eu,7.6,0.12755,8.0,tipico_de,12,6.6,6.0
2026-10-05T18:18:23+00:00,soccer_germany_bundesliga,096d800bcc95c547ef592cbef624d080,2026-10-18T13:30:00Z,Bayer Leverkusen,SC Freiburg,H,pinnacle,1.65,0.57392,1.7,onexbet,12,1.61,1.61
2026-10-05T18:18:23+00:00,soccer_germany_bundesliga,096d800bcc95c547ef592cbef624d080,2026-10-18T13:30:00Z,Bayer Leverkusen,SC Freiburg,A,pinnacle,4.46,0.21232,4.83,onexbet,12,4.3,4.4
2026-10-05T18:18:23+00:00,soccer_germany_bundesliga,096d800bcc95c547ef592cbef624d080,2026-10-18T13:30:00Z,Bayer Leverkusen,SC Freiburg,Draw,pinnacle,4.43,0.21376,4.51,onexbet,12,4.1,4.2
2026-10-05T18:18:23+00:00,soccer_germany_bundesliga,fd9b8c185737a15615aa0c9daaa3dfbf,2026-10-18T15:30:00Z,Borussia Monchengladbach,TSG Hoffenheim,H,pinnacle,3.25,0.29225,3.58,onexbet,12,3.2,3.3
2026-10-05T18:18:23+00:00,soccer_germany_bundesliga,fd9b8c185737a15615aa0c9daaa3dfbf,2026-10-18T15:30:00Z,Borussia Monchengladbach,TSG Hoffenheim,A,pinnacle,1.97,0.48214,1.99,onexbet,12,1.89,1.91
2026-10-05T18:18:23+00:00,soccer_germany_bundesliga,fd9b8c185737a15615aa0c9daaa3dfbf,2026-10-18T15:30:00Z,Borussia Monchengladbach,TSG Hoffenheim,Draw,pinnacle,4.21,0.22561,4.3,tipico_de,12,3.88,3.9
2026-10-05T18:18:23+00:00,soccer_france_ligue_one,17694e68f399fdf9c5030021ec9bb595,2026-10-09T18:45:00Z,RC Lens,Lyon,A,pinnacle,2.73,0.35438,2.92,onexbet,20,2.63,2.7
2026-10-05T18:18:23+00:00,soccer_france_ligue_one,17694e68f399fdf9c5030021ec9bb595,2026-10-09T18:45:00Z,RC Lens,Lyon,H,pinnacle,2.47,0.39169,2.5,unibet_se,20,2.3,2.3
2026-10-05T18:18:23+00:00,soccer_france_ligue_one,17694e68f399fdf9c5030021ec9bb595,2026-10-09T18:45:00Z,RC Lens,Lyon,Draw,pinnacle,3.81,0.25393,3.86,betonlineag,20,3.6,3.5
2026-10-05T18:18:23+00:00,soccer_france_ligue_one,2c173b3bd3a1491f17fcad1012019c4f,2026-10-10T15:15:00Z,Lille,Le Havre,A,pinnacle,6.78,0.14224,7.5,unibet_se,20,6.5,6.5
2026-10-05T18:18:23+00:00,soccer_france_ligue_one,2c173b3bd3a1491f17fcad1012019c4f,2026-10-10T15:15:00Z,Lille,Le Havre,H,pinnacle,1.46,0.66054,1.48,onexbet,20,1.39,1.4
2026-10-05T18:18:23+00:00,soccer_france_ligue_one,2c173b3bd3a1491f17fcad1012019c4f,2026-10-10T15:15:00Z,Lille,Le Havre,Draw,pinnacle,4.89,0.19722,5.1,unibet_se,20,4.6,4.4
2026-10-05T18:18:23+00:00,soccer_france_ligue_one,c2c64ebfc5810226f807c1920d580392,2026-10-10T18:45:00Z,AS Monaco,Toulouse,H,pinnacle,1.61,0.59974,1.69,onexbet,20,1.56,1.6
2026-10-05T18:18:23+00:00,soccer_france_ligue_one,c2c64ebfc5810226f807c1920d580392,2026-10-10T18:45:00Z,AS Monaco,Toulouse,A,pinnacle,5.2,0.18569,5.4,nordicbet,20,4.85,4.75
2026-10-05T18:18:23+00:00,soccer_france_ligue_one,c2c64ebfc5810226f807c1920d580392,2026-10-10T18:45:00Z,AS Monaco,Toulouse,Draw,pinnacle,4.5,0.21457,4.5,tipico_de,20,4.1,4.0
2026-10-05T18:18:23+00:00,soccer_france_ligue_one,007dc2ff845c33e3e18f2bd2bc126304,2026-10-10T18:45:00Z,Brest,Angers,A,pinnacle,3.68,0.26263,3.9,gtbets,20,3.5,3.5
2026-10-05T18:18:23+00:00,soccer_france_ligue_one,007dc2ff845c33e3e18f2bd2bc126304,2026-10-10T18:45:00Z,Brest,Angers,H,pinnacle,1.99,0.48568,2.04,onexbet,20,1.91,1.95
2026-10-05T18:18:23+00:00,soccer_france_ligue_one,007dc2ff845c33e3e18f2bd2bc126304,2026-10-10T18:45:00Z,Brest,Angers,Draw,pinnacle,3.84,0.25169,3.85,winamax_de,20,3.55,3.5
2026-10-05T18:18:23+00:00,soccer_france_ligue_one,2849460eb4d15adbb20ec15927a0fd4a,2026-10-10T18:45:00Z,Paris Saint Germain,Le Mans FC,A,pinnacle,23.37,0.04111,34.0,onexbet,20,22.0,26.0
2026-10-05T18:18:23+00:00,soccer_france_ligue_one,2849460eb4d15adbb20ec15927a0fd4a,2026-10-10T18:45:00Z,Paris Saint Germain,Le Mans FC,H,pinnacle,1.08,0.88966,1.09,unibet_se,20,1.06,1.06
2026-10-05T18:18:23+00:00,soccer_france_ligue_one,2849460eb4d15adbb20ec15927a0fd4a,2026-10-10T18:45:00Z,Paris Saint Germain,Le Mans FC,Draw,pinnacle,13.88,0.06922,16.5,onexbet,20,10.25,13.0
2026-10-05T18:18:23+00:00,soccer_france_ligue_one,3aa72885e0aa107c62843749f7930a9a,2026-10-10T18:45:00Z,Lorient,Paris FC,H,pinnacle,3.3,0.29347,3.3,tipico_de,19,3.05,3.0
2026-10-05T18:18:23+00:00,soccer_france_ligue_one,3aa72885e0aa107c62843749f7930a9a,2026-10-10T18:45:00Z,Lorient,Paris FC,A,pinnacle,2.32,0.41744,2.42,onexbet,19,2.2,2.3
2026-10-05T18:18:23+00:00,soccer_france_ligue_one,3aa72885e0aa107c62843749f7930a9a,2026-10-10T18:45:00Z,Lorient,Paris FC,Draw,pinnacle,3.35,0.28909,3.47,onexbet,19,3.28,3.2
2026-10-05T18:18:23+00:00,soccer_france_ligue_one,5d3606630a2d3a218a6340d082c1bdc6,2026-10-11T13:00:00Z,Nice,Strasbourg,H,pinnacle,2.35,0.41155,2.45,unibet_se,19,2.2,2.25
2026-10-05T18:18:23+00:00,soccer_france_ligue_one,5d3606630a2d3a218a6340d082c1bdc6,2026-10-11T13:00:00Z,Nice,Strasbourg,A,pinnacle,2.97,0.32564,3.07,onexbet,19,2.88,2.9
2026-10-05T18:18:23+00:00,soccer_france_ligue_one,5d3606630a2d3a218a6340d082c1bdc6,2026-10-11T13:00:00Z,Nice,Strasbourg,Draw,pinnacle,3.68,0.26281,3.75,onexbet,19,3.48,3.4
2026-10-05T18:18:23+00:00,soccer_france_ligue_one,34f584ab922e220dc4f3b81217959d6d,2026-10-11T15:15:00Z,Rennes,Auxerre,A,pinnacle,6.49,0.14858,7.5,unibet_se,20,6.1,6.0
2026-10-05T18:18:23+00:00,soccer_france_ligue_one,34f584ab922e220dc4f3b81217959d6d,2026-10-11T15:15:00Z,Rennes,Auxerre,H,pinnacle,1.46,0.66047,1.48,onexbet,20,1.39,1.4
2026-10-05T18:18:23+00:00,soccer_france_ligue_one,34f584ab922e220dc4f3b81217959d6d,2026-10-11T15:15:00Z,Rennes,Auxerre,Draw,pinnacle,5.05,0.19095,5.18,betonlineag,20,4.8,4.6
2026-10-05T18:18:23+00:00,soccer_france_ligue_one,cb7067ac191abf32ad49dad45e46f639,2026-10-11T18:45:00Z,Troyes,Marseille,A,pinnacle,1.89,0.5081,1.93,unibet_se,20,1.8,1.85
2026-10-05T18:18:23+00:00,soccer_france_ligue_one,cb7067ac191abf32ad49dad45e46f639,2026-10-11T18:45:00Z,Troyes,Marseille,H,pinnacle,3.86,0.24878,4.03,onexbet,20,3.73,3.6
2026-10-05T18:18:23+00:00,soccer_france_ligue_one,cb7067ac191abf32ad49dad45e46f639,2026-10-11T18:45:00Z,Troyes,Marseille,Draw,pinnacle,3.95,0.24312,4.2,coolbet,20,3.75,3.6
2026-10-05T18:18:23+00:00,soccer_france_ligue_one,66c168c030f3faad3983fcadc3060009,2026-10-16T18:45:00Z,Le Mans FC,Toulouse,H,pinnacle,3.12,0.30531,3.3,unibet_se,15,2.9,3.0
2026-10-05T18:18:23+00:00,soccer_france_ligue_one,66c168c030f3faad3983fcadc3060009,2026-10-16T18:45:00Z,Le Mans FC,Toulouse,A,pinnacle,2.28,0.41779,2.34,onexbet,15,2.18,2.2
2026-10-05T18:18:23+00:00,soccer_france_ligue_one,66c168c030f3faad3983fcadc3060009,2026-10-16T18:45:00Z,Le Mans FC,Toulouse,Draw,pinnacle,3.44,0.27691,3.57,onexbet,15,3.37,3.3
2026-10-05T18:18:23+00:00,soccer_france_ligue_one,f3034246520a2ee4ff0ac0d5074966f8,2026-10-17T15:15:00Z,Strasbourg,Paris Saint Germain,A,pinnacle,1.4,0.67671,1.46,onexbet,15,1.36,1.4
2026-10-05T18:18:23+00:00,soccer_france_ligue_one,f3034246520a2ee4ff0ac0d5074966f8,2026-10-17T15:15:00Z,Strasbourg,Paris Saint Germain,H,pinnacle,6.38,0.14849,6.8,nordicbet,15,5.6,6.0
2026-10-05T18:18:23+00:00,soccer_france_ligue_one,f3034246520a2ee4ff0ac0d5074966f8,2026-10-17T15:15:00Z,Strasbourg,Paris Saint Germain,Draw,pinnacle,5.42,0.1748,5.7,tipico_de,15,5.4,4.8
2026-10-05T18:18:23+00:00,soccer_france_ligue_one,ad25a350c89b64715e15c59cde5653d3,2026-10-17T18:45:00Z,Lille,Brest,A,pinnacle,5.42,0.17489,5.4,unibet_se,15,4.9,4.8
2026-10-05T18:18:23+00:00,soccer_france_ligue_one,ad25a350c89b64715e15c59cde5653d3,2026-10-17T18:45:00Z,Lille,Brest,H,pinnacle,1.58,0.59995,1.66,onexbet,15,1.53,1.61
2026-10-05T18:18:23+00:00,soccer_france_ligue_one,ad25a350c89b64715e15c59cde5653d3,2026-10-17T18:45:00Z,Lille,Brest,Draw,pinnacle,4.21,0.22516,4.37,onexbet,15,4.1,3.9
2026-10-05T18:18:23+00:00,soccer_france_ligue_one,b077aa049133c0358bcd643bfee48da3,2026-10-17T18:45:00Z,Troyes,RC Lens,A,pinnacle,1.81,0.52431,1.87,onexbet,15,1.76,1.8
2026-10-05T18:18:23+00:00,soccer_france_ligue_one,b077aa049133c0358bcd643bfee48da3,2026-10-17T18:45:00Z,Troyes,RC Lens,H,pinnacle,4.0,0.23725,4.3,onexbet,15,3.75,3.9
2026-10-05T18:18:23+00:00,soccer_france_ligue_one,b077aa049133c0358bcd643bfee48da3,2026-10-17T18:45:00Z,Troyes,RC Lens,Draw,pinnacle,3.98,0.23844,4.1,unibet_se,15,3.78,3.7
2026-10-05T18:18:23+00:00,soccer_france_ligue_one,c7a60aa94470fe959fbf6b0c68060fc1,2026-10-18T13:00:00Z,Angers,Marseille,H,pinnacle,3.21,0.29652,3.3,tipico_de,15,3.0,3.0
2026-10-05T18:18:23+00:00,soccer_france_ligue_one,c7a60aa94470fe959fbf6b0c68060fc1,2026-10-18T13:00:00Z,Angers,Marseille,A,pinnacle,2.12,0.44898,2.28,onexbet,15,2.07,2.15
2026-10-05T18:18:23+00:00,soccer_france_ligue_one,c7a60aa94470fe959fbf6b0c68060fc1,2026-10-18T13:00:00Z,Angers,Marseille,Draw,pinnacle,3.74,0.2545,3.85,unibet_se,15,3.53,3.4
2026-10-05T18:18:23+00:00,soccer_france_ligue_one,53f5fe7ed0ba0fbf6345c73270e4cd00,2026-10-18T15:15:00Z,Lorient,AS Monaco,A,pinnacle,2.15,0.44264,2.17,onexbet,15,2.0,2.05
2026-10-05T18:18:23+00:00,soccer_france_ligue_one,53f5fe7ed0ba0fbf6345c73270e4cd00,2026-10-18T15:15:00Z,Lorient,AS Monaco,H,pinnacle,3.4,0.2799,3.75,unibet_se,15,3.25,3.4
2026-10-05T18:18:23+00:00,soccer_france_ligue_one,53f5fe7ed0ba0fbf6345c73270e4cd00,2026-10-18T15:15:00Z,Lorient,AS Monaco,Draw,pinnacle,3.43,0.27746,3.58,onexbet,15,3.42,3.3
2026-10-05T18:18:23+00:00,soccer_france_ligue_one,d637845b9760bb02b55bbbaa32b5c21e,2026-10-18T15:15:00Z,Le Havre,Auxerre,A,pinnacle,2.9,0.32826,3.0,unibet_se,15,2.77,2.8
2026-10-05T18:18:23+00:00,soccer_france_ligue_one,d637845b9760bb02b55bbbaa32b5c21e,2026-10-18T15:15:00Z,Le Havre,Auxerre,H,pinnacle,2.43,0.39175,2.52,onexbet,15,2.28,2.4
2026-10-05T18:18:23+00:00,soccer_france_ligue_one,d637845b9760bb02b55bbbaa32b5c21e,2026-10-18T15:15:00Z,Le Havre,Auxerre,Draw,pinnacle,3.4,0.27999,3.51,onexbet,15,3.32,3.25
2026-10-05T18:18:23+00:00,soccer_france_ligue_one,27f7222d2abde93fc6e8d17b5b05b272,2026-10-18T15:15:00Z,Paris FC,Rennes,H,pinnacle,2.33,0.409,2.37,onexbet,15,2.13,2.25
2026-10-05T18:18:23+00:00,soccer_france_ligue_one,27f7222d2abde93fc6e8d17b5b05b272,2026-10-18T15:15:00Z,Paris FC,Rennes,A,pinnacle,3.23,0.29504,3.29,onexbet,15,2.95,2.88
2026-10-05T18:18:23+00:00,soccer_france_ligue_one,27f7222d2abde93fc6e8d17b5b05b272,2026-10-18T15:15:00Z,Paris FC,Rennes,Draw,pinnacle,3.22,0.29596,3.6,unibet_se,15,3.42,3.5
2026-10-05T18:18:23+00:00,soccer_france_ligue_one,471f891b1f6516a864ad94c8eb649f5e,2026-10-18T18:45:00Z,Lyon,Nice,H,pinnacle,1.65,0.57582,1.71,onexbet,15,1.6,1.65
2026-10-05T18:18:23+00:00,soccer_france_ligue_one,471f891b1f6516a864ad94c8eb649f5e,2026-10-18T18:45:00Z,Lyon,Nice,A,pinnacle,4.88,0.19469,5.24,onexbet,15,4.6,4.8
2026-10-05T18:18:23+00:00,soccer_france_ligue_one,471f891b1f6516a864ad94c8eb649f5e,2026-10-18T18:45:00Z,Lyon,Nice,Draw,pinnacle,4.14,0.22949,4.16,onexbet,15,3.9,3.8
2026-10-05T22:30:49+00:00,soccer_portugal_primeira_liga,0956c06cd173899e11422bece0fbf94f,2026-10-09T17:45:00Z,Moreirense FC,Gil Vicente,A,pinnacle,2.25,0.42306,2.25,tipico_de,15,2.08,2.15
2026-10-05T22:30:49+00:00,soccer_portugal_primeira_liga,0956c06cd173899e11422bece0fbf94f,2026-10-09T17:45:00Z,Moreirense FC,Gil Vicente,H,pinnacle,3.54,0.26889,3.5,betonlineag,15,3.23,3.3
2026-10-05T22:30:49+00:00,soccer_portugal_primeira_liga,0956c06cd173899e11422bece0fbf94f,2026-10-09T17:45:00Z,Moreirense FC,Gil Vicente,Draw,pinnacle,3.09,0.30805,3.2,gtbets,15,3.02,3.1
2026-10-05T22:30:49+00:00,soccer_portugal_primeira_liga,b4d52d1abd5efcd669a093139239c7b0,2026-10-09T19:15:00Z,Braga,Sporting Lisbon,H,pinnacle,3.68,0.25858,3.9,tipico_de,14,3.43,3.4
2026-10-05T22:30:49+00:00,soccer_portugal_primeira_liga,b4d52d1abd5efcd669a093139239c7b0,2026-10-09T19:15:00Z,Braga,Sporting Lisbon,A,pinnacle,2.02,0.47108,2.08,nordicbet,14,1.92,2.05
2026-10-05T22:30:49+00:00,soccer_portugal_primeira_liga,b4d52d1abd5efcd669a093139239c7b0,2026-10-09T19:15:00Z,Braga,Sporting Lisbon,Draw,pinnacle,3.52,0.27034,3.44,marathonbet,14,3.27,3.3
2026-10-05T22:30:49+00:00,soccer_portugal_primeira_liga,710dd3ffd365c610f1969a86cd70e074,2026-10-10T14:30:00Z,Casa Pia,Santa Clara,H,pinnacle,4.3,0.22088,4.6,tipico_de,14,4.15,4.0
2026-10-05T22:30:49+00:00,soccer_portugal_primeira_liga,710dd3ffd365c610f1969a86cd70e074,2026-10-10T14:30:00Z,Casa Pia,Santa Clara,A,pinnacle,1.91,0.49728,1.93,unibet_se,14,1.78,1.91
2026-10-05T22:30:49+00:00,soccer_portugal_primeira_liga,710dd3ffd365c610f1969a86cd70e074,2026-10-10T14:30:00Z,Casa Pia,Santa Clara,Draw,pinnacle,3.37,0.28184,3.27,gtbets,14,3.15,3.1
2026-10-05T22:30:49+00:00,soccer_portugal_primeira_liga,d9bfec13c112810701ee7e60f02bffa5,2026-10-10T17:00:00Z,CS Maritimo,FC Porto,H,betfair_ex_eu,12.0,0.0803,11.0,tipico_de,15,8.5,9.0
2026-10-05T22:30:49+00:00,soccer_portugal_primeira_liga,d9bfec13c112810701ee7e60f02bffa5,2026-10-10T17:00:00Z,CS Maritimo,FC Porto,A,betfair_ex_eu,1.3,0.74125,1.36,gtbets,15,1.26,1.3
2026-10-05T22:30:49+00:00,soccer_portugal_primeira_liga,d9bfec13c112810701ee7e60f02bffa5,2026-10-10T17:00:00Z,CS Maritimo,FC Porto,Draw,betfair_ex_eu,5.4,0.17845,5.2,tipico_de,15,4.85,5.0
2026-10-05T22:30:49+00:00,soccer_portugal_primeira_liga,2444214363711d31867a9df8c712ec8d,2026-10-10T19:30:00Z,Académico de Viseu,Estoril,H,pinnacle,2.29,0.41589,2.3,unibet_se,15,2.08,2.25
2026-10-05T22:30:49+00:00,soccer_portugal_primeira_liga,2444214363711d31867a9df8c712ec8d,2026-10-10T19:30:00Z,Académico de Viseu,Estoril,A,pinnacle,3.15,0.30234,3.1,tipico_de,15,2.98,2.9
2026-10-05T22:30:49+00:00,soccer_portugal_primeira_liga,2444214363711d31867a9df8c712ec8d,2026-10-10T19:30:00Z,Académico de Viseu,Estoril,Draw,pinnacle,3.38,0.28177,3.43,gtbets,15,3.3,3.3
2026-10-05T22:30:49+00:00,soccer_portugal_primeira_liga,5ecd75456d38ef4c394e502ecdd8937c,2026-10-11T14:30:00Z,Rio Ave FC,Nacional,A,pinnacle,3.19,0.29897,3.22,gtbets,15,3.1,3.1
2026-10-05T22:30:49+00:00,soccer_portugal_primeira_liga,5ecd75456d38ef4c394e502ecdd8937c,2026-10-11T14:30:00Z,Rio Ave FC,Nacional,H,pinnacle,2.34,0.40757,2.3,betonlineag,15,2.08,2.25
2026-10-05T22:30:49+00:00,soccer_portugal_primeira_liga,5ecd75456d38ef4c394e502ecdd8937c,2026-10-11T14:30:00Z,Rio Ave FC,Nacional,Draw,pinnacle,3.25,0.29345,3.32,marathonbet,15,3.15,3.2
2026-10-05T22:30:49+00:00,soccer_portugal_primeira_liga,5696ee371ba00ede3dc8a64d24ce79f1,2026-10-11T17:00:00Z,Benfica,Vitória SC,H,betfair_ex_eu,1.24,0.76726,1.27,gtbets,14,1.2,1.22
2026-10-05T22:30:49+00:00,soccer_portugal_primeira_liga,5696ee371ba00ede3dc8a64d24ce79f1,2026-10-11T17:00:00Z,Benfica,Vitória SC,A,betfair_ex_eu,12.0,0.07928,12.5,nordicbet,14,9.25,10.0
2026-10-05T22:30:49+00:00,soccer_portugal_primeira_liga,5696ee371ba00ede3dc8a64d24ce79f1,2026-10-11T17:00:00Z,Benfica,Vitória SC,Draw,betfair_ex_eu,6.2,0.15345,6.7,tipico_de,14,5.5,5.75
2026-10-05T22:30:49+00:00,soccer_portugal_primeira_liga,2aa9808e7e84598f45ccf338a9b8912a,2026-10-11T19:30:00Z,Arouca,CF Estrela,H,pinnacle,2.18,0.4366,2.18,gtbets,15,2.0,2.15
2026-10-05T22:30:49+00:00,soccer_portugal_primeira_liga,2aa9808e7e84598f45ccf338a9b8912a,2026-10-11T19:30:00Z,Arouca,CF Estrela,A,pinnacle,3.24,0.29376,3.3,tipico_de,15,3.18,3.1
2026-10-05T22:30:49+00:00,soccer_portugal_primeira_liga,2aa9808e7e84598f45ccf338a9b8912a,2026-10-11T19:30:00Z,Arouca,CF Estrela,Draw,pinnacle,3.53,0.26963,3.44,marathonbet,15,3.28,3.3
2026-10-05T22:30:49+00:00,soccer_portugal_primeira_liga,789c3dd95a7fcef675ce5a40b07371a2,2026-10-12T19:15:00Z,Famalicão,Alverca,A,pinnacle,4.92,0.1929,4.7,tipico_de,10,4.35,4.0
2026-10-05T22:30:49+00:00,soccer_portugal_primeira_liga,789c3dd95a7fcef675ce5a40b07371a2,2026-10-12T19:15:00Z,Famalicão,Alverca,H,pinnacle,1.83,0.51862,1.85,williamhill,10,1.72,1.85
2026-10-05T22:30:49+00:00,soccer_portugal_primeira_liga,789c3dd95a7fcef675ce5a40b07371a2,2026-10-12T19:15:00Z,Famalicão,Alverca,Draw,pinnacle,3.29,0.28847,3.56,marathonbet,10,3.25,3.4
2026-10-05T22:30:49+00:00,soccer_epl,b870dcfba5e5920d3f1551a3aa1ea435,2026-10-10T11:30:00Z,Arsenal,Leeds United,H,pinnacle,1.38,0.69904,1.44,onexbet,21,1.34,1.4
2026-10-05T22:30:49+00:00,soccer_epl,b870dcfba5e5920d3f1551a3aa1ea435,2026-10-10T11:30:00Z,Arsenal,Leeds United,A,pinnacle,8.28,0.11651,9.2,matchbook,21,7.5,7.0
2026-10-05T22:30:49+00:00,soccer_epl,b870dcfba5e5920d3f1551a3aa1ea435,2026-10-10T11:30:00Z,Arsenal,Leeds United,Draw,pinnacle,5.23,0.18445,5.4,matchbook,21,4.8,4.6
2026-10-05T22:30:49+00:00,soccer_epl,02e6c0ccb11bb7ce78989ce49d67110b,2026-10-10T14:00:00Z,Aston Villa,Brentford,H,pinnacle,2.68,0.36111,2.8,matchbook,21,2.6,2.6
2026-10-05T22:30:49+00:00,soccer_epl,02e6c0ccb11bb7ce78989ce49d67110b,2026-10-10T14:00:00Z,Aston Villa,Brentford,A,pinnacle,2.61,0.3708,2.69,onexbet,21,2.4,2.5
2026-10-05T22:30:49+00:00,soccer_epl,02e6c0ccb11bb7ce78989ce49d67110b,2026-10-10T14:00:00Z,Aston Villa,Brentford,Draw,pinnacle,3.61,0.26809,3.65,winamax_de,21,3.47,3.4
2026-10-05T22:30:49+00:00,soccer_epl,45d4a466e32cd2b4ea535207923ceaf5,2026-10-10T14:00:00Z,Chelsea,Bournemouth,A,pinnacle,4.51,0.21385,4.8,matchbook,21,4.2,4.0
2026-10-05T22:30:49+00:00,soccer_epl,45d4a466e32cd2b4ea535207923ceaf5,2026-10-10T14:00:00Z,Chelsea,Bournemouth,H,pinnacle,1.74,0.5543,1.79,onexbet,21,1.64,1.73
2026-10-05T22:30:49+00:00,soccer_epl,45d4a466e32cd2b4ea535207923ceaf5,2026-10-10T14:00:00Z,Chelsea,Bournemouth,Draw,pinnacle,4.16,0.23185,4.4,matchbook,21,4.1,3.9
2026-10-05T22:30:49+00:00,soccer_epl,380b8f24ec5430fb545a7490c1017285,2026-10-10T14:00:00Z,Sunderland,Brighton and Hove Albion,A,pinnacle,2.37,0.40808,2.49,onexbet,21,2.25,2.38
2026-10-05T22:30:49+00:00,soccer_epl,380b8f24ec5430fb545a7490c1017285,2026-10-10T14:00:00Z,Sunderland,Brighton and Hove Albion,H,pinnacle,3.02,0.32025,3.1,tipico_de,21,2.83,2.8
2026-10-05T22:30:49+00:00,soccer_epl,380b8f24ec5430fb545a7490c1017285,2026-10-10T14:00:00Z,Sunderland,Brighton and Hove Albion,Draw,pinnacle,3.56,0.27167,3.7,unibet_se,21,3.4,3.3
2026-10-05T22:30:49+00:00,soccer_epl,288b4ff00c79daa712c911c564fe1be7,2026-10-10T14:00:00Z,Ipswich Town,Fulham,A,pinnacle,2.55,0.37921,2.64,matchbook,21,2.35,2.5
2026-10-05T22:30:49+00:00,soccer_epl,288b4ff00c79daa712c911c564fe1be7,2026-10-10T14:00:00Z,Ipswich Town,Fulham,H,pinnacle,2.74,0.35292,2.84,matchbook,21,2.68,2.62
2026-10-05T22:30:49+00:00,soccer_epl,288b4ff00c79daa712c911c564fe1be7,2026-10-10T14:00:00Z,Ipswich Town,Fulham,Draw,pinnacle,3.61,0.26787,3.65,unibet_se,21,3.43,3.3
2026-10-05T22:30:49+00:00,soccer_epl,22c9b2c43cbe1334381269550dab78e6,2026-10-10T16:30:00Z,Manchester United,Tottenham Hotspur,H,pinnacle,1.72,0.56119,1.76,onexbet,21,1.65,1.7
2026-10-05T22:30:49+00:00,soccer_epl,22c9b2c43cbe1334381269550dab78e6,2026-10-10T16:30:00Z,Manchester United,Tottenham Hotspur,A,pinnacle,4.45,0.21691,4.7,matchbook,21,4.25,4.33
2026-10-05T22:30:49+00:00,soccer_epl,22c9b2c43cbe1334381269550dab78e6,2026-10-10T16:30:00Z,Manchester United,Tottenham Hotspur,Draw,pinnacle,4.35,0.2219,4.5,matchbook,21,4.05,3.9
2026-10-05T22:30:49+00:00,soccer_epl,86effab5c6e7bfd58c8e88b1fb7c6ba9,2026-10-11T13:00:00Z,Crystal Palace,Nottingham Forest,H,pinnacle,2.67,0.36249,2.76,matchbook,21,2.5,2.62
2026-10-05T22:30:49+00:00,soccer_epl,86effab5c6e7bfd58c8e88b1fb7c6ba9,2026-10-11T13:00:00Z,Crystal Palace,Nottingham Forest,A,pinnacle,2.73,0.35452,2.86,matchbook,21,2.65,2.62
2026-10-05T22:30:49+00:00,soccer_epl,86effab5c6e7bfd58c8e88b1fb7c6ba9,2026-10-11T13:00:00Z,Crystal Palace,Nottingham Forest,Draw,pinnacle,3.42,0.28299,3.47,onexbet,21,3.2,3.1
2026-10-05T22:30:49+00:00,soccer_epl,0bdae4d304810578e47386606bff7106,2026-10-11T13:00:00Z,Hull City,Everton,A,pinnacle,2.1,0.46047,2.18,matchbook,21,2.03,2.05
2026-10-05T22:30:49+00:00,soccer_epl,0bdae4d304810578e47386606bff7106,2026-10-11T13:00:00Z,Hull City,Everton,H,pinnacle,3.73,0.25925,3.9,unibet_se,21,3.4,3.5
2026-10-05T22:30:49+00:00,soccer_epl,0bdae4d304810578e47386606bff7106,2026-10-11T13:00:00Z,Hull City,Everton,Draw,pinnacle,3.45,0.28029,3.54,onexbet,21,3.3,3.3
2026-10-05T22:30:49+00:00,soccer_epl,6dbab232dd8d2aed0cb1d6f7978fb7b1,2026-10-11T15:30:00Z,Liverpool,Manchester City,H,pinnacle,2.62,0.36894,2.68,matchbook,21,2.43,2.5
2026-10-05T22:30:49+00:00,soccer_epl,6dbab232dd8d2aed0cb1d6f7978fb7b1,2026-10-11T15:30:00Z,Liverpool,Manchester City,A,pinnacle,2.58,0.37466,2.68,matchbook,21,2.5,2.5
2026-10-05T22:30:49+00:00,soccer_epl,6dbab232dd8d2aed0cb1d6f7978fb7b1,2026-10-11T15:30:00Z,Liverpool,Manchester City,Draw,pinnacle,3.77,0.2564,3.9,unibet_se,21,3.58,3.5
2026-10-05T22:30:49+00:00,soccer_epl,acd5bd945dd953ad1e300df5bfe696f9,2026-10-12T19:00:00Z,Coventry City,Newcastle United,H,pinnacle,3.31,0.29094,3.45,onexbet,20,3.15,3.2
2026-10-05T22:30:49+00:00,soccer_epl,acd5bd945dd953ad1e300df5bfe696f9,2026-10-12T19:00:00Z,Coventry City,Newcastle United,A,pinnacle,2.17,0.44378,2.26,matchbook,20,2.05,2.1
2026-10-05T22:30:49+00:00,soccer_epl,acd5bd945dd953ad1e300df5bfe696f9,2026-10-12T19:00:00Z,Coventry City,Newcastle United,Draw,pinnacle,3.63,0.26529,3.85,unibet_se,20,3.53,3.4
2026-10-05T22:30:49+00:00,soccer_epl,764e6513cb3f348881503df70ccb90e0,2026-10-17T11:30:00Z,Everton,Chelsea,A,pinnacle,2.38,0.40004,2.45,onexbet,15,2.18,2.3
2026-10-05T22:30:49+00:00,soccer_epl,764e6513cb3f348881503df70ccb90e0,2026-10-17T11:30:00Z,Everton,Chelsea,H,pinnacle,2.73,0.34875,2.95,unibet_se,15,2.8,2.7
2026-10-05T22:30:49+00:00,soccer_epl,764e6513cb3f348881503df70ccb90e0,2026-10-17T11:30:00Z,Everton,Chelsea,Draw,pinnacle,3.79,0.25121,3.86,onexbet,15,3.53,3.5
2026-10-05T22:30:49+00:00,soccer_epl,8f1945e7272bc7e89016439f5ab321c7,2026-10-17T14:00:00Z,Brentford,Liverpool,H,pinnacle,2.77,0.34346,2.88,onexbet,15,2.7,2.75
2026-10-05T22:30:49+00:00,soccer_epl,8f1945e7272bc7e89016439f5ab321c7,2026-10-17T14:00:00Z,Brentford,Liverpool,A,pinnacle,2.43,0.39152,2.5,onexbet,15,2.23,2.3
2026-10-05T22:30:49+00:00,soccer_epl,8f1945e7272bc7e89016439f5ab321c7,2026-10-17T14:00:00Z,Brentford,Liverpool,Draw,pinnacle,3.59,0.26501,3.8,unibet_se,15,3.58,3.5
2026-10-05T22:30:49+00:00,soccer_epl,7895f97f2f9577f3b13287a3d086859d,2026-10-17T14:00:00Z,Fulham,Hull City,H,pinnacle,1.67,0.56759,1.73,unibet_se,15,1.62,1.65
2026-10-05T22:30:49+00:00,soccer_epl,7895f97f2f9577f3b13287a3d086859d,2026-10-17T14:00:00Z,Fulham,Hull City,A,pinnacle,4.85,0.19544,5.18,onexbet,15,4.5,4.8
2026-10-05T22:30:49+00:00,soccer_epl,7895f97f2f9577f3b13287a3d086859d,2026-10-17T14:00:00Z,Fulham,Hull City,Draw,pinnacle,4.0,0.23697,4.11,onexbet,15,3.83,3.9
2026-10-05T22:30:49+00:00,soccer_epl,bf2142d1ca76ba2fc9e61afce80f86c0,2026-10-17T14:00:00Z,Manchester City,Ipswich Town,A,pinnacle,10.39,0.09036,12.51,betsson,15,10.25,10.0
2026-10-05T22:30:49+00:00,soccer_epl,bf2142d1ca76ba2fc9e61afce80f86c0,2026-10-17T14:00:00Z,Manchester City,Ipswich Town,H,pinnacle,1.21,0.7759,1.26,onexbet,15,1.17,1.22
2026-10-05T22:30:49+00:00,soccer_epl,bf2142d1ca76ba2fc9e61afce80f86c0,2026-10-17T14:00:00Z,Manchester City,Ipswich Town,Draw,pinnacle,7.02,0.13374,7.5,tipico_de,15,6.75,6.0
2026-10-05T22:30:49+00:00,soccer_epl,d1bbbdcd3d430e70091b518369b559cf,2026-10-17T16:30:00Z,Newcastle United,Aston Villa,A,pinnacle,3.22,0.29535,3.35,onexbet,15,3.17,3.1
2026-10-05T22:30:49+00:00,soccer_epl,d1bbbdcd3d430e70091b518369b559cf,2026-10-17T16:30:00Z,Newcastle United,Aston Villa,H,pinnacle,2.09,0.45504,2.17,onexbet,15,1.98,2.05
2026-10-05T22:30:49+00:00,soccer_epl,d1bbbdcd3d430e70091b518369b559cf,2026-10-17T16:30:00Z,Newcastle United,Aston Villa,Draw,pinnacle,3.81,0.24961,3.95,unibet_se,15,3.58,3.6
2026-10-05T22:30:49+00:00,soccer_epl,dfd5d6648be46426e418801584d46a68,2026-10-18T13:00:00Z,Bournemouth,Sunderland,H,pinnacle,2.01,0.47345,2.04,onexbet,15,1.94,1.95
2026-10-05T22:30:49+00:00,soccer_epl,dfd5d6648be46426e418801584d46a68,2026-10-18T13:00:00Z,Bournemouth,Sunderland,A,pinnacle,3.65,0.26072,3.85,onexbet,15,3.42,3.6
2026-10-05T22:30:49+00:00,soccer_epl,dfd5d6648be46426e418801584d46a68,2026-10-18T13:00:00Z,Bournemouth,Sunderland,Draw,pinnacle,3.58,0.26582,3.75,onexbet,15,3.43,3.4
2026-10-05T22:30:49+00:00,soccer_epl,9fc08b390a49c4434f7cf631a0bb88fb,2026-10-18T13:00:00Z,Brighton and Hove Albion,Crystal Palace,H,pinnacle,1.63,0.58094,1.67,onexbet,15,1.58,1.61
2026-10-05T22:30:49+00:00,soccer_epl,9fc08b390a49c4434f7cf631a0bb88fb,2026-10-18T13:00:00Z,Brighton and Hove Albion,Crystal Palace,A,pinnacle,4.75,0.19935,5.5,unibet_se,15,4.55,4.75
2026-10-05T22:30:49+00:00,soccer_epl,9fc08b390a49c4434f7cf631a0bb88fb,2026-10-18T13:00:00Z,Brighton and Hove Albion,Crystal Palace,Draw,pinnacle,4.31,0.21971,4.45,onexbet,15,4.05,4.0
2026-10-05T22:30:49+00:00,soccer_epl,676b3b0b609e9cf565da450786618d26,2026-10-18T13:00:00Z,Leeds United,Manchester United,H,pinnacle,2.83,0.33657,2.95,unibet_se,15,2.77,2.75
2026-10-05T22:30:49+00:00,soccer_epl,676b3b0b609e9cf565da450786618d26,2026-10-18T13:00:00Z,Leeds United,Manchester United,A,pinnacle,2.35,0.40531,2.44,onexbet,15,2.2,2.38
2026-10-05T22:30:49+00:00,soccer_epl,676b3b0b609e9cf565da450786618d26,2026-10-18T13:00:00Z,Leeds United,Manchester United,Draw,pinnacle,3.69,0.25812,3.77,onexbet,15,3.5,3.4
2026-10-05T22:30:49+00:00,soccer_epl,f696a248965373d9071dc0662e5c58a8,2026-10-18T15:30:00Z,Nottingham Forest,Arsenal,A,pinnacle,1.61,0.58865,1.66,onexbet,15,1.55,1.61
2026-10-05T22:30:49+00:00,soccer_epl,f696a248965373d9071dc0662e5c58a8,2026-10-18T15:30:00Z,Nottingham Forest,Arsenal,H,pinnacle,6.0,0.15795,6.11,onexbet,15,5.25,5.5
2026-10-05T22:30:49+00:00,soccer_epl,f696a248965373d9071dc0662e5c58a8,2026-10-18T15:30:00Z,Nottingham Forest,Arsenal,Draw,pinnacle,3.74,0.2534,4.1,unibet_se,15,3.8,3.7
2026-10-05T22:30:49+00:00,soccer_epl,9baaf4e48b041cfef04e70e42532502e,2026-10-19T19:00:00Z,Tottenham Hotspur,Coventry City,A,pinnacle,5.82,0.16297,6.47,onexbet,15,5.6,5.75
2026-10-05T22:30:49+00:00,soccer_epl,9baaf4e48b041cfef04e70e42532502e,2026-10-19T19:00:00Z,Tottenham Hotspur,Coventry City,H,pinnacle,1.51,0.62812,1.54,onexbet,15,1.43,1.5
2026-10-05T22:30:49+00:00,soccer_epl,9baaf4e48b041cfef04e70e42532502e,2026-10-19T19:00:00Z,Tottenham Hotspur,Coventry City,Draw,pinnacle,4.54,0.20891,4.8,tipico_de,15,4.45,4.2
2026-10-05T22:30:49+00:00,soccer_spain_la_liga,4e4c6763037ffc0e1dfe92ed16287b6d,2026-10-09T19:00:00Z,Málaga,Espanyol,A,pinnacle,2.75,0.35192,2.83,onexbet,18,2.55,
2026-10-05T22:30:49+00:00,soccer_spain_la_liga,4e4c6763037ffc0e1dfe92ed16287b6d,2026-10-09T19:00:00Z,Málaga,Espanyol,H,pinnacle,2.8,0.34564,2.88,matchbook,18,2.63,
2026-10-05T22:30:49+00:00,soccer_spain_la_liga,4e4c6763037ffc0e1dfe92ed16287b6d,2026-10-09T19:00:00Z,Málaga,Espanyol,Draw,pinnacle,3.2,0.30244,3.37,onexbet,18,2.98,
2026-10-05T22:30:49+00:00,soccer_spain_la_liga,349c47668fdd909039a9408c14cad8bc,2026-10-10T12:00:00Z,Rayo Vallecano,Athletic Bilbao,A,pinnacle,2.42,0.39999,2.44,matchbook,18,2.28,
2026-10-05T22:30:49+00:00,soccer_spain_la_liga,349c47668fdd909039a9408c14cad8bc,2026-10-10T12:00:00Z,Rayo Vallecano,Athletic Bilbao,H,pinnacle,3.07,0.3153,3.15,matchbook,18,2.87,
2026-10-05T22:30:49+00:00,soccer_spain_la_liga,349c47668fdd909039a9408c14cad8bc,2026-10-10T12:00:00Z,Rayo Vallecano,Athletic Bilbao,Draw,pinnacle,3.4,0.2847,3.54,onexbet,18,3.3,
2026-10-05T22:30:49+00:00,soccer_spain_la_liga,3869391e3dbdcaa74153b11df56a3fe5,2026-10-10T14:15:00Z,Alavés,Atlético Madrid,H,pinnacle,4.32,0.22308,4.6,matchbook,17,4.05,
2026-10-05T22:30:49+00:00,soccer_spain_la_liga,3869391e3dbdcaa74153b11df56a3fe5,2026-10-10T14:15:00Z,Alavés,Atlético Madrid,A,pinnacle,1.83,0.52661,1.91,onexbet,17,1.77,
2026-10-05T22:30:49+00:00,soccer_spain_la_liga,3869391e3dbdcaa74153b11df56a3fe5,2026-10-10T14:15:00Z,Alavés,Atlético Madrid,Draw,pinnacle,3.85,0.25031,3.85,matchbook,17,3.6,
2026-10-05T22:30:49+00:00,soccer_spain_la_liga,edb80d633a1906e5865ab70cc9b540ea,2026-10-10T16:30:00Z,Barcelona,Getafe,H,pinnacle,1.06,0.90757,1.08,matchbook,18,1.05,
2026-10-05T22:30:49+00:00,soccer_spain_la_liga,edb80d633a1906e5865ab70cc9b540ea,2026-10-10T16:30:00Z,Barcelona,Getafe,A,pinnacle,23.81,0.0404,45.0,onexbet,18,24.0,
2026-10-05T22:30:49+00:00,soccer_spain_la_liga,edb80d633a1906e5865ab70cc9b540ea,2026-10-10T16:30:00Z,Barcelona,Getafe,Draw,pinnacle,18.49,0.05203,22.0,matchbook,18,11.0,
2026-10-05T22:30:49+00:00,soccer_spain_la_liga,551f242223b1625f458d1a2ea212a0c3,2026-10-10T19:00:00Z,Real Madrid,Villarreal,H,pinnacle,1.36,0.70987,1.37,onexbet,18,1.31,
2026-10-05T22:30:49+00:00,soccer_spain_la_liga,551f242223b1625f458d1a2ea212a0c3,2026-10-10T19:00:00Z,Real Madrid,Villarreal,A,pinnacle,7.44,0.12976,9.0,unibet_se,18,6.6,
2026-10-05T22:30:49+00:00,soccer_spain_la_liga,551f242223b1625f458d1a2ea212a0c3,2026-10-10T19:00:00Z,Real Madrid,Villarreal,Draw,pinnacle,6.02,0.16037,6.4,matchbook,18,5.6,
2026-10-05T22:30:49+00:00,soccer_spain_la_liga,7daf7edaf572eba3ac86196c663d67d3,2026-10-11T12:00:00Z,Elche CF,Celta Vigo,A,pinnacle,2.7,0.35837,2.72,matchbook,18,2.45,
2026-10-05T22:30:49+00:00,soccer_spain_la_liga,7daf7edaf572eba3ac86196c663d67d3,2026-10-11T12:00:00Z,Elche CF,Celta Vigo,H,pinnacle,2.77,0.34931,2.93,onexbet,18,2.72,
2026-10-05T22:30:49+00:00,soccer_spain_la_liga,7daf7edaf572eba3ac86196c663d67d3,2026-10-11T12:00:00Z,Elche CF,Celta Vigo,Draw,pinnacle,3.31,0.29232,3.33,onexbet,18,3.18,
2026-10-05T22:30:49+00:00,soccer_spain_la_liga,2997b68cc93f62d8a1dee9f06bedbefd,2026-10-11T14:15:00Z,Real Sociedad,Deportivo La Coruña,A,pinnacle,5.11,0.18875,5.23,onexbet,17,,
2026-10-05T22:30:49+00:00,soccer_spain_la_liga,2997b68cc93f62d8a1dee9f06bedbefd,2026-10-11T14:15:00Z,Real Sociedad,Deportivo La Coruña,H,pinnacle,1.69,0.57072,1.75,onexbet,17,,
2026-10-05T22:30:49+00:00,soccer_spain_la_liga,2997b68cc93f62d8a1dee9f06bedbefd,2026-10-11T14:15:00Z,Real Sociedad,Deportivo La Coruña,Draw,pinnacle,4.01,0.24053,4.2,matchbook,17,,
2026-10-05T22:30:49+00:00,soccer_spain_la_liga,984691837d31fd0c59c088f377f55f75,2026-10-11T16:30:00Z,Real Betis,CA Osasuna,A,pinnacle,5.45,0.17715,6.0,matchbook,18,5.0,
2026-10-05T22:30:49+00:00,soccer_spain_la_liga,984691837d31fd0c59c088f377f55f75,2026-10-11T16:30:00Z,Real Betis,CA Osasuna,H,pinnacle,1.6,0.60342,1.64,onexbet,18,1.56,
2026-10-05T22:30:49+00:00,soccer_spain_la_liga,984691837d31fd0c59c088f377f55f75,2026-10-11T16:30:00Z,Real Betis,CA Osasuna,Draw,pinnacle,4.4,0.21943,4.43,betonlineag,18,4.0,
2026-10-05T22:30:49+00:00,soccer_spain_la_liga,66a4f4201806b928c9007116727fdd61,2026-10-11T19:00:00Z,Real Racing Club de Santander,Valencia,H,pinnacle,2.21,0.43802,2.3,onexbet,18,2.13,
2026-10-05T22:30:49+00:00,soccer_spain_la_liga,66a4f4201806b928c9007116727fdd61,2026-10-11T19:00:00Z,Real Racing Club de Santander,Valencia,A,pinnacle,3.27,0.29603,3.35,betonlineag,18,3.03,
2026-10-05T22:30:49+00:00,soccer_spain_la_liga,66a4f4201806b928c9007116727fdd61,2026-10-11T19:00:00Z,Real Racing Club de Santander,Valencia,Draw,pinnacle,3.64,0.26594,3.75,matchbook,18,3.45,
2026-10-05T22:30:49+00:00,soccer_spain_la_liga,529fc26c7774d5b469932e275c668921,2026-10-12T19:00:00Z,Levante,Sevilla,H,pinnacle,2.71,0.35539,2.74,onexbet,17,2.52,
2026-10-05T22:30:49+00:00,soccer_spain_la_liga,529fc26c7774d5b469932e275c668921,2026-10-12T19:00:00Z,Levante,Sevilla,A,pinnacle,2.71,0.35539,2.79,onexbet,17,2.62,
2026-10-05T22:30:49+00:00,soccer_spain_la_liga,529fc26c7774d5b469932e275c668921,2026-10-12T19:00:00Z,Levante,Sevilla,Draw,pinnacle,3.33,0.28922,3.41,onexbet,17,3.2,
2026-10-05T22:30:49+00:00,soccer_spain_la_liga,19ee731602634e5c9e3106630e087464,2026-10-16T19:00:00Z,Deportivo La Coruña,Levante,H,pinnacle,2.08,0.45761,2.17,onexbet,12,,
2026-10-05T22:30:49+00:00,soccer_spain_la_liga,19ee731602634e5c9e3106630e087464,2026-10-16T19:00:00Z,Deportivo La Coruña,Levante,A,pinnacle,3.54,0.26888,3.6,unibet_se,12,,
2026-10-05T22:30:49+00:00,soccer_spain_la_liga,19ee731602634e5c9e3106630e087464,2026-10-16T19:00:00Z,Deportivo La Coruña,Levante,Draw,pinnacle,3.48,0.27351,3.62,onexbet,12,,
2026-10-05T22:30:49+00:00,soccer_spain_la_liga,6436925dd15916d7041ba32b60000d48,2026-10-17T12:00:00Z,Espanyol,Atlético Madrid,A,pinnacle,1.85,0.51365,1.91,onexbet,12,1.76,
2026-10-05T22:30:49+00:00,soccer_spain_la_liga,6436925dd15916d7041ba32b60000d48,2026-10-17T12:00:00Z,Espanyol,Atlético Madrid,H,pinnacle,4.14,0.22953,4.32,onexbet,12,3.93,
2026-10-05T22:30:49+00:00,soccer_spain_la_liga,6436925dd15916d7041ba32b60000d48,2026-10-17T12:00:00Z,Espanyol,Atlético Madrid,Draw,pinnacle,3.7,0.25682,3.84,onexbet,12,3.6,
2026-10-05T22:30:49+00:00,soccer_spain_la_liga,aef660734585649651415961a9d177c6,2026-10-17T14:15:00Z,Villarreal,Elche CF,A,pinnacle,6.04,0.15656,6.73,onexbet,13,5.5,
2026-10-05T22:30:49+00:00,soccer_spain_la_liga,aef660734585649651415961a9d177c6,2026-10-17T14:15:00Z,Villarreal,Elche CF,H,pinnacle,1.46,0.64767,1.51,onexbet,13,1.43,
2026-10-05T22:30:49+00:00,soccer_spain_la_liga,aef660734585649651415961a9d177c6,2026-10-17T14:15:00Z,Villarreal,Elche CF,Draw,pinnacle,4.83,0.19578,5.0,unibet_se,13,4.6,
2026-10-05T22:30:49+00:00,soccer_spain_la_liga,846e496fc232b2fc20214754836727d0,2026-10-17T16:30:00Z,Real Betis,Barcelona,A,betfair_ex_eu,1.45,0.68109,1.49,onexbet,13,1.38,
2026-10-05T22:30:49+00:00,soccer_spain_la_liga,846e496fc232b2fc20214754836727d0,2026-10-17T16:30:00Z,Real Betis,Barcelona,H,betfair_ex_eu,6.4,0.15431,6.8,nordicbet,13,5.5,
2026-10-05T22:30:49+00:00,soccer_spain_la_liga,846e496fc232b2fc20214754836727d0,2026-10-17T16:30:00Z,Real Betis,Barcelona,Draw,betfair_ex_eu,6.0,0.1646,5.8,winamax_de,13,5.25,
2026-10-05T22:30:49+00:00,soccer_spain_la_liga,f00cd1ea41fa39149729d14ebc07aa6c,2026-10-17T19:00:00Z,Valencia,Athletic Bilbao,A,pinnacle,2.08,0.45746,2.18,onexbet,13,2.02,
2026-10-05T22:30:49+00:00,soccer_spain_la_liga,f00cd1ea41fa39149729d14ebc07aa6c,2026-10-17T19:00:00Z,Valencia,Athletic Bilbao,H,pinnacle,3.6,0.26431,3.62,onexbet,13,3.3,
2026-10-05T22:30:49+00:00,soccer_spain_la_liga,f00cd1ea41fa39149729d14ebc07aa6c,2026-10-17T19:00:00Z,Valencia,Athletic Bilbao,Draw,pinnacle,3.42,0.27822,3.58,onexbet,13,3.3,
2026-10-05T22:30:49+00:00,soccer_spain_la_liga,1f566f17c50fe5162724ec2863d2207b,2026-10-18T12:00:00Z,CA Osasuna,Real Racing Club de Santander,H,pinnacle,1.91,0.49748,1.95,onexbet,10,1.82,
2026-10-05T22:30:49+00:00,soccer_spain_la_liga,1f566f17c50fe5162724ec2863d2207b,2026-10-18T12:00:00Z,CA Osasuna,Real Racing Club de Santander,A,pinnacle,4.26,0.22305,4.32,onexbet,10,3.78,
2026-10-05T22:30:49+00:00,soccer_spain_la_liga,1f566f17c50fe5162724ec2863d2207b,2026-10-18T12:00:00Z,CA Osasuna,Real Racing Club de Santander,Draw,pinnacle,3.4,0.27947,3.68,onexbet,10,3.53,
2026-10-05T22:30:49+00:00,soccer_spain_la_liga,aabe899ecc4c19a1fafe5440151b62e4,2026-10-18T14:15:00Z,Celta Vigo,Alavés,A,pinnacle,3.87,0.24551,3.95,unibet_se,13,3.63,
2026-10-05T22:30:49+00:00,soccer_spain_la_liga,aabe899ecc4c19a1fafe5440151b62e4,2026-10-18T14:15:00Z,Celta Vigo,Alavés,H,pinnacle,2.0,0.47505,2.08,onexbet,13,1.94,
2026-10-05T22:30:49+00:00,soccer_spain_la_liga,aabe899ecc4c19a1fafe5440151b62e4,2026-10-18T14:15:00Z,Celta Vigo,Alavés,Draw,pinnacle,3.4,0.27944,3.58,onexbet,13,3.23,
2026-10-05T22:30:49+00:00,soccer_spain_la_liga,1051298b4aca6f07113309bff598a5c1,2026-10-18T16:30:00Z,Málaga,Real Sociedad,H,pinnacle,3.23,0.29467,3.3,unibet_se,13,3.0,
2026-10-05T22:30:49+00:00,soccer_spain_la_liga,1051298b4aca6f07113309bff598a5c1,2026-10-18T16:30:00Z,Málaga,Real Sociedad,A,pinnacle,2.2,0.43262,2.29,onexbet,13,2.12,
2026-10-05T22:30:49+00:00,soccer_spain_la_liga,1051298b4aca6f07113309bff598a5c1,2026-10-18T16:30:00Z,Málaga,Real Sociedad,Draw,pinnacle,3.49,0.27271,3.63,onexbet,13,3.38,
2026-10-05T22:30:49+00:00,soccer_spain_la_liga,eccd63bf768e2f2a358b871d3f33a63d,2026-10-18T19:00:00Z,Real Madrid,Sevilla,H,betfair_ex_eu,1.26,0.77847,1.3,onexbet,13,1.22,
2026-10-05T22:30:49+00:00,soccer_spain_la_liga,eccd63bf768e2f2a358b871d3f33a63d,2026-10-18T19:00:00Z,Real Madrid,Sevilla,A,betfair_ex_eu,11.5,0.08529,12.5,nordicbet,13,9.0,
2026-10-05T22:30:49+00:00,soccer_spain_la_liga,eccd63bf768e2f2a358b871d3f33a63d,2026-10-18T19:00:00Z,Real Madrid,Sevilla,Draw,betfair_ex_eu,7.2,0.13623,7.2,tipico_de,13,6.0,
2026-10-05T22:30:49+00:00,soccer_spain_la_liga,4a88bc4de574d43ef34677fd8d78722f,2026-10-19T19:00:00Z,Getafe,Rayo Vallecano,H,pinnacle,2.71,0.33503,2.86,onexbet,13,2.73,
2026-10-05T22:30:49+00:00,soccer_spain_la_liga,4a88bc4de574d43ef34677fd8d78722f,2026-10-19T19:00:00Z,Getafe,Rayo Vallecano,A,pinnacle,2.44,0.3721,2.82,onexbet,13,2.5,
2026-10-05T22:30:49+00:00,soccer_spain_la_liga,4a88bc4de574d43ef34677fd8d78722f,2026-10-19T19:00:00Z,Getafe,Rayo Vallecano,Draw,pinnacle,3.1,0.29288,3.21,onexbet,13,2.98,
2026-10-05T22:30:49+00:00,soccer_italy_serie_a,2f8e871a0f7f66ae22938028645e1066,2026-10-10T13:00:00Z,Genoa,Fiorentina,A,pinnacle,2.35,0.41176,2.4,unibet_se,20,2.22,2.25
2026-10-05T22:30:49+00:00,soccer_italy_serie_a,2f8e871a0f7f66ae22938028645e1066,2026-10-10T13:00:00Z,Genoa,Fiorentina,H,pinnacle,3.31,0.29233,3.4,matchbook,20,3.02,3.0
2026-10-05T22:30:49+00:00,soccer_italy_serie_a,2f8e871a0f7f66ae22938028645e1066,2026-10-10T13:00:00Z,Genoa,Fiorentina,Draw,pinnacle,3.27,0.29591,3.5,unibet_se,20,3.23,3.2
2026-10-05T22:30:49+00:00,soccer_italy_serie_a,1a01b0611dacd334e1558a5097e05023,2026-10-10T16:00:00Z,Inter Milan,Parma,H,pinnacle,1.15,0.83486,1.16,onexbet,20,1.12,1.14
2026-10-05T22:30:49+00:00,soccer_italy_serie_a,1a01b0611dacd334e1558a5097e05023,2026-10-10T16:00:00Z,Inter Milan,Parma,A,pinnacle,15.68,0.06123,21.0,unibet_se,20,14.5,15.0
2026-10-05T22:30:49+00:00,soccer_italy_serie_a,1a01b0611dacd334e1558a5097e05023,2026-10-10T16:00:00Z,Inter Milan,Parma,Draw,pinnacle,9.24,0.10391,9.85,onexbet,20,7.75,8.0
2026-10-05T22:30:49+00:00,soccer_italy_serie_a,40c1bd70fee927f9bfa8901edab02b48,2026-10-10T18:45:00Z,Napoli,Frosinone,A,pinnacle,6.52,0.14744,7.5,unibet_se,20,6.1,6.0
2026-10-05T22:30:49+00:00,soccer_italy_serie_a,40c1bd70fee927f9bfa8901edab02b48,2026-10-10T18:45:00Z,Napoli,Frosinone,H,pinnacle,1.45,0.66296,1.49,onexbet,20,1.39,1.44
2026-10-05T22:30:49+00:00,soccer_italy_serie_a,40c1bd70fee927f9bfa8901edab02b48,2026-10-10T18:45:00Z,Napoli,Frosinone,Draw,pinnacle,5.07,0.1896,5.2,winamax_de,20,4.85,4.5
2026-10-05T22:30:49+00:00,soccer_italy_serie_a,2547c0dbddd26d23fa532228e36348cb,2026-10-11T10:30:00Z,Como,AS Roma,A,pinnacle,2.69,0.35968,2.76,matchbook,20,2.57,2.5
2026-10-05T22:30:49+00:00,soccer_italy_serie_a,2547c0dbddd26d23fa532228e36348cb,2026-10-11T10:30:00Z,Como,AS Roma,H,pinnacle,2.62,0.36929,2.69,onexbet,20,2.4,2.5
2026-10-05T22:30:49+00:00,soccer_italy_serie_a,2547c0dbddd26d23fa532228e36348cb,2026-10-11T10:30:00Z,Como,AS Roma,Draw,pinnacle,3.57,0.27102,3.71,onexbet,20,3.5,3.4
2026-10-05T22:30:49+00:00,soccer_italy_serie_a,946716d7e5e52822f08be8cb95193d9d,2026-10-11T13:00:00Z,Lecce,Bologna,A,pinnacle,1.97,0.49064,2.0,unibet_se,20,1.87,1.85
2026-10-05T22:30:49+00:00,soccer_italy_serie_a,946716d7e5e52822f08be8cb95193d9d,2026-10-11T13:00:00Z,Lecce,Bologna,H,pinnacle,4.56,0.21196,4.6,matchbook,20,3.95,4.0
2026-10-05T22:30:49+00:00,soccer_italy_serie_a,946716d7e5e52822f08be8cb95193d9d,2026-10-11T13:00:00Z,Lecce,Bologna,Draw,pinnacle,3.25,0.2974,3.5,unibet_se,20,3.28,3.2
2026-10-05T22:30:49+00:00,soccer_italy_serie_a,c0f72699f32ec193b64fd54092fe268d,2026-10-11T13:00:00Z,Lazio,Monza,H,pinnacle,1.6,0.60359,1.63,onexbet,20,1.52,1.53
2026-10-05T22:30:49+00:00,soccer_italy_serie_a,c0f72699f32ec193b64fd54092fe268d,2026-10-11T13:00:00Z,Lazio,Monza,A,pinnacle,5.92,0.16313,6.4,matchbook,20,5.6,5.5
2026-10-05T22:30:49+00:00,soccer_italy_serie_a,c0f72699f32ec193b64fd54092fe268d,2026-10-11T13:00:00Z,Lazio,Monza,Draw,pinnacle,4.14,0.23327,4.29,betonlineag,20,3.93,3.8
2026-10-05T22:30:49+00:00,soccer_italy_serie_a,1cf64166dda1e0da8b325161deb39662,2026-10-11T16:00:00Z,Sassuolo,AC Milan,A,pinnacle,1.79,0.53903,1.87,onexbet,20,1.74,1.8
2026-10-05T22:30:49+00:00,soccer_italy_serie_a,1cf64166dda1e0da8b325161deb39662,2026-10-11T16:00:00Z,Sassuolo,AC Milan,H,pinnacle,4.44,0.21731,4.5,tipico_de,20,4.1,4.0
2026-10-05T22:30:49+00:00,soccer_italy_serie_a,1cf64166dda1e0da8b325161deb39662,2026-10-11T16:00:00Z,Sassuolo,AC Milan,Draw,pinnacle,3.96,0.24365,3.95,matchbook,20,3.68,3.6
2026-10-05T22:30:49+00:00,soccer_italy_serie_a,407f7d03157d1dfad384876e6a6bc910,2026-10-11T18:45:00Z,Cagliari,Juventus,H,pinnacle,6.34,0.15193,7.0,matchbook,20,5.9,6.0
2026-10-05T22:30:49+00:00,soccer_italy_serie_a,407f7d03157d1dfad384876e6a6bc910,2026-10-11T18:45:00Z,Cagliari,Juventus,A,pinnacle,1.58,0.60964,1.62,onexbet,20,1.51,1.53
2026-10-05T22:30:49+00:00,soccer_italy_serie_a,407f7d03157d1dfad384876e6a6bc910,2026-10-11T18:45:00Z,Cagliari,Juventus,Draw,pinnacle,4.04,0.23843,4.1,matchbook,20,3.88,3.8
2026-10-05T22:30:49+00:00,soccer_italy_serie_a,0f2e7ff90b994f31d5cd48a9680943e1,2026-10-12T16:30:00Z,Atalanta BC,Venezia,H,pinnacle,1.57,0.61005,1.67,unibet_se,18,1.52,1.53
2026-10-05T22:30:49+00:00,soccer_italy_serie_a,0f2e7ff90b994f31d5cd48a9680943e1,2026-10-12T16:30:00Z,Atalanta BC,Venezia,A,pinnacle,6.06,0.15805,5.95,coolbet,18,5.25,5.0
2026-10-05T22:30:49+00:00,soccer_italy_serie_a,0f2e7ff90b994f31d5cd48a9680943e1,2026-10-12T16:30:00Z,Atalanta BC,Venezia,Draw,pinnacle,4.13,0.23191,4.4,tipico_de,18,4.2,4.2
2026-10-05T22:30:49+00:00,soccer_italy_serie_a,f4a28510bb0c835280a2aca709c19d50,2026-10-12T18:45:00Z,Torino,Udinese,H,pinnacle,2.4,0.40102,2.42,onexbet,18,2.27,2.3
2026-10-05T22:30:49+00:00,soccer_italy_serie_a,f4a28510bb0c835280a2aca709c19d50,2026-10-12T18:45:00Z,Torino,Udinese,A,pinnacle,3.15,0.30554,3.2,tipico_de,18,2.97,2.9
2026-10-05T22:30:49+00:00,soccer_italy_serie_a,f4a28510bb0c835280a2aca709c19d50,2026-10-12T18:45:00Z,Torino,Udinese,Draw,pinnacle,3.28,0.29343,3.46,onexbet,18,3.2,3.2
2026-10-05T22:30:49+00:00,soccer_italy_serie_a,7d3160040958fe21778fd5ee485666c3,2026-10-16T18:45:00Z,Frosinone,Sassuolo,H,pinnacle,2.42,0.3937,2.53,onexbet,14,2.3,2.4
2026-10-05T22:30:49+00:00,soccer_italy_serie_a,7d3160040958fe21778fd5ee485666c3,2026-10-16T18:45:00Z,Frosinone,Sassuolo,A,pinnacle,2.9,0.32853,2.96,onexbet,14,2.67,2.75
2026-10-05T22:30:49+00:00,soccer_italy_serie_a,7d3160040958fe21778fd5ee485666c3,2026-10-16T18:45:00Z,Frosinone,Sassuolo,Draw,pinnacle,3.43,0.27777,3.6,unibet_se,14,3.45,3.3
2026-10-05T22:30:49+00:00,soccer_italy_serie_a,907639dade64cca45d1ab639195d201e,2026-10-17T13:00:00Z,Venezia,Napoli,A,pinnacle,1.7,0.55695,1.79,unibet_se,14,1.65,1.7
2026-10-05T22:30:49+00:00,soccer_italy_serie_a,907639dade64cca45d1ab639195d201e,2026-10-17T13:00:00Z,Venezia,Napoli,H,pinnacle,4.44,0.21325,4.74,onexbet,14,4.35,4.33
2026-10-05T22:30:49+00:00,soccer_italy_serie_a,907639dade64cca45d1ab639195d201e,2026-10-17T13:00:00Z,Venezia,Napoli,Draw,pinnacle,4.12,0.22981,4.22,onexbet,14,3.8,3.8
2026-10-05T22:30:49+00:00,soccer_italy_serie_a,bfefc309177723410230fee52f650315,2026-10-17T16:00:00Z,Bologna,Inter Milan,H,pinnacle,5.45,0.17367,5.55,onexbet,14,4.8,4.8
2026-10-05T22:30:49+00:00,soccer_italy_serie_a,bfefc309177723410230fee52f650315,2026-10-17T16:00:00Z,Bologna,Inter Milan,A,pinnacle,1.62,0.58426,1.69,onexbet,14,1.57,1.65
2026-10-05T22:30:49+00:00,soccer_italy_serie_a,bfefc309177723410230fee52f650315,2026-10-17T16:00:00Z,Bologna,Inter Milan,Draw,pinnacle,3.91,0.24207,4.12,onexbet,14,3.9,3.75
2026-10-05T22:30:49+00:00,soccer_italy_serie_a,18d478f469da3bcc654dd4555b85c7e3,2026-10-17T18:45:00Z,AS Roma,Genoa,H,pinnacle,1.3,0.72672,1.33,betsson,14,1.25,1.29
2026-10-05T22:30:49+00:00,soccer_italy_serie_a,18d478f469da3bcc654dd4555b85c7e3,2026-10-17T18:45:00Z,AS Roma,Genoa,A,pinnacle,9.06,0.10428,11.2,onexbet,14,8.75,9.5
2026-10-05T22:30:49+00:00,soccer_italy_serie_a,18d478f469da3bcc654dd4555b85c7e3,2026-10-17T18:45:00Z,AS Roma,Genoa,Draw,pinnacle,5.59,0.169,6.0,tipico_de,14,5.25,5.0
2026-10-05T22:30:49+00:00,soccer_italy_serie_a,367da93aa21a1e13eeafb94fd2263c75,2026-10-18T10:30:00Z,Udinese,Lecce,A,pinnacle,4.2,0.22603,4.35,unibet_se,14,4.05,3.9
2026-10-05T22:30:49+00:00,soccer_italy_serie_a,367da93aa21a1e13eeafb94fd2263c75,2026-10-18T10:30:00Z,Udinese,Lecce,H,pinnacle,1.85,0.51316,1.95,onexbet,14,1.79,1.85
2026-10-05T22:30:49+00:00,soccer_italy_serie_a,367da93aa21a1e13eeafb94fd2263c75,2026-10-18T10:30:00Z,Udinese,Lecce,Draw,pinnacle,3.64,0.26081,3.71,onexbet,14,3.43,3.4
2026-10-05T22:30:49+00:00,soccer_italy_serie_a,3ea32a0aa44a5f0ef7fd088155430087,2026-10-18T13:00:00Z,Fiorentina,Como,A,pinnacle,2.07,0.45966,2.13,onexbet,14,2.0,2.05
2026-10-05T22:30:49+00:00,soccer_italy_serie_a,3ea32a0aa44a5f0ef7fd088155430087,2026-10-18T13:00:00Z,Fiorentina,Como,H,pinnacle,3.36,0.28318,3.65,unibet_se,14,3.2,3.3
2026-10-05T22:30:49+00:00,soccer_italy_serie_a,3ea32a0aa44a5f0ef7fd088155430087,2026-10-18T13:00:00Z,Fiorentina,Como,Draw,pinnacle,3.7,0.25716,3.81,onexbet,14,3.48,3.5
2026-10-05T22:30:49+00:00,soccer_italy_serie_a,f9403dd597edbfaa73abdc974e55344c,2026-10-18T16:00:00Z,AC Milan,Atalanta BC,H,pinnacle,1.85,0.51241,1.95,onexbet,14,1.81,1.85
2026-10-05T22:30:49+00:00,soccer_italy_serie_a,f9403dd597edbfaa73abdc974e55344c,2026-10-18T16:00:00Z,AC Milan,Atalanta BC,A,pinnacle,4.16,0.22787,4.25,unibet_se,14,3.8,3.9
2026-10-05T22:30:49+00:00,soccer_italy_serie_a,f9403dd597edbfaa73abdc974e55344c,2026-10-18T16:00:00Z,AC Milan,Atalanta BC,Draw,pinnacle,3.65,0.25971,3.8,tipico_de,14,3.5,3.4
2026-10-05T22:30:49+00:00,soccer_italy_serie_a,4c4026e2782f09d6f0ff2bde2a390513,2026-10-18T18:45:00Z,Juventus,Lazio,H,pinnacle,1.64,0.57774,1.7,unibet_se,14,1.6,1.61
2026-10-05T22:30:49+00:00,soccer_italy_serie_a,4c4026e2782f09d6f0ff2bde2a390513,2026-10-18T18:45:00Z,Juventus,Lazio,A,pinnacle,5.34,0.17743,5.66,onexbet,14,4.95,5.0
2026-10-05T22:30:49+00:00,soccer_italy_serie_a,4c4026e2782f09d6f0ff2bde2a390513,2026-10-18T18:45:00Z,Juventus,Lazio,Draw,pinnacle,3.87,0.24483,4.12,onexbet,14,3.68,3.8
2026-10-05T22:30:49+00:00,soccer_italy_serie_a,ce94aca384a20f6af459366da6e1dd21,2026-10-19T16:30:00Z,Monza,Cagliari,A,pinnacle,3.58,0.26592,3.9,onexbet,14,3.37,3.3
2026-10-05T22:30:49+00:00,soccer_italy_serie_a,ce94aca384a20f6af459366da6e1dd21,2026-10-19T16:30:00Z,Monza,Cagliari,H,pinnacle,2.19,0.4347,2.21,onexbet,14,2.05,2.15
2026-10-05T22:30:49+00:00,soccer_italy_serie_a,ce94aca384a20f6af459366da6e1dd21,2026-10-19T16:30:00Z,Monza,Cagliari,Draw,pinnacle,3.18,0.29937,3.3,winamax_de,14,3.2,3.2
2026-10-05T22:30:49+00:00,soccer_italy_serie_a,07014d9adc65ca39710bd9f0c7c0d3f0,2026-10-19T18:45:00Z,Parma,Torino,H,pinnacle,3.2,0.29774,3.25,onexbet,14,2.95,3.0
2026-10-05T22:30:49+00:00,soccer_italy_serie_a,07014d9adc65ca39710bd9f0c7c0d3f0,2026-10-19T18:45:00Z,Parma,Torino,A,pinnacle,2.47,0.38573,2.52,onexbet,14,2.3,2.4
2026-10-05T22:30:49+00:00,soccer_italy_serie_a,07014d9adc65ca39710bd9f0c7c0d3f0,2026-10-19T18:45:00Z,Parma,Torino,Draw,pinnacle,3.01,0.31653,3.25,unibet_se,14,3.05,3.0
2026-10-05T22:30:49+00:00,soccer_germany_bundesliga,3fb63658405d468954f57745cd115118,2026-10-09T18:30:00Z,Borussia Dortmund,Werder Bremen,H,pinnacle,1.4,0.68936,1.41,onexbet,21,1.33,1.36
2026-10-05T22:30:49+00:00,soccer_germany_bundesliga,3fb63658405d468954f57745cd115118,2026-10-09T18:30:00Z,Borussia Dortmund,Werder Bremen,A,pinnacle,7.09,0.13612,8.0,unibet_se,21,6.75,6.5
2026-10-05T22:30:49+00:00,soccer_germany_bundesliga,3fb63658405d468954f57745cd115118,2026-10-09T18:30:00Z,Borussia Dortmund,Werder Bremen,Draw,pinnacle,5.53,0.17452,5.9,matchbook,21,5.4,5.0
2026-10-05T22:30:49+00:00,soccer_germany_bundesliga,3b71160ad20dba786c4f92e33c987d80,2026-10-10T13:30:00Z,Augsburg,Bayern Munich,H,pinnacle,9.52,0.1008,13.0,coolbet,21,9.75,9.5
2026-10-05T22:30:49+00:00,soccer_germany_bundesliga,3b71160ad20dba786c4f92e33c987d80,2026-10-10T13:30:00Z,Augsburg,Bayern Munich,A,pinnacle,1.21,0.79305,1.23,unibet_se,21,1.16,1.2
2026-10-05T22:30:49+00:00,soccer_germany_bundesliga,3b71160ad20dba786c4f92e33c987d80,2026-10-10T13:30:00Z,Augsburg,Bayern Munich,Draw,pinnacle,9.04,0.10615,9.4,matchbook,21,7.75,7.5
2026-10-05T22:30:49+00:00,soccer_germany_bundesliga,418f8c26d46eaabd829f2e265673b855,2026-10-10T13:30:00Z,FSV Mainz 05,Bayer Leverkusen,A,pinnacle,2.22,0.43625,2.31,onexbet,21,2.12,2.25
2026-10-05T22:30:49+00:00,soccer_germany_bundesliga,418f8c26d46eaabd829f2e265673b855,2026-10-10T13:30:00Z,FSV Mainz 05,Bayer Leverkusen,H,pinnacle,3.0,0.32283,3.1,tipico_de,21,2.85,2.8
2026-10-05T22:30:49+00:00,soccer_germany_bundesliga,418f8c26d46eaabd829f2e265673b855,2026-10-10T13:30:00Z,FSV Mainz 05,Bayer Leverkusen,Draw,pinnacle,4.02,0.24092,4.0,unibet_se,21,3.75,3.6
2026-10-05T22:30:49+00:00,soccer_germany_bundesliga,2fd48be0a24ed906187067d4170bf010,2026-10-10T13:30:00Z,Union Berlin,Elversberg,A,pinnacle,2.87,0.33697,3.07,onexbet,21,2.78,2.8
2026-10-05T22:30:49+00:00,soccer_germany_bundesliga,2fd48be0a24ed906187067d4170bf010,2026-10-10T13:30:00Z,Union Berlin,Elversberg,H,pinnacle,2.33,0.41506,2.36,matchbook,21,2.18,2.2
2026-10-05T22:30:49+00:00,soccer_germany_bundesliga,2fd48be0a24ed906187067d4170bf010,2026-10-10T13:30:00Z,Union Berlin,Elversberg,Draw,pinnacle,3.9,0.24797,4.05,betonlineag,21,3.68,3.6
2026-10-05T22:30:49+00:00,soccer_germany_bundesliga,f03c08c0ae5fd66c2d2df2053115bb94,2026-10-10T13:30:00Z,TSG Hoffenheim,Hamburger SV,A,pinnacle,7.12,0.13523,7.1,betonlineag,21,6.1,6.0
2026-10-05T22:30:49+00:00,soccer_germany_bundesliga,f03c08c0ae5fd66c2d2df2053115bb94,2026-10-10T13:30:00Z,TSG Hoffenheim,Hamburger SV,H,pinnacle,1.44,0.66866,1.49,onexbet,21,1.37,1.4
2026-10-05T22:30:49+00:00,soccer_germany_bundesliga,f03c08c0ae5fd66c2d2df2053115bb94,2026-10-10T13:30:00Z,TSG Hoffenheim,Hamburger SV,Draw,pinnacle,4.91,0.1961,5.4,unibet_se,21,5.1,4.75
2026-10-05T22:30:49+00:00,soccer_germany_bundesliga,9aade3e736c3d113dab19e641c43e272,2026-10-10T13:30:00Z,SC Paderborn,VfB Stuttgart,H,pinnacle,4.84,0.19939,5.08,onexbet,21,4.7,4.6
2026-10-05T22:30:49+00:00,soccer_germany_bundesliga,9aade3e736c3d113dab19e641c43e272,2026-10-10T13:30:00Z,SC Paderborn,VfB Stuttgart,A,pinnacle,1.62,0.59571,1.64,onexbet,21,1.53,1.57
2026-10-05T22:30:49+00:00,soccer_germany_bundesliga,9aade3e736c3d113dab19e641c43e272,2026-10-10T13:30:00Z,SC Paderborn,VfB Stuttgart,Draw,pinnacle,4.71,0.2049,4.83,onexbet,21,4.5,4.33
2026-10-05T22:30:49+00:00,soccer_germany_bundesliga,01cb7a67c8ae71201ec27297455fc0e8,2026-10-10T16:30:00Z,RB Leipzig,Eintracht Frankfurt,A,pinnacle,5.15,0.1875,5.5,coolbet,21,4.9,4.8
2026-10-05T22:30:49+00:00,soccer_germany_bundesliga,01cb7a67c8ae71201ec27297455fc0e8,2026-10-10T16:30:00Z,RB Leipzig,Eintracht Frankfurt,H,pinnacle,1.56,0.61899,1.58,onexbet,21,1.48,1.5
2026-10-05T22:30:49+00:00,soccer_germany_bundesliga,01cb7a67c8ae71201ec27297455fc0e8,2026-10-10T16:30:00Z,RB Leipzig,Eintracht Frankfurt,Draw,pinnacle,4.99,0.19351,5.25,coolbet,21,4.75,4.6
2026-10-05T22:30:49+00:00,soccer_germany_bundesliga,a8801462cb97a43570956e4b3ef4aedf,2026-10-11T13:30:00Z,1. FC Köln,Borussia Monchengladbach,H,pinnacle,2.04,0.47394,2.06,codere_it,21,1.94,1.91
2026-10-05T22:30:49+00:00,soccer_germany_bundesliga,a8801462cb97a43570956e4b3ef4aedf,2026-10-11T13:30:00Z,1. FC Köln,Borussia Monchengladbach,A,pinnacle,3.28,0.29477,3.57,onexbet,21,3.18,3.3
2026-10-05T22:30:49+00:00,soccer_germany_bundesliga,a8801462cb97a43570956e4b3ef4aedf,2026-10-11T13:30:00Z,1. FC Köln,Borussia Monchengladbach,Draw,pinnacle,4.18,0.2313,4.2,unibet_se,21,3.83,3.8
2026-10-05T22:30:49+00:00,soccer_germany_bundesliga,eaf509fb37413b7d055cd394667792b3,2026-10-11T15:30:00Z,SC Freiburg,FC Schalke 04,A,pinnacle,5.34,0.18064,5.44,onexbet,21,4.75,4.8
2026-10-05T22:30:49+00:00,soccer_germany_bundesliga,eaf509fb37413b7d055cd394667792b3,2026-10-11T15:30:00Z,SC Freiburg,FC Schalke 04,H,pinnacle,1.67,0.57761,1.71,onexbet,21,1.59,1.65
2026-10-05T22:30:49+00:00,soccer_germany_bundesliga,eaf509fb37413b7d055cd394667792b3,2026-10-11T15:30:00Z,SC Freiburg,FC Schalke 04,Draw,pinnacle,3.99,0.24176,4.35,unibet_se,21,4.0,3.7
2026-10-05T22:30:49+00:00,soccer_germany_bundesliga,947bd5d924835af090d9cdc7bbdf10f6,2026-10-16T18:30:00Z,Eintracht Frankfurt,1. FC Köln,A,pinnacle,3.56,0.26686,3.52,onexbet,12,3.25,3.3
2026-10-05T22:30:49+00:00,soccer_germany_bundesliga,947bd5d924835af090d9cdc7bbdf10f6,2026-10-16T18:30:00Z,Eintracht Frankfurt,1. FC Köln,H,pinnacle,1.88,0.50532,2.0,onexbet,12,1.86,1.91
2026-10-05T22:30:49+00:00,soccer_germany_bundesliga,947bd5d924835af090d9cdc7bbdf10f6,2026-10-16T18:30:00Z,Eintracht Frankfurt,1. FC Köln,Draw,pinnacle,4.17,0.22782,4.3,tipico_de,12,3.9,3.9
2026-10-05T22:30:49+00:00,soccer_germany_bundesliga,0bf757f3bd903496ce2fa27bd0481869,2026-10-17T13:30:00Z,Elversberg,Augsburg,A,pinnacle,2.63,0.36216,2.71,onexbet,12,2.5,2.6
2026-10-05T22:30:49+00:00,soccer_germany_bundesliga,0bf757f3bd903496ce2fa27bd0481869,2026-10-17T13:30:00Z,Elversberg,Augsburg,H,pinnacle,2.46,0.38719,2.55,onexbet,12,2.33,2.4
2026-10-05T22:30:49+00:00,soccer_germany_bundesliga,0bf757f3bd903496ce2fa27bd0481869,2026-10-17T13:30:00Z,Elversberg,Augsburg,Draw,pinnacle,3.8,0.25065,3.92,onexbet,12,3.68,3.6
2026-10-05T22:30:49+00:00,soccer_germany_bundesliga,d8eac776adb07b0e7f01d8736d097291,2026-10-17T13:30:00Z,Union Berlin,Borussia Dortmund,A,pinnacle,1.67,0.56744,1.73,onexbet,12,1.61,1.67
2026-10-05T22:30:49+00:00,soccer_germany_bundesliga,d8eac776adb07b0e7f01d8736d097291,2026-10-17T13:30:00Z,Union Berlin,Borussia Dortmund,H,pinnacle,4.51,0.21012,4.72,onexbet,12,4.25,4.33
2026-10-05T22:30:49+00:00,soccer_germany_bundesliga,d8eac776adb07b0e7f01d8736d097291,2026-10-17T13:30:00Z,Union Berlin,Borussia Dortmund,Draw,pinnacle,4.26,0.22245,4.45,onexbet,12,4.05,4.0
2026-10-05T22:30:49+00:00,soccer_germany_bundesliga,606d65d57a9a6d8f9b53faee1ad10009,2026-10-17T13:30:00Z,FC Schalke 04,FSV Mainz 05,H,pinnacle,2.85,0.33411,2.98,onexbet,12,2.77,2.8
2026-10-05T22:30:49+00:00,soccer_germany_bundesliga,606d65d57a9a6d8f9b53faee1ad10009,2026-10-17T13:30:00Z,FC Schalke 04,FSV Mainz 05,A,pinnacle,2.39,0.39842,2.44,onexbet,12,2.2,2.3
2026-10-05T22:30:49+00:00,soccer_germany_bundesliga,606d65d57a9a6d8f9b53faee1ad10009,2026-10-17T13:30:00Z,FC Schalke 04,FSV Mainz 05,Draw,pinnacle,3.56,0.26748,3.7,onexbet,12,3.5,3.4
2026-10-05T22:30:49+00:00,soccer_germany_bundesliga,221916b8b36706ec52aa655a64e5f1d2,2026-10-17T13:30:00Z,Hamburger SV,VfB Stuttgart,H,pinnacle,4.04,0.2355,4.1,tipico_de,12,3.53,3.4
2026-10-05T22:30:49+00:00,soccer_germany_bundesliga,221916b8b36706ec52aa655a64e5f1d2,2026-10-17T13:30:00Z,Hamburger SV,VfB Stuttgart,A,pinnacle,1.83,0.51991,1.9,onexbet,12,1.78,1.83
2026-10-05T22:30:49+00:00,soccer_germany_bundesliga,221916b8b36706ec52aa655a64e5f1d2,2026-10-17T13:30:00Z,Hamburger SV,VfB Stuttgart,Draw,pinnacle,3.89,0.24459,4.08,onexbet,12,3.93,4.0
2026-10-05T22:30:49+00:00,soccer_germany_bundesliga,9a422e1aad1053828eaf629a58d901de,2026-10-17T13:30:00Z,Werder Bremen,SC Paderborn,A,pinnacle,4.02,0.23612,4.21,onexbet,12,3.78,3.75
2026-10-05T22:30:49+00:00,soccer_germany_bundesliga,9a422e1aad1053828eaf629a58d901de,2026-10-17T13:30:00Z,Werder Bremen,SC Paderborn,H,pinnacle,1.77,0.53626,1.84,onexbet,12,1.75,1.8
2026-10-05T22:30:49+00:00,soccer_germany_bundesliga,9a422e1aad1053828eaf629a58d901de,2026-10-17T13:30:00Z,Werder Bremen,SC Paderborn,Draw,pinnacle,4.17,0.22762,4.26,onexbet,12,3.8,3.8
2026-10-05T22:30:49+00:00,soccer_germany_bundesliga,9a64448205fdc4b95f45641bb946706c,2026-10-17T16:30:00Z,Bayern Munich,RB Leipzig,H,betfair_ex_eu,1.25,0.77551,1.27,onexbet,12,1.2,1.25
2026-10-05T22:30:49+00:00,soccer_germany_bundesliga,9a64448205fdc4b95f45641bb946706c,2026-10-17T16:30:00Z,Bayern Munich,RB Leipzig,A,betfair_ex_eu,10.0,0.09694,11.5,nordicbet,12,8.5,9.5
2026-10-05T22:30:49+00:00,soccer_germany_bundesliga,9a64448205fdc4b95f45641bb946706c,2026-10-17T16:30:00Z,Bayern Munich,RB Leipzig,Draw,betfair_ex_eu,7.6,0.12755,8.0,tipico_de,12,6.6,6.0
2026-10-05T22:30:49+00:00,soccer_germany_bundesliga,096d800bcc95c547ef592cbef624d080,2026-10-18T13:30:00Z,Bayer Leverkusen,SC Freiburg,H,pinnacle,1.65,0.57392,1.7,onexbet,12,1.61,1.61
2026-10-05T22:30:49+00:00,soccer_germany_bundesliga,096d800bcc95c547ef592cbef624d080,2026-10-18T13:30:00Z,Bayer Leverkusen,SC Freiburg,A,pinnacle,4.46,0.21232,4.83,onexbet,12,4.3,4.4
2026-10-05T22:30:49+00:00,soccer_germany_bundesliga,096d800bcc95c547ef592cbef624d080,2026-10-18T13:30:00Z,Bayer Leverkusen,SC Freiburg,Draw,pinnacle,4.43,0.21376,4.51,onexbet,12,4.1,4.2
2026-10-05T22:30:49+00:00,soccer_germany_bundesliga,fd9b8c185737a15615aa0c9daaa3dfbf,2026-10-18T15:30:00Z,Borussia Monchengladbach,TSG Hoffenheim,H,pinnacle,3.25,0.29225,3.58,onexbet,12,3.2,3.3
2026-10-05T22:30:49+00:00,soccer_germany_bundesliga,fd9b8c185737a15615aa0c9daaa3dfbf,2026-10-18T15:30:00Z,Borussia Monchengladbach,TSG Hoffenheim,A,pinnacle,1.97,0.48214,1.99,onexbet,12,1.89,1.91
2026-10-05T22:30:49+00:00,soccer_germany_bundesliga,fd9b8c185737a15615aa0c9daaa3dfbf,2026-10-18T15:30:00Z,Borussia Monchengladbach,TSG Hoffenheim,Draw,pinnacle,4.21,0.22561,4.3,tipico_de,12,3.88,3.9
2026-10-05T22:30:49+00:00,soccer_france_ligue_one,17694e68f399fdf9c5030021ec9bb595,2026-10-09T18:45:00Z,RC Lens,Lyon,A,pinnacle,2.74,0.35299,2.92,onexbet,20,2.63,2.7
2026-10-05T22:30:49+00:00,soccer_france_ligue_one,17694e68f399fdf9c5030021ec9bb595,2026-10-09T18:45:00Z,RC Lens,Lyon,H,pinnacle,2.46,0.39316,2.5,unibet_se,20,2.3,2.3
2026-10-05T22:30:49+00:00,soccer_france_ligue_one,17694e68f399fdf9c5030021ec9bb595,2026-10-09T18:45:00Z,RC Lens,Lyon,Draw,pinnacle,3.81,0.25385,3.86,betonlineag,20,3.6,3.5
2026-10-05T22:30:49+00:00,soccer_france_ligue_one,2c173b3bd3a1491f17fcad1012019c4f,2026-10-10T15:15:00Z,Lille,Le Havre,A,pinnacle,6.78,0.14224,7.5,unibet_se,20,6.5,6.5
2026-10-05T22:30:49+00:00,soccer_france_ligue_one,2c173b3bd3a1491f17fcad1012019c4f,2026-10-10T15:15:00Z,Lille,Le Havre,H,pinnacle,1.46,0.66054,1.48,onexbet,20,1.39,1.4
2026-10-05T22:30:49+00:00,soccer_france_ligue_one,2c173b3bd3a1491f17fcad1012019c4f,2026-10-10T15:15:00Z,Lille,Le Havre,Draw,pinnacle,4.89,0.19722,5.1,unibet_se,20,4.6,4.4
2026-10-05T22:30:49+00:00,soccer_france_ligue_one,c2c64ebfc5810226f807c1920d580392,2026-10-10T18:45:00Z,AS Monaco,Toulouse,H,pinnacle,1.61,0.59974,1.69,onexbet,20,1.56,1.6
2026-10-05T22:30:49+00:00,soccer_france_ligue_one,c2c64ebfc5810226f807c1920d580392,2026-10-10T18:45:00Z,AS Monaco,Toulouse,A,pinnacle,5.2,0.18569,5.4,nordicbet,20,4.85,4.75
2026-10-05T22:30:49+00:00,soccer_france_ligue_one,c2c64ebfc5810226f807c1920d580392,2026-10-10T18:45:00Z,AS Monaco,Toulouse,Draw,pinnacle,4.5,0.21457,4.5,tipico_de,20,4.1,4.0
2026-10-05T22:30:49+00:00,soccer_france_ligue_one,007dc2ff845c33e3e18f2bd2bc126304,2026-10-10T18:45:00Z,Brest,Angers,A,pinnacle,3.71,0.26039,3.9,gtbets,20,3.5,3.5
2026-10-05T22:30:49+00:00,soccer_france_ligue_one,007dc2ff845c33e3e18f2bd2bc126304,2026-10-10T18:45:00Z,Brest,Angers,H,pinnacle,2.01,0.48062,2.04,onexbet,20,1.91,1.95
2026-10-05T22:30:49+00:00,soccer_france_ligue_one,007dc2ff845c33e3e18f2bd2bc126304,2026-10-10T18:45:00Z,Brest,Angers,Draw,pinnacle,3.73,0.25899,3.85,winamax_de,20,3.55,3.5
2026-10-05T22:30:49+00:00,soccer_france_ligue_one,2849460eb4d15adbb20ec15927a0fd4a,2026-10-10T18:45:00Z,Paris Saint Germain,Le Mans FC,A,pinnacle,23.31,0.04121,34.0,onexbet,20,22.0,26.0
2026-10-05T22:30:49+00:00,soccer_france_ligue_one,2849460eb4d15adbb20ec15927a0fd4a,2026-10-10T18:45:00Z,Paris Saint Germain,Le Mans FC,H,pinnacle,1.08,0.88943,1.09,unibet_se,20,1.06,1.06
2026-10-05T22:30:49+00:00,soccer_france_ligue_one,2849460eb4d15adbb20ec15927a0fd4a,2026-10-10T18:45:00Z,Paris Saint Germain,Le Mans FC,Draw,pinnacle,13.85,0.06936,16.5,onexbet,20,10.25,13.0
2026-10-05T22:30:49+00:00,soccer_france_ligue_one,3aa72885e0aa107c62843749f7930a9a,2026-10-10T18:45:00Z,Lorient,Paris FC,H,pinnacle,3.3,0.29347,3.3,tipico_de,19,3.05,3.0
2026-10-05T22:30:49+00:00,soccer_france_ligue_one,3aa72885e0aa107c62843749f7930a9a,2026-10-10T18:45:00Z,Lorient,Paris FC,A,pinnacle,2.32,0.41744,2.42,onexbet,19,2.2,2.3
2026-10-05T22:30:49+00:00,soccer_france_ligue_one,3aa72885e0aa107c62843749f7930a9a,2026-10-10T18:45:00Z,Lorient,Paris FC,Draw,pinnacle,3.35,0.28909,3.47,onexbet,19,3.28,3.2
2026-10-05T22:30:49+00:00,soccer_france_ligue_one,5d3606630a2d3a218a6340d082c1bdc6,2026-10-11T13:00:00Z,Nice,Strasbourg,H,pinnacle,2.35,0.41155,2.45,unibet_se,19,2.2,2.25
2026-10-05T22:30:49+00:00,soccer_france_ligue_one,5d3606630a2d3a218a6340d082c1bdc6,2026-10-11T13:00:00Z,Nice,Strasbourg,A,pinnacle,2.97,0.32564,3.07,onexbet,19,2.88,2.9
2026-10-05T22:30:49+00:00,soccer_france_ligue_one,5d3606630a2d3a218a6340d082c1bdc6,2026-10-11T13:00:00Z,Nice,Strasbourg,Draw,pinnacle,3.68,0.26281,3.75,onexbet,19,3.48,3.4
2026-10-05T22:30:49+00:00,soccer_france_ligue_one,34f584ab922e220dc4f3b81217959d6d,2026-10-11T15:15:00Z,Rennes,Auxerre,A,pinnacle,6.49,0.14858,7.5,unibet_se,20,6.1,6.0
2026-10-05T22:30:49+00:00,soccer_france_ligue_one,34f584ab922e220dc4f3b81217959d6d,2026-10-11T15:15:00Z,Rennes,Auxerre,H,pinnacle,1.46,0.66047,1.48,onexbet,20,1.39,1.4
2026-10-05T22:30:49+00:00,soccer_france_ligue_one,34f584ab922e220dc4f3b81217959d6d,2026-10-11T15:15:00Z,Rennes,Auxerre,Draw,pinnacle,5.05,0.19095,5.18,betonlineag,20,4.8,4.6
2026-10-05T22:30:49+00:00,soccer_france_ligue_one,cb7067ac191abf32ad49dad45e46f639,2026-10-11T18:45:00Z,Troyes,Marseille,A,pinnacle,1.9,0.50869,1.93,unibet_se,20,1.8,1.85
2026-10-05T22:30:49+00:00,soccer_france_ligue_one,cb7067ac191abf32ad49dad45e46f639,2026-10-11T18:45:00Z,Troyes,Marseille,H,pinnacle,3.89,0.24846,4.03,onexbet,20,3.73,3.6
2026-10-05T22:30:49+00:00,soccer_france_ligue_one,cb7067ac191abf32ad49dad45e46f639,2026-10-11T18:45:00Z,Troyes,Marseille,Draw,pinnacle,3.98,0.24284,4.2,coolbet,20,3.75,3.6
2026-10-05T22:30:49+00:00,soccer_france_ligue_one,66c168c030f3faad3983fcadc3060009,2026-10-16T18:45:00Z,Le Mans FC,Toulouse,H,pinnacle,3.12,0.30531,3.3,unibet_se,15,2.9,3.0
2026-10-05T22:30:49+00:00,soccer_france_ligue_one,66c168c030f3faad3983fcadc3060009,2026-10-16T18:45:00Z,Le Mans FC,Toulouse,A,pinnacle,2.28,0.41779,2.34,onexbet,15,2.18,2.2
2026-10-05T22:30:49+00:00,soccer_france_ligue_one,66c168c030f3faad3983fcadc3060009,2026-10-16T18:45:00Z,Le Mans FC,Toulouse,Draw,pinnacle,3.44,0.27691,3.57,onexbet,15,3.37,3.3
2026-10-05T22:30:49+00:00,soccer_france_ligue_one,f3034246520a2ee4ff0ac0d5074966f8,2026-10-17T15:15:00Z,Strasbourg,Paris Saint Germain,A,pinnacle,1.4,0.67671,1.46,onexbet,15,1.36,1.4
2026-10-05T22:30:49+00:00,soccer_france_ligue_one,f3034246520a2ee4ff0ac0d5074966f8,2026-10-17T15:15:00Z,Strasbourg,Paris Saint Germain,H,pinnacle,6.38,0.14849,6.8,nordicbet,15,5.6,6.0
2026-10-05T22:30:49+00:00,soccer_france_ligue_one,f3034246520a2ee4ff0ac0d5074966f8,2026-10-17T15:15:00Z,Strasbourg,Paris Saint Germain,Draw,pinnacle,5.42,0.1748,5.7,tipico_de,15,5.4,4.8
2026-10-05T22:30:49+00:00,soccer_france_ligue_one,ad25a350c89b64715e15c59cde5653d3,2026-10-17T18:45:00Z,Lille,Brest,A,pinnacle,5.42,0.17489,5.4,unibet_se,15,4.9,4.8
2026-10-05T22:30:49+00:00,soccer_france_ligue_one,ad25a350c89b64715e15c59cde5653d3,2026-10-17T18:45:00Z,Lille,Brest,H,pinnacle,1.58,0.59995,1.66,onexbet,15,1.53,1.61
2026-10-05T22:30:49+00:00,soccer_france_ligue_one,ad25a350c89b64715e15c59cde5653d3,2026-10-17T18:45:00Z,Lille,Brest,Draw,pinnacle,4.21,0.22516,4.37,onexbet,15,4.1,3.9
2026-10-05T22:30:49+00:00,soccer_france_ligue_one,b077aa049133c0358bcd643bfee48da3,2026-10-17T18:45:00Z,Troyes,RC Lens,A,pinnacle,1.81,0.52431,1.87,onexbet,15,1.76,1.8
2026-10-05T22:30:49+00:00,soccer_france_ligue_one,b077aa049133c0358bcd643bfee48da3,2026-10-17T18:45:00Z,Troyes,RC Lens,H,pinnacle,4.0,0.23725,4.3,onexbet,15,3.75,3.9
2026-10-05T22:30:49+00:00,soccer_france_ligue_one,b077aa049133c0358bcd643bfee48da3,2026-10-17T18:45:00Z,Troyes,RC Lens,Draw,pinnacle,3.98,0.23844,4.1,unibet_se,15,3.78,3.7
2026-10-05T22:30:49+00:00,soccer_france_ligue_one,c7a60aa94470fe959fbf6b0c68060fc1,2026-10-18T13:00:00Z,Angers,Marseille,H,pinnacle,3.21,0.29652,3.3,tipico_de,15,3.0,3.0
2026-10-05T22:30:49+00:00,soccer_france_ligue_one,c7a60aa94470fe959fbf6b0c68060fc1,2026-10-18T13:00:00Z,Angers,Marseille,A,pinnacle,2.12,0.44898,2.28,onexbet,15,2.07,2.15
2026-10-05T22:30:49+00:00,soccer_france_ligue_one,c7a60aa94470fe959fbf6b0c68060fc1,2026-10-18T13:00:00Z,Angers,Marseille,Draw,pinnacle,3.74,0.2545,3.85,unibet_se,15,3.53,3.4
2026-10-05T22:30:49+00:00,soccer_france_ligue_one,53f5fe7ed0ba0fbf6345c73270e4cd00,2026-10-18T15:15:00Z,Lorient,AS Monaco,A,pinnacle,2.15,0.44264,2.17,onexbet,15,2.0,2.05
2026-10-05T22:30:49+00:00,soccer_france_ligue_one,53f5fe7ed0ba0fbf6345c73270e4cd00,2026-10-18T15:15:00Z,Lorient,AS Monaco,H,pinnacle,3.4,0.2799,3.75,unibet_se,15,3.25,3.4
2026-10-05T22:30:49+00:00,soccer_france_ligue_one,53f5fe7ed0ba0fbf6345c73270e4cd00,2026-10-18T15:15:00Z,Lorient,AS Monaco,Draw,pinnacle,3.43,0.27746,3.58,onexbet,15,3.42,3.3
2026-10-05T22:30:49+00:00,soccer_france_ligue_one,d637845b9760bb02b55bbbaa32b5c21e,2026-10-18T15:15:00Z,Le Havre,Auxerre,A,pinnacle,2.9,0.32826,3.0,unibet_se,15,2.77,2.8
2026-10-05T22:30:49+00:00,soccer_france_ligue_one,d637845b9760bb02b55bbbaa32b5c21e,2026-10-18T15:15:00Z,Le Havre,Auxerre,H,pinnacle,2.43,0.39175,2.52,onexbet,15,2.28,2.4
2026-10-05T22:30:49+00:00,soccer_france_ligue_one,d637845b9760bb02b55bbbaa32b5c21e,2026-10-18T15:15:00Z,Le Havre,Auxerre,Draw,pinnacle,3.4,0.27999,3.51,onexbet,15,3.32,3.25
2026-10-05T22:30:49+00:00,soccer_france_ligue_one,27f7222d2abde93fc6e8d17b5b05b272,2026-10-18T15:15:00Z,Paris FC,Rennes,H,pinnacle,2.33,0.409,2.37,onexbet,15,2.13,2.25
2026-10-05T22:30:49+00:00,soccer_france_ligue_one,27f7222d2abde93fc6e8d17b5b05b272,2026-10-18T15:15:00Z,Paris FC,Rennes,A,pinnacle,3.23,0.29504,3.29,onexbet,15,2.95,2.88
2026-10-05T22:30:49+00:00,soccer_france_ligue_one,27f7222d2abde93fc6e8d17b5b05b272,2026-10-18T15:15:00Z,Paris FC,Rennes,Draw,pinnacle,3.22,0.29596,3.6,unibet_se,15,3.42,3.5
2026-10-05T22:30:49+00:00,soccer_france_ligue_one,471f891b1f6516a864ad94c8eb649f5e,2026-10-18T18:45:00Z,Lyon,Nice,H,pinnacle,1.65,0.57582,1.71,onexbet,15,1.6,1.65
2026-10-05T22:30:49+00:00,soccer_france_ligue_one,471f891b1f6516a864ad94c8eb649f5e,2026-10-18T18:45:00Z,Lyon,Nice,A,pinnacle,4.88,0.19469,5.24,onexbet,15,4.6,4.8
2026-10-05T22:30:49+00:00,soccer_france_ligue_one,471f891b1f6516a864ad94c8eb649f5e,2026-10-18T18:45:00Z,Lyon,Nice,Draw,pinnacle,4.14,0.22949,4.2,tipico_de,15,3.9,3.8
2026-10-06T15:50:35+00:00,soccer_portugal_primeira_liga,0956c06cd173899e11422bece0fbf94f,2026-10-09T17:45:00Z,Moreirense FC,Gil Vicente,A,pinnacle,2.25,0.42306,2.25,tipico_de,14,2.08,2.15
2026-10-06T15:50:35+00:00,soccer_portugal_primeira_liga,0956c06cd173899e11422bece0fbf94f,2026-10-09T17:45:00Z,Moreirense FC,Gil Vicente,H,pinnacle,3.54,0.26889,3.5,betonlineag,14,3.23,3.3
2026-10-06T15:50:35+00:00,soccer_portugal_primeira_liga,0956c06cd173899e11422bece0fbf94f,2026-10-09T17:45:00Z,Moreirense FC,Gil Vicente,Draw,pinnacle,3.09,0.30805,3.2,gtbets,14,3.02,3.1
2026-10-06T15:50:35+00:00,soccer_portugal_primeira_liga,b4d52d1abd5efcd669a093139239c7b0,2026-10-09T19:15:00Z,Braga,Sporting Lisbon,H,pinnacle,3.55,0.26797,3.7,tipico_de,13,3.45,3.5
2026-10-06T15:50:35+00:00,soccer_portugal_primeira_liga,b4d52d1abd5efcd669a093139239c7b0,2026-10-09T19:15:00Z,Braga,Sporting Lisbon,A,pinnacle,2.04,0.46631,2.02,betonlineag,13,1.9,2.0
2026-10-06T15:50:35+00:00,soccer_portugal_primeira_liga,b4d52d1abd5efcd669a093139239c7b0,2026-10-09T19:15:00Z,Braga,Sporting Lisbon,Draw,pinnacle,3.58,0.26572,3.4,unibet_se,13,3.28,3.3
2026-10-06T15:50:35+00:00,soccer_portugal_primeira_liga,710dd3ffd365c610f1969a86cd70e074,2026-10-10T14:30:00Z,Casa Pia,Santa Clara,H,pinnacle,4.3,0.22088,4.6,tipico_de,14,4.15,4.0
2026-10-06T15:50:35+00:00,soccer_portugal_primeira_liga,710dd3ffd365c610f1969a86cd70e074,2026-10-10T14:30:00Z,Casa Pia,Santa Clara,A,pinnacle,1.91,0.49728,1.93,unibet_se,14,1.78,1.91
2026-10-06T15:50:35+00:00,soccer_portugal_primeira_liga,710dd3ffd365c610f1969a86cd70e074,2026-10-10T14:30:00Z,Casa Pia,Santa Clara,Draw,pinnacle,3.37,0.28184,3.27,gtbets,14,3.15,3.1
2026-10-06T15:50:35+00:00,soccer_portugal_primeira_liga,d9bfec13c112810701ee7e60f02bffa5,2026-10-10T17:00:00Z,CS Maritimo,FC Porto,H,betfair_ex_eu,12.0,0.08056,11.0,tipico_de,14,8.75,9.5
2026-10-06T15:50:35+00:00,soccer_portugal_primeira_liga,d9bfec13c112810701ee7e60f02bffa5,2026-10-10T17:00:00Z,CS Maritimo,FC Porto,A,betfair_ex_eu,1.3,0.74366,1.36,gtbets,14,1.24,1.3
2026-10-06T15:50:35+00:00,soccer_portugal_primeira_liga,d9bfec13c112810701ee7e60f02bffa5,2026-10-10T17:00:00Z,CS Maritimo,FC Porto,Draw,betfair_ex_eu,5.5,0.17577,5.2,tipico_de,14,4.95,4.8
2026-10-06T15:50:35+00:00,soccer_portugal_primeira_liga,2444214363711d31867a9df8c712ec8d,2026-10-10T19:30:00Z,Académico de Viseu,Estoril,H,pinnacle,2.31,0.41223,2.3,unibet_se,14,2.08,2.25
2026-10-06T15:50:35+00:00,soccer_portugal_primeira_liga,2444214363711d31867a9df8c712ec8d,2026-10-10T19:30:00Z,Académico de Viseu,Estoril,A,pinnacle,3.12,0.30521,3.1,tipico_de,14,2.98,2.9
2026-10-06T15:50:35+00:00,soccer_portugal_primeira_liga,2444214363711d31867a9df8c712ec8d,2026-10-10T19:30:00Z,Académico de Viseu,Estoril,Draw,pinnacle,3.37,0.28257,3.43,gtbets,14,3.3,3.3
2026-10-06T15:50:35+00:00,soccer_portugal_primeira_liga,5ecd75456d38ef4c394e502ecdd8937c,2026-10-11T14:30:00Z,Rio Ave FC,Nacional,A,pinnacle,3.19,0.29897,3.22,gtbets,14,3.02,3.1
2026-10-06T15:50:35+00:00,soccer_portugal_primeira_liga,5ecd75456d38ef4c394e502ecdd8937c,2026-10-11T14:30:00Z,Rio Ave FC,Nacional,H,pinnacle,2.34,0.40757,2.3,tipico_de,14,2.12,2.25
2026-10-06T15:50:35+00:00,soccer_portugal_primeira_liga,5ecd75456d38ef4c394e502ecdd8937c,2026-10-11T14:30:00Z,Rio Ave FC,Nacional,Draw,pinnacle,3.25,0.29345,3.28,gtbets,14,3.15,3.2
2026-10-06T15:50:35+00:00,soccer_portugal_primeira_liga,5696ee371ba00ede3dc8a64d24ce79f1,2026-10-11T17:00:00Z,Benfica,Vitória SC,H,betfair_ex_eu,1.26,0.77292,1.27,gtbets,14,1.19,1.22
2026-10-06T15:50:35+00:00,soccer_portugal_primeira_liga,5696ee371ba00ede3dc8a64d24ce79f1,2026-10-11T17:00:00Z,Benfica,Vitória SC,A,betfair_ex_eu,13.0,0.07491,12.0,tipico_de,14,10.0,10.0
2026-10-06T15:50:35+00:00,soccer_portugal_primeira_liga,5696ee371ba00ede3dc8a64d24ce79f1,2026-10-11T17:00:00Z,Benfica,Vitória SC,Draw,betfair_ex_eu,6.4,0.15217,6.5,tipico_de,14,5.75,5.75
2026-10-06T15:50:35+00:00,soccer_portugal_primeira_liga,2aa9808e7e84598f45ccf338a9b8912a,2026-10-11T19:30:00Z,Arouca,CF Estrela,H,pinnacle,2.07,0.45914,2.18,gtbets,14,2.0,2.1
2026-10-06T15:50:35+00:00,soccer_portugal_primeira_liga,2aa9808e7e84598f45ccf338a9b8912a,2026-10-11T19:30:00Z,Arouca,CF Estrela,A,pinnacle,3.47,0.27389,3.5,tipico_de,14,3.2,3.25
2026-10-06T15:50:35+00:00,soccer_portugal_primeira_liga,2aa9808e7e84598f45ccf338a9b8912a,2026-10-11T19:30:00Z,Arouca,CF Estrela,Draw,pinnacle,3.56,0.26697,3.5,tipico_de,14,3.27,3.3
2026-10-06T15:50:35+00:00,soccer_portugal_primeira_liga,789c3dd95a7fcef675ce5a40b07371a2,2026-10-12T19:15:00Z,Famalicão,Alverca,A,pinnacle,4.92,0.1929,4.8,betonlineag,14,4.35,4.0
2026-10-06T15:50:35+00:00,soccer_portugal_primeira_liga,789c3dd95a7fcef675ce5a40b07371a2,2026-10-12T19:15:00Z,Famalicão,Alverca,H,pinnacle,1.83,0.51862,1.89,unibet_se,14,1.72,1.85
2026-10-06T15:50:35+00:00,soccer_portugal_primeira_liga,789c3dd95a7fcef675ce5a40b07371a2,2026-10-12T19:15:00Z,Famalicão,Alverca,Draw,pinnacle,3.29,0.28847,3.46,gtbets,14,3.25,3.4
2026-10-06T15:50:35+00:00,soccer_epl,b870dcfba5e5920d3f1551a3aa1ea435,2026-10-10T11:30:00Z,Arsenal,Leeds United,H,pinnacle,1.38,0.6969,1.44,onexbet,21,1.34,1.4
2026-10-06T15:50:35+00:00,soccer_epl,b870dcfba5e5920d3f1551a3aa1ea435,2026-10-10T11:30:00Z,Arsenal,Leeds United,A,pinnacle,8.24,0.11671,9.2,matchbook,21,7.5,7.0
2026-10-06T15:50:35+00:00,soccer_epl,b870dcfba5e5920d3f1551a3aa1ea435,2026-10-10T11:30:00Z,Arsenal,Leeds United,Draw,pinnacle,5.16,0.18638,5.4,matchbook,21,4.8,4.6
2026-10-06T15:50:35+00:00,soccer_epl,02e6c0ccb11bb7ce78989ce49d67110b,2026-10-10T14:00:00Z,Aston Villa,Brentford,H,pinnacle,2.74,0.35342,2.8,matchbook,21,2.63,2.6
2026-10-06T15:50:35+00:00,soccer_epl,02e6c0ccb11bb7ce78989ce49d67110b,2026-10-10T14:00:00Z,Aston Villa,Brentford,A,pinnacle,2.58,0.37533,2.66,matchbook,21,2.37,2.5
2026-10-06T15:50:35+00:00,soccer_epl,02e6c0ccb11bb7ce78989ce49d67110b,2026-10-10T14:00:00Z,Aston Villa,Brentford,Draw,pinnacle,3.57,0.27125,3.65,unibet_se,21,3.45,3.4
2026-10-06T15:50:35+00:00,soccer_epl,45d4a466e32cd2b4ea535207923ceaf5,2026-10-10T14:00:00Z,Chelsea,Bournemouth,A,pinnacle,4.61,0.2094,4.9,matchbook,21,4.25,4.2
2026-10-06T15:50:35+00:00,soccer_epl,45d4a466e32cd2b4ea535207923ceaf5,2026-10-10T14:00:00Z,Chelsea,Bournemouth,H,pinnacle,1.73,0.55799,1.79,onexbet,21,1.64,1.73
2026-10-06T15:50:35+00:00,soccer_epl,45d4a466e32cd2b4ea535207923ceaf5,2026-10-10T14:00:00Z,Chelsea,Bournemouth,Draw,pinnacle,4.15,0.23261,4.4,matchbook,21,4.05,3.9
2026-10-06T15:50:35+00:00,soccer_epl,380b8f24ec5430fb545a7490c1017285,2026-10-10T14:00:00Z,Sunderland,Brighton and Hove Albion,A,pinnacle,2.38,0.40718,2.49,onexbet,21,2.25,2.38
2026-10-06T15:50:35+00:00,soccer_epl,380b8f24ec5430fb545a7490c1017285,2026-10-10T14:00:00Z,Sunderland,Brighton and Hove Albion,H,pinnacle,3.03,0.31983,3.15,matchbook,21,2.83,2.8
2026-10-06T15:50:35+00:00,soccer_epl,380b8f24ec5430fb545a7490c1017285,2026-10-10T14:00:00Z,Sunderland,Brighton and Hove Albion,Draw,pinnacle,3.55,0.27298,3.7,unibet_se,21,3.4,3.3
2026-10-06T15:50:35+00:00,soccer_epl,288b4ff00c79daa712c911c564fe1be7,2026-10-10T14:00:00Z,Ipswich Town,Fulham,A,pinnacle,2.55,0.37978,2.63,unibet_se,21,2.35,2.5
2026-10-06T15:50:35+00:00,soccer_epl,288b4ff00c79daa712c911c564fe1be7,2026-10-10T14:00:00Z,Ipswich Town,Fulham,H,pinnacle,2.74,0.35344,2.86,matchbook,21,2.68,2.62
2026-10-06T15:50:35+00:00,soccer_epl,288b4ff00c79daa712c911c564fe1be7,2026-10-10T14:00:00Z,Ipswich Town,Fulham,Draw,pinnacle,3.63,0.26678,3.65,unibet_se,21,3.42,3.3
2026-10-06T15:50:35+00:00,soccer_epl,22c9b2c43cbe1334381269550dab78e6,2026-10-10T16:30:00Z,Manchester United,Tottenham Hotspur,H,pinnacle,1.74,0.5547,1.76,onexbet,21,1.66,1.7
2026-10-06T15:50:35+00:00,soccer_epl,22c9b2c43cbe1334381269550dab78e6,2026-10-10T16:30:00Z,Manchester United,Tottenham Hotspur,A,pinnacle,4.35,0.22188,4.7,matchbook,21,4.15,4.33
2026-10-06T15:50:35+00:00,soccer_epl,22c9b2c43cbe1334381269550dab78e6,2026-10-10T16:30:00Z,Manchester United,Tottenham Hotspur,Draw,pinnacle,4.32,0.22342,4.4,matchbook,21,4.0,3.9
2026-10-06T15:50:35+00:00,soccer_epl,86effab5c6e7bfd58c8e88b1fb7c6ba9,2026-10-11T13:00:00Z,Crystal Palace,Nottingham Forest,H,pinnacle,2.69,0.35987,2.76,matchbook,21,2.48,2.62
2026-10-06T15:50:35+00:00,soccer_epl,86effab5c6e7bfd58c8e88b1fb7c6ba9,2026-10-11T13:00:00Z,Crystal Palace,Nottingham Forest,A,pinnacle,2.75,0.35202,2.84,matchbook,21,2.67,2.62
2026-10-06T15:50:35+00:00,soccer_epl,86effab5c6e7bfd58c8e88b1fb7c6ba9,2026-10-11T13:00:00Z,Crystal Palace,Nottingham Forest,Draw,pinnacle,3.36,0.28811,3.47,onexbet,21,3.2,3.1
2026-10-06T15:50:35+00:00,soccer_epl,0bdae4d304810578e47386606bff7106,2026-10-11T13:00:00Z,Hull City,Everton,A,pinnacle,2.1,0.46052,2.2,matchbook,21,2.03,2.05
2026-10-06T15:50:35+00:00,soccer_epl,0bdae4d304810578e47386606bff7106,2026-10-11T13:00:00Z,Hull City,Everton,H,pinnacle,3.72,0.25997,3.9,unibet_se,21,3.4,3.5
2026-10-06T15:50:35+00:00,soccer_epl,0bdae4d304810578e47386606bff7106,2026-10-11T13:00:00Z,Hull City,Everton,Draw,pinnacle,3.46,0.27951,3.54,onexbet,21,3.3,3.3
2026-10-06T15:50:35+00:00,soccer_epl,6dbab232dd8d2aed0cb1d6f7978fb7b1,2026-10-11T15:30:00Z,Liverpool,Manchester City,H,pinnacle,2.62,0.36894,2.7,unibet_nl,21,2.43,2.5
2026-10-06T15:50:35+00:00,soccer_epl,6dbab232dd8d2aed0cb1d6f7978fb7b1,2026-10-11T15:30:00Z,Liverpool,Manchester City,A,pinnacle,2.58,0.37466,2.68,matchbook,21,2.5,2.5
2026-10-06T15:50:35+00:00,soccer_epl,6dbab232dd8d2aed0cb1d6f7978fb7b1,2026-10-11T15:30:00Z,Liverpool,Manchester City,Draw,pinnacle,3.77,0.2564,3.9,unibet_nl,21,3.58,3.5
2026-10-06T15:50:35+00:00,soccer_epl,acd5bd945dd953ad1e300df5bfe696f9,2026-10-12T19:00:00Z,Coventry City,Newcastle United,H,pinnacle,3.31,0.29094,3.45,onexbet,21,3.15,3.2
2026-10-06T15:50:35+00:00,soccer_epl,acd5bd945dd953ad1e300df5bfe696f9,2026-10-12T19:00:00Z,Coventry City,Newcastle United,A,pinnacle,2.17,0.44378,2.24,matchbook,21,2.05,2.1
2026-10-06T15:50:35+00:00,soccer_epl,acd5bd945dd953ad1e300df5bfe696f9,2026-10-12T19:00:00Z,Coventry City,Newcastle United,Draw,pinnacle,3.63,0.26529,3.85,unibet_se,21,3.53,3.4
2026-10-06T15:50:35+00:00,soccer_epl,764e6513cb3f348881503df70ccb90e0,2026-10-17T11:30:00Z,Everton,Chelsea,A,pinnacle,2.38,0.40004,2.45,onexbet,14,2.18,2.3
2026-10-06T15:50:35+00:00,soccer_epl,764e6513cb3f348881503df70ccb90e0,2026-10-17T11:30:00Z,Everton,Chelsea,H,pinnacle,2.73,0.34875,2.95,unibet_se,14,2.8,2.7
2026-10-06T15:50:35+00:00,soccer_epl,764e6513cb3f348881503df70ccb90e0,2026-10-17T11:30:00Z,Everton,Chelsea,Draw,pinnacle,3.79,0.25121,3.86,onexbet,14,3.53,3.5
2026-10-06T15:50:35+00:00,soccer_epl,8f1945e7272bc7e89016439f5ab321c7,2026-10-17T14:00:00Z,Brentford,Liverpool,H,pinnacle,2.77,0.34346,2.88,onexbet,14,2.7,2.75
2026-10-06T15:50:35+00:00,soccer_epl,8f1945e7272bc7e89016439f5ab321c7,2026-10-17T14:00:00Z,Brentford,Liverpool,A,pinnacle,2.43,0.39152,2.5,onexbet,14,2.23,2.3
2026-10-06T15:50:35+00:00,soccer_epl,8f1945e7272bc7e89016439f5ab321c7,2026-10-17T14:00:00Z,Brentford,Liverpool,Draw,pinnacle,3.59,0.26501,3.8,unibet_se,14,3.58,3.5
2026-10-06T15:50:35+00:00,soccer_epl,7895f97f2f9577f3b13287a3d086859d,2026-10-17T14:00:00Z,Fulham,Hull City,H,pinnacle,1.67,0.56759,1.73,onexbet,14,1.62,1.65
2026-10-06T15:50:35+00:00,soccer_epl,7895f97f2f9577f3b13287a3d086859d,2026-10-17T14:00:00Z,Fulham,Hull City,A,pinnacle,4.85,0.19544,5.18,onexbet,14,4.5,4.8
2026-10-06T15:50:35+00:00,soccer_epl,7895f97f2f9577f3b13287a3d086859d,2026-10-17T14:00:00Z,Fulham,Hull City,Draw,pinnacle,4.0,0.23697,4.11,onexbet,14,3.83,3.9
2026-10-06T15:50:35+00:00,soccer_epl,bf2142d1ca76ba2fc9e61afce80f86c0,2026-10-17T14:00:00Z,Manchester City,Ipswich Town,A,pinnacle,10.39,0.09036,12.51,betsson,14,10.25,10.0
2026-10-06T15:50:35+00:00,soccer_epl,bf2142d1ca76ba2fc9e61afce80f86c0,2026-10-17T14:00:00Z,Manchester City,Ipswich Town,H,pinnacle,1.21,0.7759,1.26,onexbet,14,1.17,1.22
2026-10-06T15:50:35+00:00,soccer_epl,bf2142d1ca76ba2fc9e61afce80f86c0,2026-10-17T14:00:00Z,Manchester City,Ipswich Town,Draw,pinnacle,7.02,0.13374,7.5,tipico_de,14,6.75,6.0
2026-10-06T15:50:35+00:00,soccer_epl,d1bbbdcd3d430e70091b518369b559cf,2026-10-17T16:30:00Z,Newcastle United,Aston Villa,A,pinnacle,3.22,0.29535,3.35,onexbet,14,3.18,3.1
2026-10-06T15:50:35+00:00,soccer_epl,d1bbbdcd3d430e70091b518369b559cf,2026-10-17T16:30:00Z,Newcastle United,Aston Villa,H,pinnacle,2.09,0.45504,2.17,onexbet,14,1.97,2.05
2026-10-06T15:50:35+00:00,soccer_epl,d1bbbdcd3d430e70091b518369b559cf,2026-10-17T16:30:00Z,Newcastle United,Aston Villa,Draw,pinnacle,3.81,0.24961,3.95,unibet_se,14,3.58,3.6
2026-10-06T15:50:35+00:00,soccer_epl,dfd5d6648be46426e418801584d46a68,2026-10-18T13:00:00Z,Bournemouth,Sunderland,H,pinnacle,2.01,0.47345,2.04,onexbet,14,1.94,1.95
2026-10-06T15:50:35+00:00,soccer_epl,dfd5d6648be46426e418801584d46a68,2026-10-18T13:00:00Z,Bournemouth,Sunderland,A,pinnacle,3.65,0.26072,3.85,onexbet,14,3.42,3.6
2026-10-06T15:50:35+00:00,soccer_epl,dfd5d6648be46426e418801584d46a68,2026-10-18T13:00:00Z,Bournemouth,Sunderland,Draw,pinnacle,3.58,0.26582,3.75,onexbet,14,3.42,3.4
2026-10-06T15:50:35+00:00,soccer_epl,9fc08b390a49c4434f7cf631a0bb88fb,2026-10-18T13:00:00Z,Brighton and Hove Albion,Crystal Palace,H,pinnacle,1.63,0.58094,1.67,onexbet,14,1.58,1.61
2026-10-06T15:50:35+00:00,soccer_epl,9fc08b390a49c4434f7cf631a0bb88fb,2026-10-18T13:00:00Z,Brighton and Hove Albion,Crystal Palace,A,pinnacle,4.75,0.19935,5.5,unibet_se,14,4.55,4.75
2026-10-06T15:50:35+00:00,soccer_epl,9fc08b390a49c4434f7cf631a0bb88fb,2026-10-18T13:00:00Z,Brighton and Hove Albion,Crystal Palace,Draw,pinnacle,4.31,0.21971,4.45,onexbet,14,4.05,4.0
2026-10-06T15:50:35+00:00,soccer_epl,676b3b0b609e9cf565da450786618d26,2026-10-18T13:00:00Z,Leeds United,Manchester United,H,pinnacle,2.83,0.33657,2.95,unibet_se,14,2.77,2.75
2026-10-06T15:50:35+00:00,soccer_epl,676b3b0b609e9cf565da450786618d26,2026-10-18T13:00:00Z,Leeds United,Manchester United,A,pinnacle,2.35,0.40531,2.44,onexbet,14,2.2,2.38
2026-10-06T15:50:35+00:00,soccer_epl,676b3b0b609e9cf565da450786618d26,2026-10-18T13:00:00Z,Leeds United,Manchester United,Draw,pinnacle,3.69,0.25812,3.77,onexbet,14,3.5,3.4
2026-10-06T15:50:35+00:00,soccer_epl,f696a248965373d9071dc0662e5c58a8,2026-10-18T15:30:00Z,Nottingham Forest,Arsenal,A,pinnacle,1.61,0.58865,1.66,onexbet,14,1.55,1.61
2026-10-06T15:50:35+00:00,soccer_epl,f696a248965373d9071dc0662e5c58a8,2026-10-18T15:30:00Z,Nottingham Forest,Arsenal,H,pinnacle,6.0,0.15795,6.2,tipico_de,14,5.25,5.5
2026-10-06T15:50:35+00:00,soccer_epl,f696a248965373d9071dc0662e5c58a8,2026-10-18T15:30:00Z,Nottingham Forest,Arsenal,Draw,pinnacle,3.74,0.2534,4.1,unibet_se,14,3.83,3.7
2026-10-06T15:50:35+00:00,soccer_epl,9baaf4e48b041cfef04e70e42532502e,2026-10-19T19:00:00Z,Tottenham Hotspur,Coventry City,A,pinnacle,5.82,0.16297,6.47,onexbet,14,5.6,5.75
2026-10-06T15:50:35+00:00,soccer_epl,9baaf4e48b041cfef04e70e42532502e,2026-10-19T19:00:00Z,Tottenham Hotspur,Coventry City,H,pinnacle,1.51,0.62812,1.54,onexbet,14,1.43,1.5
2026-10-06T15:50:35+00:00,soccer_epl,9baaf4e48b041cfef04e70e42532502e,2026-10-19T19:00:00Z,Tottenham Hotspur,Coventry City,Draw,pinnacle,4.54,0.20891,4.8,tipico_de,14,4.45,4.2
2026-10-06T15:50:35+00:00,soccer_spain_la_liga,4e4c6763037ffc0e1dfe92ed16287b6d,2026-10-09T19:00:00Z,Málaga,Espanyol,A,pinnacle,2.75,0.35178,2.88,matchbook,17,2.67,
2026-10-06T15:50:35+00:00,soccer_spain_la_liga,4e4c6763037ffc0e1dfe92ed16287b6d,2026-10-09T19:00:00Z,Málaga,Espanyol,H,pinnacle,2.82,0.34305,2.84,matchbook,17,2.55,
2026-10-06T15:50:35+00:00,soccer_spain_la_liga,4e4c6763037ffc0e1dfe92ed16287b6d,2026-10-09T19:00:00Z,Málaga,Espanyol,Draw,pinnacle,3.17,0.30517,3.37,onexbet,17,3.12,
2026-10-06T15:50:35+00:00,soccer_spain_la_liga,349c47668fdd909039a9408c14cad8bc,2026-10-10T12:00:00Z,Rayo Vallecano,Athletic Bilbao,A,pinnacle,2.54,0.38127,2.62,matchbook,17,2.33,
2026-10-06T15:50:35+00:00,soccer_spain_la_liga,349c47668fdd909039a9408c14cad8bc,2026-10-10T12:00:00Z,Rayo Vallecano,Athletic Bilbao,H,pinnacle,2.93,0.33052,3.05,unibet_se,17,2.8,
2026-10-06T15:50:35+00:00,soccer_spain_la_liga,349c47668fdd909039a9408c14cad8bc,2026-10-10T12:00:00Z,Rayo Vallecano,Athletic Bilbao,Draw,pinnacle,3.36,0.28822,3.51,onexbet,17,3.32,
2026-10-06T15:50:35+00:00,soccer_spain_la_liga,3869391e3dbdcaa74153b11df56a3fe5,2026-10-10T14:15:00Z,Alavés,Atlético Madrid,H,pinnacle,4.3,0.2246,4.5,matchbook,16,4.05,
2026-10-06T15:50:35+00:00,soccer_spain_la_liga,3869391e3dbdcaa74153b11df56a3fe5,2026-10-10T14:15:00Z,Alavés,Atlético Madrid,A,pinnacle,1.86,0.51923,1.91,onexbet,16,1.77,
2026-10-06T15:50:35+00:00,soccer_spain_la_liga,3869391e3dbdcaa74153b11df56a3fe5,2026-10-10T14:15:00Z,Alavés,Atlético Madrid,Draw,pinnacle,3.77,0.25617,3.85,matchbook,16,3.6,
2026-10-06T15:50:35+00:00,soccer_spain_la_liga,edb80d633a1906e5865ab70cc9b540ea,2026-10-10T16:30:00Z,Barcelona,Getafe,H,pinnacle,1.06,0.90726,1.09,matchbook,17,1.05,
2026-10-06T15:50:35+00:00,soccer_spain_la_liga,edb80d633a1906e5865ab70cc9b540ea,2026-10-10T16:30:00Z,Barcelona,Getafe,A,pinnacle,23.66,0.04065,45.0,onexbet,17,23.0,
2026-10-06T15:50:35+00:00,soccer_spain_la_liga,edb80d633a1906e5865ab70cc9b540ea,2026-10-10T16:30:00Z,Barcelona,Getafe,Draw,pinnacle,18.46,0.0521,18.5,matchbook,17,10.5,
2026-10-06T15:50:35+00:00,soccer_spain_la_liga,551f242223b1625f458d1a2ea212a0c3,2026-10-10T19:00:00Z,Real Madrid,Villarreal,H,pinnacle,1.34,0.71698,1.37,onexbet,17,1.3,
2026-10-06T15:50:35+00:00,soccer_spain_la_liga,551f242223b1625f458d1a2ea212a0c3,2026-10-10T19:00:00Z,Real Madrid,Villarreal,A,pinnacle,7.67,0.12526,9.0,unibet_se,17,6.9,
2026-10-06T15:50:35+00:00,soccer_spain_la_liga,551f242223b1625f458d1a2ea212a0c3,2026-10-10T19:00:00Z,Real Madrid,Villarreal,Draw,pinnacle,6.09,0.15776,6.4,matchbook,17,5.75,
2026-10-06T15:50:35+00:00,soccer_spain_la_liga,7daf7edaf572eba3ac86196c663d67d3,2026-10-11T12:00:00Z,Elche CF,Celta Vigo,A,pinnacle,2.71,0.35765,2.75,coolbet,17,2.45,
2026-10-06T15:50:35+00:00,soccer_spain_la_liga,7daf7edaf572eba3ac86196c663d67d3,2026-10-11T12:00:00Z,Elche CF,Celta Vigo,H,pinnacle,2.78,0.34864,2.93,onexbet,17,2.72,
2026-10-06T15:50:35+00:00,soccer_spain_la_liga,7daf7edaf572eba3ac86196c663d67d3,2026-10-11T12:00:00Z,Elche CF,Celta Vigo,Draw,pinnacle,3.3,0.29371,3.33,onexbet,17,3.18,
2026-10-06T15:50:35+00:00,soccer_spain_la_liga,2997b68cc93f62d8a1dee9f06bedbefd,2026-10-11T14:15:00Z,Real Sociedad,Deportivo La Coruña,A,pinnacle,5.11,0.18875,5.4,matchbook,16,,
2026-10-06T15:50:35+00:00,soccer_spain_la_liga,2997b68cc93f62d8a1dee9f06bedbefd,2026-10-11T14:15:00Z,Real Sociedad,Deportivo La Coruña,H,pinnacle,1.69,0.57072,1.75,onexbet,16,,
2026-10-06T15:50:35+00:00,soccer_spain_la_liga,2997b68cc93f62d8a1dee9f06bedbefd,2026-10-11T14:15:00Z,Real Sociedad,Deportivo La Coruña,Draw,pinnacle,4.01,0.24053,4.1,matchbook,16,,
2026-10-06T15:50:35+00:00,soccer_spain_la_liga,984691837d31fd0c59c088f377f55f75,2026-10-11T16:30:00Z,Real Betis,CA Osasuna,A,pinnacle,5.45,0.17715,6.2,matchbook,17,5.0,
2026-10-06T15:50:35+00:00,soccer_spain_la_liga,984691837d31fd0c59c088f377f55f75,2026-10-11T16:30:00Z,Real Betis,CA Osasuna,H,pinnacle,1.6,0.60342,1.64,onexbet,17,1.56,
2026-10-06T15:50:35+00:00,soccer_spain_la_liga,984691837d31fd0c59c088f377f55f75,2026-10-11T16:30:00Z,Real Betis,CA Osasuna,Draw,pinnacle,4.4,0.21943,4.43,betonlineag,17,4.0,
2026-10-06T15:50:35+00:00,soccer_spain_la_liga,66a4f4201806b928c9007116727fdd61,2026-10-11T19:00:00Z,Real Racing Club de Santander,Valencia,H,pinnacle,2.26,0.42807,2.3,onexbet,17,2.12,
2026-10-06T15:50:35+00:00,soccer_spain_la_liga,66a4f4201806b928c9007116727fdd61,2026-10-11T19:00:00Z,Real Racing Club de Santander,Valencia,A,pinnacle,3.16,0.30615,3.25,coolbet,17,3.03,
2026-10-06T15:50:35+00:00,soccer_spain_la_liga,66a4f4201806b928c9007116727fdd61,2026-10-11T19:00:00Z,Real Racing Club de Santander,Valencia,Draw,pinnacle,3.64,0.26578,3.75,matchbook,17,3.45,
2026-10-06T15:50:35+00:00,soccer_spain_la_liga,529fc26c7774d5b469932e275c668921,2026-10-12T19:00:00Z,Levante,Sevilla,H,pinnacle,2.71,0.35539,2.74,onexbet,17,2.52,
2026-10-06T15:50:35+00:00,soccer_spain_la_liga,529fc26c7774d5b469932e275c668921,2026-10-12T19:00:00Z,Levante,Sevilla,A,pinnacle,2.71,0.35539,2.79,onexbet,17,2.62,
2026-10-06T15:50:35+00:00,soccer_spain_la_liga,529fc26c7774d5b469932e275c668921,2026-10-12T19:00:00Z,Levante,Sevilla,Draw,pinnacle,3.33,0.28922,3.41,onexbet,17,3.2,
2026-10-06T15:50:35+00:00,soccer_spain_la_liga,19ee731602634e5c9e3106630e087464,2026-10-16T19:00:00Z,Deportivo La Coruña,Levante,H,pinnacle,2.08,0.45761,2.17,onexbet,11,,
2026-10-06T15:50:35+00:00,soccer_spain_la_liga,19ee731602634e5c9e3106630e087464,2026-10-16T19:00:00Z,Deportivo La Coruña,Levante,A,pinnacle,3.54,0.26888,3.6,unibet_se,11,,
2026-10-06T15:50:35+00:00,soccer_spain_la_liga,19ee731602634e5c9e3106630e087464,2026-10-16T19:00:00Z,Deportivo La Coruña,Levante,Draw,pinnacle,3.48,0.27351,3.62,onexbet,11,,
2026-10-06T15:50:35+00:00,soccer_spain_la_liga,6436925dd15916d7041ba32b60000d48,2026-10-17T12:00:00Z,Espanyol,Atlético Madrid,A,pinnacle,1.85,0.51365,1.91,onexbet,11,1.75,
2026-10-06T15:50:35+00:00,soccer_spain_la_liga,6436925dd15916d7041ba32b60000d48,2026-10-17T12:00:00Z,Espanyol,Atlético Madrid,H,pinnacle,4.14,0.22953,4.32,onexbet,11,3.93,
2026-10-06T15:50:35+00:00,soccer_spain_la_liga,6436925dd15916d7041ba32b60000d48,2026-10-17T12:00:00Z,Espanyol,Atlético Madrid,Draw,pinnacle,3.7,0.25682,3.84,onexbet,11,3.63,
2026-10-06T15:50:35+00:00,soccer_spain_la_liga,aef660734585649651415961a9d177c6,2026-10-17T14:15:00Z,Villarreal,Elche CF,A,pinnacle,6.04,0.15656,6.73,onexbet,12,5.5,
2026-10-06T15:50:35+00:00,soccer_spain_la_liga,aef660734585649651415961a9d177c6,2026-10-17T14:15:00Z,Villarreal,Elche CF,H,pinnacle,1.46,0.64767,1.51,onexbet,12,1.43,
2026-10-06T15:50:35+00:00,soccer_spain_la_liga,aef660734585649651415961a9d177c6,2026-10-17T14:15:00Z,Villarreal,Elche CF,Draw,pinnacle,4.83,0.19578,5.0,unibet_se,12,4.6,
2026-10-06T15:50:35+00:00,soccer_spain_la_liga,846e496fc232b2fc20214754836727d0,2026-10-17T16:30:00Z,Real Betis,Barcelona,A,betfair_ex_eu,1.44,0.68622,1.49,onexbet,12,1.38,
2026-10-06T15:50:35+00:00,soccer_spain_la_liga,846e496fc232b2fc20214754836727d0,2026-10-17T16:30:00Z,Real Betis,Barcelona,H,betfair_ex_eu,6.2,0.15938,6.9,betsson,12,5.5,
2026-10-06T15:50:35+00:00,soccer_spain_la_liga,846e496fc232b2fc20214754836727d0,2026-10-17T16:30:00Z,Real Betis,Barcelona,Draw,betfair_ex_eu,6.4,0.1544,5.8,winamax_de,12,5.25,
2026-10-06T15:50:35+00:00,soccer_spain_la_liga,f00cd1ea41fa39149729d14ebc07aa6c,2026-10-17T19:00:00Z,Valencia,Athletic Bilbao,A,pinnacle,2.08,0.45746,2.18,onexbet,12,2.02,
2026-10-06T15:50:35+00:00,soccer_spain_la_liga,f00cd1ea41fa39149729d14ebc07aa6c,2026-10-17T19:00:00Z,Valencia,Athletic Bilbao,H,pinnacle,3.6,0.26431,3.62,onexbet,12,3.3,
2026-10-06T15:50:35+00:00,soccer_spain_la_liga,f00cd1ea41fa39149729d14ebc07aa6c,2026-10-17T19:00:00Z,Valencia,Athletic Bilbao,Draw,pinnacle,3.42,0.27822,3.58,onexbet,12,3.32,
2026-10-06T15:50:35+00:00,soccer_spain_la_liga,1f566f17c50fe5162724ec2863d2207b,2026-10-18T12:00:00Z,CA Osasuna,Real Racing Club de Santander,H,pinnacle,1.91,0.49748,1.95,onexbet,9,1.82,
2026-10-06T15:50:35+00:00,soccer_spain_la_liga,1f566f17c50fe5162724ec2863d2207b,2026-10-18T12:00:00Z,CA Osasuna,Real Racing Club de Santander,A,pinnacle,4.26,0.22305,4.32,onexbet,9,3.75,
2026-10-06T15:50:35+00:00,soccer_spain_la_liga,1f566f17c50fe5162724ec2863d2207b,2026-10-18T12:00:00Z,CA Osasuna,Real Racing Club de Santander,Draw,pinnacle,3.4,0.27947,3.68,onexbet,9,3.53,
2026-10-06T15:50:35+00:00,soccer_spain_la_liga,aabe899ecc4c19a1fafe5440151b62e4,2026-10-18T14:15:00Z,Celta Vigo,Alavés,A,pinnacle,3.87,0.24551,3.95,unibet_se,12,3.63,
2026-10-06T15:50:35+00:00,soccer_spain_la_liga,aabe899ecc4c19a1fafe5440151b62e4,2026-10-18T14:15:00Z,Celta Vigo,Alavés,H,pinnacle,2.0,0.47505,2.08,onexbet,12,1.94,
2026-10-06T15:50:35+00:00,soccer_spain_la_liga,aabe899ecc4c19a1fafe5440151b62e4,2026-10-18T14:15:00Z,Celta Vigo,Alavés,Draw,pinnacle,3.4,0.27944,3.58,onexbet,12,3.25,
2026-10-06T15:50:35+00:00,soccer_spain_la_liga,1051298b4aca6f07113309bff598a5c1,2026-10-18T16:30:00Z,Málaga,Real Sociedad,H,pinnacle,3.23,0.29467,3.3,unibet_se,12,3.0,
2026-10-06T15:50:35+00:00,soccer_spain_la_liga,1051298b4aca6f07113309bff598a5c1,2026-10-18T16:30:00Z,Málaga,Real Sociedad,A,pinnacle,2.2,0.43262,2.29,onexbet,12,2.12,
2026-10-06T15:50:35+00:00,soccer_spain_la_liga,1051298b4aca6f07113309bff598a5c1,2026-10-18T16:30:00Z,Málaga,Real Sociedad,Draw,pinnacle,3.49,0.27271,3.63,onexbet,12,3.4,
2026-10-06T15:50:35+00:00,soccer_spain_la_liga,eccd63bf768e2f2a358b871d3f33a63d,2026-10-18T19:00:00Z,Real Madrid,Sevilla,H,betfair_ex_eu,1.26,0.77847,1.3,onexbet,12,1.22,
2026-10-06T15:50:35+00:00,soccer_spain_la_liga,eccd63bf768e2f2a358b871d3f33a63d,2026-10-18T19:00:00Z,Real Madrid,Sevilla,A,betfair_ex_eu,11.5,0.08529,12.5,nordicbet,12,8.75,
2026-10-06T15:50:35+00:00,soccer_spain_la_liga,eccd63bf768e2f2a358b871d3f33a63d,2026-10-18T19:00:00Z,Real Madrid,Sevilla,Draw,betfair_ex_eu,7.2,0.13623,7.2,tipico_de,12,6.0,
2026-10-06T15:50:35+00:00,soccer_spain_la_liga,4a88bc4de574d43ef34677fd8d78722f,2026-10-19T19:00:00Z,Getafe,Rayo Vallecano,H,pinnacle,2.71,0.33503,2.92,betsson,12,2.73,
2026-10-06T15:50:35+00:00,soccer_spain_la_liga,4a88bc4de574d43ef34677fd8d78722f,2026-10-19T19:00:00Z,Getafe,Rayo Vallecano,A,pinnacle,2.44,0.3721,2.82,onexbet,12,2.52,
2026-10-06T15:50:35+00:00,soccer_spain_la_liga,4a88bc4de574d43ef34677fd8d78722f,2026-10-19T19:00:00Z,Getafe,Rayo Vallecano,Draw,pinnacle,3.1,0.29288,3.21,onexbet,12,2.97,
2026-10-06T15:50:35+00:00,soccer_italy_serie_a,2f8e871a0f7f66ae22938028645e1066,2026-10-10T13:00:00Z,Genoa,Fiorentina,A,pinnacle,2.35,0.41176,2.4,unibet_se,20,2.22,2.25
2026-10-06T15:50:35+00:00,soccer_italy_serie_a,2f8e871a0f7f66ae22938028645e1066,2026-10-10T13:00:00Z,Genoa,Fiorentina,H,pinnacle,3.31,0.29233,3.4,matchbook,20,3.03,3.0
2026-10-06T15:50:35+00:00,soccer_italy_serie_a,2f8e871a0f7f66ae22938028645e1066,2026-10-10T13:00:00Z,Genoa,Fiorentina,Draw,pinnacle,3.27,0.29591,3.5,unibet_se,20,3.23,3.2
2026-10-06T15:50:35+00:00,soccer_italy_serie_a,1a01b0611dacd334e1558a5097e05023,2026-10-10T16:00:00Z,Inter Milan,Parma,H,pinnacle,1.15,0.83451,1.16,onexbet,20,1.12,1.14
2026-10-06T15:50:35+00:00,soccer_italy_serie_a,1a01b0611dacd334e1558a5097e05023,2026-10-10T16:00:00Z,Inter Milan,Parma,A,pinnacle,15.63,0.0614,21.0,unibet_se,20,14.75,15.0
2026-10-06T15:50:35+00:00,soccer_italy_serie_a,1a01b0611dacd334e1558a5097e05023,2026-10-10T16:00:00Z,Inter Milan,Parma,Draw,pinnacle,9.22,0.10409,10.0,matchbook,20,7.75,8.0
2026-10-06T15:50:35+00:00,soccer_italy_serie_a,40c1bd70fee927f9bfa8901edab02b48,2026-10-10T18:45:00Z,Napoli,Frosinone,A,pinnacle,6.33,0.15227,7.5,unibet_se,20,6.1,6.0
2026-10-06T15:50:35+00:00,soccer_italy_serie_a,40c1bd70fee927f9bfa8901edab02b48,2026-10-10T18:45:00Z,Napoli,Frosinone,H,pinnacle,1.47,0.65571,1.5,matchbook,20,1.39,1.44
2026-10-06T15:50:35+00:00,soccer_italy_serie_a,40c1bd70fee927f9bfa8901edab02b48,2026-10-10T18:45:00Z,Napoli,Frosinone,Draw,pinnacle,5.02,0.19201,5.2,winamax_de,20,4.85,4.5
2026-10-06T15:50:35+00:00,soccer_italy_serie_a,2547c0dbddd26d23fa532228e36348cb,2026-10-11T10:30:00Z,Como,AS Roma,A,pinnacle,2.74,0.35317,2.84,matchbook,20,2.6,2.5
2026-10-06T15:50:35+00:00,soccer_italy_serie_a,2547c0dbddd26d23fa532228e36348cb,2026-10-11T10:30:00Z,Como,AS Roma,H,pinnacle,2.57,0.37653,2.69,onexbet,20,2.4,2.5
2026-10-06T15:50:35+00:00,soccer_italy_serie_a,2547c0dbddd26d23fa532228e36348cb,2026-10-11T10:30:00Z,Como,AS Roma,Draw,pinnacle,3.58,0.2703,3.71,onexbet,20,3.5,3.4
2026-10-06T15:50:35+00:00,soccer_italy_serie_a,946716d7e5e52822f08be8cb95193d9d,2026-10-11T13:00:00Z,Lecce,Bologna,A,pinnacle,1.96,0.49236,2.0,unibet_se,20,1.88,1.85
2026-10-06T15:50:35+00:00,soccer_italy_serie_a,946716d7e5e52822f08be8cb95193d9d,2026-10-11T13:00:00Z,Lecce,Bologna,H,pinnacle,4.58,0.21071,4.58,onexbet,20,3.98,4.0
2026-10-06T15:50:35+00:00,soccer_italy_serie_a,946716d7e5e52822f08be8cb95193d9d,2026-10-11T13:00:00Z,Lecce,Bologna,Draw,pinnacle,3.25,0.29693,3.5,unibet_se,20,3.28,3.2
2026-10-06T15:50:35+00:00,soccer_italy_serie_a,c0f72699f32ec193b64fd54092fe268d,2026-10-11T13:00:00Z,Lazio,Monza,H,pinnacle,1.59,0.60692,1.63,onexbet,20,1.52,1.53
2026-10-06T15:50:35+00:00,soccer_italy_serie_a,c0f72699f32ec193b64fd54092fe268d,2026-10-11T13:00:00Z,Lazio,Monza,A,pinnacle,5.99,0.1611,6.3,betonlineag,20,5.6,5.5
2026-10-06T15:50:35+00:00,soccer_italy_serie_a,c0f72699f32ec193b64fd54092fe268d,2026-10-11T13:00:00Z,Lazio,Monza,Draw,pinnacle,4.16,0.23197,4.29,betonlineag,20,3.93,3.8
2026-10-06T15:50:35+00:00,soccer_italy_serie_a,1cf64166dda1e0da8b325161deb39662,2026-10-11T16:00:00Z,Sassuolo,AC Milan,A,pinnacle,1.79,0.53877,1.87,onexbet,20,1.74,1.8
2026-10-06T15:50:35+00:00,soccer_italy_serie_a,1cf64166dda1e0da8b325161deb39662,2026-10-11T16:00:00Z,Sassuolo,AC Milan,H,pinnacle,4.43,0.2177,4.5,tipico_de,20,4.1,4.0
2026-10-06T15:50:35+00:00,soccer_italy_serie_a,1cf64166dda1e0da8b325161deb39662,2026-10-11T16:00:00Z,Sassuolo,AC Milan,Draw,pinnacle,3.96,0.24353,3.95,matchbook,20,3.68,3.6
2026-10-06T15:50:35+00:00,soccer_italy_serie_a,407f7d03157d1dfad384876e6a6bc910,2026-10-11T18:45:00Z,Cagliari,Juventus,H,pinnacle,6.38,0.15121,6.8,matchbook,20,6.0,6.0
2026-10-06T15:50:35+00:00,soccer_italy_serie_a,407f7d03157d1dfad384876e6a6bc910,2026-10-11T18:45:00Z,Cagliari,Juventus,A,pinnacle,1.58,0.61059,1.62,onexbet,20,1.49,1.53
2026-10-06T15:50:35+00:00,soccer_italy_serie_a,407f7d03157d1dfad384876e6a6bc910,2026-10-11T18:45:00Z,Cagliari,Juventus,Draw,pinnacle,4.05,0.2382,4.1,matchbook,20,3.95,3.8
2026-10-06T15:50:35+00:00,soccer_italy_serie_a,0f2e7ff90b994f31d5cd48a9680943e1,2026-10-12T16:30:00Z,Atalanta BC,Venezia,H,pinnacle,1.6,0.60018,1.66,onexbet,20,1.52,1.57
2026-10-06T15:50:35+00:00,soccer_italy_serie_a,0f2e7ff90b994f31d5cd48a9680943e1,2026-10-12T16:30:00Z,Atalanta BC,Venezia,A,pinnacle,5.86,0.16387,5.95,coolbet,20,5.1,5.0
2026-10-06T15:50:35+00:00,soccer_italy_serie_a,0f2e7ff90b994f31d5cd48a9680943e1,2026-10-12T16:30:00Z,Atalanta BC,Venezia,Draw,pinnacle,4.07,0.23594,4.35,unibet_se,20,4.2,3.8
2026-10-06T15:50:35+00:00,soccer_italy_serie_a,f4a28510bb0c835280a2aca709c19d50,2026-10-12T18:45:00Z,Torino,Udinese,H,pinnacle,2.34,0.41124,2.42,onexbet,20,2.25,2.3
2026-10-06T15:50:35+00:00,soccer_italy_serie_a,f4a28510bb0c835280a2aca709c19d50,2026-10-12T18:45:00Z,Torino,Udinese,A,pinnacle,3.33,0.28898,3.35,coolbet,20,3.02,2.9
2026-10-06T15:50:35+00:00,soccer_italy_serie_a,f4a28510bb0c835280a2aca709c19d50,2026-10-12T18:45:00Z,Torino,Udinese,Draw,pinnacle,3.21,0.29978,3.46,onexbet,20,3.17,3.2
2026-10-06T15:50:35+00:00,soccer_italy_serie_a,7d3160040958fe21778fd5ee485666c3,2026-10-16T18:45:00Z,Frosinone,Sassuolo,H,pinnacle,2.42,0.3937,2.53,onexbet,13,2.28,2.4
2026-10-06T15:50:35+00:00,soccer_italy_serie_a,7d3160040958fe21778fd5ee485666c3,2026-10-16T18:45:00Z,Frosinone,Sassuolo,A,pinnacle,2.9,0.32853,2.96,onexbet,13,2.68,2.75
2026-10-06T15:50:35+00:00,soccer_italy_serie_a,7d3160040958fe21778fd5ee485666c3,2026-10-16T18:45:00Z,Frosinone,Sassuolo,Draw,pinnacle,3.43,0.27777,3.6,unibet_se,13,3.45,3.3
2026-10-06T15:50:35+00:00,soccer_italy_serie_a,907639dade64cca45d1ab639195d201e,2026-10-17T13:00:00Z,Venezia,Napoli,A,pinnacle,1.7,0.55695,1.79,unibet_se,13,1.63,1.7
2026-10-06T15:50:35+00:00,soccer_italy_serie_a,907639dade64cca45d1ab639195d201e,2026-10-17T13:00:00Z,Venezia,Napoli,H,pinnacle,4.44,0.21325,4.74,onexbet,13,4.45,4.33
2026-10-06T15:50:35+00:00,soccer_italy_serie_a,907639dade64cca45d1ab639195d201e,2026-10-17T13:00:00Z,Venezia,Napoli,Draw,pinnacle,4.12,0.22981,4.22,onexbet,13,3.83,3.8
2026-10-06T15:50:35+00:00,soccer_italy_serie_a,bfefc309177723410230fee52f650315,2026-10-17T16:00:00Z,Bologna,Inter Milan,H,pinnacle,5.45,0.17367,5.55,onexbet,13,4.8,4.8
2026-10-06T15:50:35+00:00,soccer_italy_serie_a,bfefc309177723410230fee52f650315,2026-10-17T16:00:00Z,Bologna,Inter Milan,A,pinnacle,1.62,0.58426,1.69,onexbet,13,1.57,1.65
2026-10-06T15:50:35+00:00,soccer_italy_serie_a,bfefc309177723410230fee52f650315,2026-10-17T16:00:00Z,Bologna,Inter Milan,Draw,pinnacle,3.91,0.24207,4.12,onexbet,13,3.9,3.75
2026-10-06T15:50:35+00:00,soccer_italy_serie_a,18d478f469da3bcc654dd4555b85c7e3,2026-10-17T18:45:00Z,AS Roma,Genoa,H,pinnacle,1.33,0.71222,1.36,onexbet,13,1.29,1.29
2026-10-06T15:50:35+00:00,soccer_italy_serie_a,18d478f469da3bcc654dd4555b85c7e3,2026-10-17T18:45:00Z,AS Roma,Genoa,A,pinnacle,8.48,0.11171,10.5,unibet_se,13,8.0,9.5
2026-10-06T15:50:35+00:00,soccer_italy_serie_a,18d478f469da3bcc654dd4555b85c7e3,2026-10-17T18:45:00Z,AS Roma,Genoa,Draw,pinnacle,5.38,0.17607,5.53,onexbet,13,5.0,5.0
2026-10-06T15:50:35+00:00,soccer_italy_serie_a,367da93aa21a1e13eeafb94fd2263c75,2026-10-18T10:30:00Z,Udinese,Lecce,A,pinnacle,4.2,0.22603,4.4,unibet_se,13,4.05,3.9
2026-10-06T15:50:35+00:00,soccer_italy_serie_a,367da93aa21a1e13eeafb94fd2263c75,2026-10-18T10:30:00Z,Udinese,Lecce,H,pinnacle,1.85,0.51316,1.95,onexbet,13,1.78,1.85
2026-10-06T15:50:35+00:00,soccer_italy_serie_a,367da93aa21a1e13eeafb94fd2263c75,2026-10-18T10:30:00Z,Udinese,Lecce,Draw,pinnacle,3.64,0.26081,3.71,onexbet,13,3.42,3.4
2026-10-06T15:50:35+00:00,soccer_italy_serie_a,3ea32a0aa44a5f0ef7fd088155430087,2026-10-18T13:00:00Z,Fiorentina,Como,A,pinnacle,2.07,0.45966,2.13,onexbet,13,2.0,2.05
2026-10-06T15:50:35+00:00,soccer_italy_serie_a,3ea32a0aa44a5f0ef7fd088155430087,2026-10-18T13:00:00Z,Fiorentina,Como,H,pinnacle,3.36,0.28318,3.6,unibet_se,13,3.2,3.3
2026-10-06T15:50:35+00:00,soccer_italy_serie_a,3ea32a0aa44a5f0ef7fd088155430087,2026-10-18T13:00:00Z,Fiorentina,Como,Draw,pinnacle,3.7,0.25716,3.81,onexbet,13,3.5,3.5
2026-10-06T15:50:35+00:00,soccer_italy_serie_a,f9403dd597edbfaa73abdc974e55344c,2026-10-18T16:00:00Z,AC Milan,Atalanta BC,H,pinnacle,1.85,0.51241,1.95,onexbet,13,1.81,1.85
2026-10-06T15:50:35+00:00,soccer_italy_serie_a,f9403dd597edbfaa73abdc974e55344c,2026-10-18T16:00:00Z,AC Milan,Atalanta BC,A,pinnacle,4.16,0.22787,4.25,unibet_se,13,3.8,3.9
2026-10-06T15:50:35+00:00,soccer_italy_serie_a,f9403dd597edbfaa73abdc974e55344c,2026-10-18T16:00:00Z,AC Milan,Atalanta BC,Draw,pinnacle,3.65,0.25971,3.79,onexbet,13,3.5,3.4
2026-10-06T15:50:35+00:00,soccer_italy_serie_a,4c4026e2782f09d6f0ff2bde2a390513,2026-10-18T18:45:00Z,Juventus,Lazio,H,pinnacle,1.64,0.57774,1.68,unibet_se,13,1.59,1.61
2026-10-06T15:50:35+00:00,soccer_italy_serie_a,4c4026e2782f09d6f0ff2bde2a390513,2026-10-18T18:45:00Z,Juventus,Lazio,A,pinnacle,5.34,0.17743,5.66,onexbet,13,4.95,5.0
2026-10-06T15:50:35+00:00,soccer_italy_serie_a,4c4026e2782f09d6f0ff2bde2a390513,2026-10-18T18:45:00Z,Juventus,Lazio,Draw,pinnacle,3.87,0.24483,4.12,onexbet,13,3.7,3.8
2026-10-06T15:50:35+00:00,soccer_italy_serie_a,ce94aca384a20f6af459366da6e1dd21,2026-10-19T16:30:00Z,Monza,Cagliari,A,pinnacle,3.46,0.27528,3.65,unibet_se,13,3.23,3.3
2026-10-06T15:50:35+00:00,soccer_italy_serie_a,ce94aca384a20f6af459366da6e1dd21,2026-10-19T16:30:00Z,Monza,Cagliari,H,pinnacle,2.24,0.42521,2.32,onexbet,13,2.1,2.2
2026-10-06T15:50:35+00:00,soccer_italy_serie_a,ce94aca384a20f6af459366da6e1dd21,2026-10-19T16:30:00Z,Monza,Cagliari,Draw,pinnacle,3.18,0.29952,3.3,tipico_de,13,3.15,3.0
2026-10-06T15:50:35+00:00,soccer_italy_serie_a,07014d9adc65ca39710bd9f0c7c0d3f0,2026-10-19T18:45:00Z,Parma,Torino,H,pinnacle,3.2,0.29774,3.25,onexbet,13,2.93,3.0
2026-10-06T15:50:35+00:00,soccer_italy_serie_a,07014d9adc65ca39710bd9f0c7c0d3f0,2026-10-19T18:45:00Z,Parma,Torino,A,pinnacle,2.47,0.38573,2.52,onexbet,13,2.32,2.4
2026-10-06T15:50:35+00:00,soccer_italy_serie_a,07014d9adc65ca39710bd9f0c7c0d3f0,2026-10-19T18:45:00Z,Parma,Torino,Draw,pinnacle,3.01,0.31653,3.25,unibet_se,13,3.05,3.0
2026-10-06T15:50:35+00:00,soccer_germany_bundesliga,3fb63658405d468954f57745cd115118,2026-10-09T18:30:00Z,Borussia Dortmund,Werder Bremen,H,pinnacle,1.4,0.68844,1.41,onexbet,20,1.33,1.36
2026-10-06T15:50:35+00:00,soccer_germany_bundesliga,3fb63658405d468954f57745cd115118,2026-10-09T18:30:00Z,Borussia Dortmund,Werder Bremen,A,pinnacle,7.07,0.13632,8.2,matchbook,20,6.75,6.5
2026-10-06T15:50:35+00:00,soccer_germany_bundesliga,3fb63658405d468954f57745cd115118,2026-10-09T18:30:00Z,Borussia Dortmund,Werder Bremen,Draw,pinnacle,5.5,0.17524,5.8,unibet_se,20,5.4,5.0
2026-10-06T15:50:35+00:00,soccer_germany_bundesliga,3b71160ad20dba786c4f92e33c987d80,2026-10-10T13:30:00Z,Augsburg,Bayern Munich,H,pinnacle,9.59,0.10023,13.0,coolbet,20,9.75,9.5
2026-10-06T15:50:35+00:00,soccer_germany_bundesliga,3b71160ad20dba786c4f92e33c987d80,2026-10-10T13:30:00Z,Augsburg,Bayern Munich,A,pinnacle,1.21,0.79438,1.23,unibet_se,20,1.16,1.2
2026-10-06T15:50:35+00:00,soccer_germany_bundesliga,3b71160ad20dba786c4f92e33c987d80,2026-10-10T13:30:00Z,Augsburg,Bayern Munich,Draw,pinnacle,9.12,0.10539,9.4,matchbook,20,7.75,7.5
2026-10-06T15:50:35+00:00,soccer_germany_bundesliga,418f8c26d46eaabd829f2e265673b855,2026-10-10T13:30:00Z,FSV Mainz 05,Bayer Leverkusen,A,pinnacle,2.22,0.43547,2.31,onexbet,20,2.1,2.25
2026-10-06T15:50:35+00:00,soccer_germany_bundesliga,418f8c26d46eaabd829f2e265673b855,2026-10-10T13:30:00Z,FSV Mainz 05,Bayer Leverkusen,H,pinnacle,3.0,0.32224,3.1,tipico_de,20,2.87,2.8
2026-10-06T15:50:35+00:00,soccer_germany_bundesliga,418f8c26d46eaabd829f2e265673b855,2026-10-10T13:30:00Z,FSV Mainz 05,Bayer Leverkusen,Draw,pinnacle,3.99,0.24229,4.2,coolbet,20,3.78,3.6
2026-10-06T15:50:35+00:00,soccer_germany_bundesliga,2fd48be0a24ed906187067d4170bf010,2026-10-10T13:30:00Z,Union Berlin,Elversberg,A,pinnacle,2.87,0.33739,3.07,onexbet,20,2.77,2.8
2026-10-06T15:50:35+00:00,soccer_germany_bundesliga,2fd48be0a24ed906187067d4170bf010,2026-10-10T13:30:00Z,Union Berlin,Elversberg,H,pinnacle,2.33,0.41559,2.4,tipico_de,20,2.18,2.2
2026-10-06T15:50:35+00:00,soccer_germany_bundesliga,2fd48be0a24ed906187067d4170bf010,2026-10-10T13:30:00Z,Union Berlin,Elversberg,Draw,pinnacle,3.92,0.24702,4.0,coolbet,20,3.68,3.6
2026-10-06T15:50:35+00:00,soccer_germany_bundesliga,f03c08c0ae5fd66c2d2df2053115bb94,2026-10-10T13:30:00Z,TSG Hoffenheim,Hamburger SV,A,pinnacle,7.12,0.13523,7.1,betonlineag,20,6.25,6.0
2026-10-06T15:50:35+00:00,soccer_germany_bundesliga,f03c08c0ae5fd66c2d2df2053115bb94,2026-10-10T13:30:00Z,TSG Hoffenheim,Hamburger SV,H,pinnacle,1.44,0.66866,1.49,onexbet,20,1.36,1.4
2026-10-06T15:50:35+00:00,soccer_germany_bundesliga,f03c08c0ae5fd66c2d2df2053115bb94,2026-10-10T13:30:00Z,TSG Hoffenheim,Hamburger SV,Draw,pinnacle,4.91,0.1961,5.4,unibet_se,20,5.1,4.75
2026-10-06T15:50:35+00:00,soccer_germany_bundesliga,9aade3e736c3d113dab19e641c43e272,2026-10-10T13:30:00Z,SC Paderborn,VfB Stuttgart,H,pinnacle,5.03,0.19131,5.2,tipico_de,20,4.75,4.6
2026-10-06T15:50:35+00:00,soccer_germany_bundesliga,9aade3e736c3d113dab19e641c43e272,2026-10-10T13:30:00Z,SC Paderborn,VfB Stuttgart,A,pinnacle,1.58,0.60904,1.64,onexbet,20,1.52,1.57
2026-10-06T15:50:35+00:00,soccer_germany_bundesliga,9aade3e736c3d113dab19e641c43e272,2026-10-10T13:30:00Z,SC Paderborn,VfB Stuttgart,Draw,pinnacle,4.82,0.19965,4.83,onexbet,20,4.5,4.33
2026-10-06T15:50:35+00:00,soccer_germany_bundesliga,01cb7a67c8ae71201ec27297455fc0e8,2026-10-10T16:30:00Z,RB Leipzig,Eintracht Frankfurt,A,pinnacle,4.98,0.1938,5.5,coolbet,20,4.85,4.8
2026-10-06T15:50:35+00:00,soccer_germany_bundesliga,01cb7a67c8ae71201ec27297455fc0e8,2026-10-10T16:30:00Z,RB Leipzig,Eintracht Frankfurt,H,pinnacle,1.58,0.61083,1.6,matchbook,20,1.48,1.5
2026-10-06T15:50:35+00:00,soccer_germany_bundesliga,01cb7a67c8ae71201ec27297455fc0e8,2026-10-10T16:30:00Z,RB Leipzig,Eintracht Frankfurt,Draw,pinnacle,4.94,0.19537,5.25,coolbet,20,4.75,4.6
2026-10-06T15:50:35+00:00,soccer_germany_bundesliga,a8801462cb97a43570956e4b3ef4aedf,2026-10-11T13:30:00Z,1. FC Köln,Borussia Monchengladbach,H,pinnacle,2.04,0.47394,2.06,matchbook,20,1.94,1.91
2026-10-06T15:50:35+00:00,soccer_germany_bundesliga,a8801462cb97a43570956e4b3ef4aedf,2026-10-11T13:30:00Z,1. FC Köln,Borussia Monchengladbach,A,pinnacle,3.28,0.29477,3.57,onexbet,20,3.18,3.3
2026-10-06T15:50:35+00:00,soccer_germany_bundesliga,a8801462cb97a43570956e4b3ef4aedf,2026-10-11T13:30:00Z,1. FC Köln,Borussia Monchengladbach,Draw,pinnacle,4.18,0.2313,4.25,unibet_se,20,3.83,3.8
2026-10-06T15:50:35+00:00,soccer_germany_bundesliga,eaf509fb37413b7d055cd394667792b3,2026-10-11T15:30:00Z,SC Freiburg,FC Schalke 04,A,pinnacle,5.23,0.18403,5.44,onexbet,20,4.75,4.8
2026-10-06T15:50:35+00:00,soccer_germany_bundesliga,eaf509fb37413b7d055cd394667792b3,2026-10-11T15:30:00Z,SC Freiburg,FC Schalke 04,H,pinnacle,1.68,0.57291,1.71,onexbet,20,1.59,1.65
2026-10-06T15:50:35+00:00,soccer_germany_bundesliga,eaf509fb37413b7d055cd394667792b3,2026-10-11T15:30:00Z,SC Freiburg,FC Schalke 04,Draw,pinnacle,3.96,0.24305,4.35,unibet_se,20,4.05,3.7
2026-10-06T15:50:35+00:00,soccer_germany_bundesliga,947bd5d924835af090d9cdc7bbdf10f6,2026-10-16T18:30:00Z,Eintracht Frankfurt,1. FC Köln,A,pinnacle,3.56,0.26686,3.6,tipico_de,11,3.28,3.3
2026-10-06T15:50:35+00:00,soccer_germany_bundesliga,947bd5d924835af090d9cdc7bbdf10f6,2026-10-16T18:30:00Z,Eintracht Frankfurt,1. FC Köln,H,pinnacle,1.88,0.50532,2.0,onexbet,11,1.85,1.91
2026-10-06T15:50:35+00:00,soccer_germany_bundesliga,947bd5d924835af090d9cdc7bbdf10f6,2026-10-16T18:30:00Z,Eintracht Frankfurt,1. FC Köln,Draw,pinnacle,4.17,0.22782,4.3,onexbet,11,3.9,3.9
2026-10-06T15:50:35+00:00,soccer_germany_bundesliga,0bf757f3bd903496ce2fa27bd0481869,2026-10-17T13:30:00Z,Elversberg,Augsburg,A,pinnacle,2.63,0.36216,2.71,onexbet,11,2.5,2.6
2026-10-06T15:50:35+00:00,soccer_germany_bundesliga,0bf757f3bd903496ce2fa27bd0481869,2026-10-17T13:30:00Z,Elversberg,Augsburg,H,pinnacle,2.46,0.38719,2.55,onexbet,11,2.33,2.4
2026-10-06T15:50:35+00:00,soccer_germany_bundesliga,0bf757f3bd903496ce2fa27bd0481869,2026-10-17T13:30:00Z,Elversberg,Augsburg,Draw,pinnacle,3.8,0.25065,3.92,onexbet,11,3.68,3.6
2026-10-06T15:50:35+00:00,soccer_germany_bundesliga,d8eac776adb07b0e7f01d8736d097291,2026-10-17T13:30:00Z,Union Berlin,Borussia Dortmund,A,pinnacle,1.65,0.57336,1.73,onexbet,11,1.6,1.67
2026-10-06T15:50:35+00:00,soccer_germany_bundesliga,d8eac776adb07b0e7f01d8736d097291,2026-10-17T13:30:00Z,Union Berlin,Borussia Dortmund,H,pinnacle,4.59,0.20611,4.8,tipico_de,11,4.35,4.33
2026-10-06T15:50:35+00:00,soccer_germany_bundesliga,d8eac776adb07b0e7f01d8736d097291,2026-10-17T13:30:00Z,Union Berlin,Borussia Dortmund,Draw,pinnacle,4.29,0.22052,4.45,onexbet,11,4.1,4.0
2026-10-06T15:50:35+00:00,soccer_germany_bundesliga,606d65d57a9a6d8f9b53faee1ad10009,2026-10-17T13:30:00Z,FC Schalke 04,FSV Mainz 05,H,pinnacle,2.85,0.33411,2.98,onexbet,11,2.75,2.8
2026-10-06T15:50:35+00:00,soccer_germany_bundesliga,606d65d57a9a6d8f9b53faee1ad10009,2026-10-17T13:30:00Z,FC Schalke 04,FSV Mainz 05,A,pinnacle,2.39,0.39842,2.44,onexbet,11,2.22,2.3
2026-10-06T15:50:35+00:00,soccer_germany_bundesliga,606d65d57a9a6d8f9b53faee1ad10009,2026-10-17T13:30:00Z,FC Schalke 04,FSV Mainz 05,Draw,pinnacle,3.56,0.26748,3.7,tipico_de,11,3.5,3.4
2026-10-06T15:50:35+00:00,soccer_germany_bundesliga,221916b8b36706ec52aa655a64e5f1d2,2026-10-17T13:30:00Z,Hamburger SV,VfB Stuttgart,H,pinnacle,4.04,0.2355,4.08,onexbet,11,3.53,3.4
2026-10-06T15:50:35+00:00,soccer_germany_bundesliga,221916b8b36706ec52aa655a64e5f1d2,2026-10-17T13:30:00Z,Hamburger SV,VfB Stuttgart,A,pinnacle,1.83,0.51991,1.9,onexbet,11,1.78,1.83
2026-10-06T15:50:35+00:00,soccer_germany_bundesliga,221916b8b36706ec52aa655a64e5f1d2,2026-10-17T13:30:00Z,Hamburger SV,VfB Stuttgart,Draw,pinnacle,3.89,0.24459,4.1,tipico_de,11,3.93,4.0
2026-10-06T15:50:35+00:00,soccer_germany_bundesliga,9a422e1aad1053828eaf629a58d901de,2026-10-17T13:30:00Z,Werder Bremen,SC Paderborn,A,pinnacle,4.02,0.23612,4.21,onexbet,11,3.75,3.75
2026-10-06T15:50:35+00:00,soccer_germany_bundesliga,9a422e1aad1053828eaf629a58d901de,2026-10-17T13:30:00Z,Werder Bremen,SC Paderborn,H,pinnacle,1.77,0.53626,1.84,onexbet,11,1.75,1.8
2026-10-06T15:50:35+00:00,soccer_germany_bundesliga,9a422e1aad1053828eaf629a58d901de,2026-10-17T13:30:00Z,Werder Bremen,SC Paderborn,Draw,pinnacle,4.17,0.22762,4.26,onexbet,11,3.8,3.8
2026-10-06T15:50:35+00:00,soccer_germany_bundesliga,9a64448205fdc4b95f45641bb946706c,2026-10-17T16:30:00Z,Bayern Munich,RB Leipzig,H,betfair_ex_eu,1.25,0.77551,1.27,onexbet,11,1.2,1.25
2026-10-06T15:50:35+00:00,soccer_germany_bundesliga,9a64448205fdc4b95f45641bb946706c,2026-10-17T16:30:00Z,Bayern Munich,RB Leipzig,A,betfair_ex_eu,10.0,0.09694,11.2,onexbet,11,8.25,9.5
2026-10-06T15:50:35+00:00,soccer_germany_bundesliga,9a64448205fdc4b95f45641bb946706c,2026-10-17T16:30:00Z,Bayern Munich,RB Leipzig,Draw,betfair_ex_eu,7.6,0.12755,8.0,tipico_de,11,6.75,6.0
2026-10-06T15:50:35+00:00,soccer_germany_bundesliga,096d800bcc95c547ef592cbef624d080,2026-10-18T13:30:00Z,Bayer Leverkusen,SC Freiburg,H,pinnacle,1.65,0.57392,1.7,onexbet,11,1.61,1.61
2026-10-06T15:50:35+00:00,soccer_germany_bundesliga,096d800bcc95c547ef592cbef624d080,2026-10-18T13:30:00Z,Bayer Leverkusen,SC Freiburg,A,pinnacle,4.46,0.21232,4.9,nordicbet,11,4.3,4.4
2026-10-06T15:50:35+00:00,soccer_germany_bundesliga,096d800bcc95c547ef592cbef624d080,2026-10-18T13:30:00Z,Bayer Leverkusen,SC Freiburg,Draw,pinnacle,4.43,0.21376,4.51,onexbet,11,4.1,4.2
2026-10-06T15:50:35+00:00,soccer_germany_bundesliga,fd9b8c185737a15615aa0c9daaa3dfbf,2026-10-18T15:30:00Z,Borussia Monchengladbach,TSG Hoffenheim,H,pinnacle,3.25,0.29225,3.58,onexbet,11,3.2,3.3
2026-10-06T15:50:35+00:00,soccer_germany_bundesliga,fd9b8c185737a15615aa0c9daaa3dfbf,2026-10-18T15:30:00Z,Borussia Monchengladbach,TSG Hoffenheim,A,pinnacle,1.97,0.48214,1.99,onexbet,11,1.89,1.91
2026-10-06T15:50:35+00:00,soccer_germany_bundesliga,fd9b8c185737a15615aa0c9daaa3dfbf,2026-10-18T15:30:00Z,Borussia Monchengladbach,TSG Hoffenheim,Draw,pinnacle,4.21,0.22561,4.26,onexbet,11,3.88,3.9
2026-10-06T15:50:35+00:00,soccer_france_ligue_one,17694e68f399fdf9c5030021ec9bb595,2026-10-09T18:45:00Z,RC Lens,Lyon,A,pinnacle,2.73,0.35438,2.92,onexbet,19,2.65,2.75
2026-10-06T15:50:35+00:00,soccer_france_ligue_one,17694e68f399fdf9c5030021ec9bb595,2026-10-09T18:45:00Z,RC Lens,Lyon,H,pinnacle,2.47,0.39169,2.5,unibet_se,19,2.3,2.3
2026-10-06T15:50:35+00:00,soccer_france_ligue_one,17694e68f399fdf9c5030021ec9bb595,2026-10-09T18:45:00Z,RC Lens,Lyon,Draw,pinnacle,3.81,0.25393,3.86,betonlineag,19,3.58,3.5
2026-10-06T15:50:35+00:00,soccer_france_ligue_one,2c173b3bd3a1491f17fcad1012019c4f,2026-10-10T15:15:00Z,Lille,Le Havre,A,pinnacle,6.8,0.14146,7.8,nordicbet,19,6.5,6.5
2026-10-06T15:50:35+00:00,soccer_france_ligue_one,2c173b3bd3a1491f17fcad1012019c4f,2026-10-10T15:15:00Z,Lille,Le Havre,H,pinnacle,1.45,0.66341,1.48,onexbet,19,1.39,1.4
2026-10-06T15:50:35+00:00,soccer_france_ligue_one,2c173b3bd3a1491f17fcad1012019c4f,2026-10-10T15:15:00Z,Lille,Le Havre,Draw,pinnacle,4.93,0.19512,5.1,unibet_se,19,4.65,4.4
2026-10-06T15:50:35+00:00,soccer_france_ligue_one,c2c64ebfc5810226f807c1920d580392,2026-10-10T18:45:00Z,AS Monaco,Toulouse,H,pinnacle,1.59,0.60535,1.65,onexbet,19,1.56,1.6
2026-10-06T15:50:35+00:00,soccer_france_ligue_one,c2c64ebfc5810226f807c1920d580392,2026-10-10T18:45:00Z,AS Monaco,Toulouse,A,pinnacle,5.27,0.18264,5.44,onexbet,19,4.85,4.75
2026-10-06T15:50:35+00:00,soccer_france_ligue_one,c2c64ebfc5810226f807c1920d580392,2026-10-10T18:45:00Z,AS Monaco,Toulouse,Draw,pinnacle,4.54,0.21201,4.5,winamax_de,19,4.15,4.0
2026-10-06T15:50:35+00:00,soccer_france_ligue_one,007dc2ff845c33e3e18f2bd2bc126304,2026-10-10T18:45:00Z,Brest,Angers,A,pinnacle,3.71,0.26039,3.8,unibet_se,19,3.53,3.5
2026-10-06T15:50:35+00:00,soccer_france_ligue_one,007dc2ff845c33e3e18f2bd2bc126304,2026-10-10T18:45:00Z,Brest,Angers,H,pinnacle,2.01,0.48062,2.04,onexbet,19,1.91,1.95
2026-10-06T15:50:35+00:00,soccer_france_ligue_one,007dc2ff845c33e3e18f2bd2bc126304,2026-10-10T18:45:00Z,Brest,Angers,Draw,pinnacle,3.73,0.25899,3.85,unibet_se,19,3.55,3.5
2026-10-06T15:50:35+00:00,soccer_france_ligue_one,2849460eb4d15adbb20ec15927a0fd4a,2026-10-10T18:45:00Z,Paris Saint Germain,Le Mans FC,A,pinnacle,23.79,0.04045,34.0,onexbet,19,23.0,26.0
2026-10-06T15:50:35+00:00,soccer_france_ligue_one,2849460eb4d15adbb20ec15927a0fd4a,2026-10-10T18:45:00Z,Paris Saint Germain,Le Mans FC,H,pinnacle,1.08,0.8911,1.09,unibet_se,19,1.05,1.06
2026-10-06T15:50:35+00:00,soccer_france_ligue_one,2849460eb4d15adbb20ec15927a0fd4a,2026-10-10T18:45:00Z,Paris Saint Germain,Le Mans FC,Draw,pinnacle,14.06,0.06845,16.5,onexbet,19,10.5,13.0
2026-10-06T15:50:35+00:00,soccer_france_ligue_one,3aa72885e0aa107c62843749f7930a9a,2026-10-10T18:45:00Z,Lorient,Paris FC,H,pinnacle,3.33,0.29031,3.34,onexbet,18,3.07,3.0
2026-10-06T15:50:35+00:00,soccer_france_ligue_one,3aa72885e0aa107c62843749f7930a9a,2026-10-10T18:45:00Z,Lorient,Paris FC,A,pinnacle,2.31,0.4185,2.38,unibet_se,18,2.18,2.3
2026-10-06T15:50:35+00:00,soccer_france_ligue_one,3aa72885e0aa107c62843749f7930a9a,2026-10-10T18:45:00Z,Lorient,Paris FC,Draw,pinnacle,3.32,0.29119,3.45,unibet_se,18,3.28,3.2
2026-10-06T15:50:35+00:00,soccer_france_ligue_one,5d3606630a2d3a218a6340d082c1bdc6,2026-10-11T13:00:00Z,Nice,Strasbourg,H,pinnacle,2.35,0.41155,2.45,unibet_se,18,2.2,2.25
2026-10-06T15:50:35+00:00,soccer_france_ligue_one,5d3606630a2d3a218a6340d082c1bdc6,2026-10-11T13:00:00Z,Nice,Strasbourg,A,pinnacle,2.97,0.32564,3.07,onexbet,18,2.88,2.9
2026-10-06T15:50:35+00:00,soccer_france_ligue_one,5d3606630a2d3a218a6340d082c1bdc6,2026-10-11T13:00:00Z,Nice,Strasbourg,Draw,pinnacle,3.68,0.26281,3.75,onexbet,18,3.48,3.4
2026-10-06T15:50:35+00:00,soccer_france_ligue_one,34f584ab922e220dc4f3b81217959d6d,2026-10-11T15:15:00Z,Rennes,Auxerre,A,pinnacle,6.49,0.14858,7.5,unibet_se,19,6.0,6.0
2026-10-06T15:50:35+00:00,soccer_france_ligue_one,34f584ab922e220dc4f3b81217959d6d,2026-10-11T15:15:00Z,Rennes,Auxerre,H,pinnacle,1.46,0.66047,1.48,onexbet,19,1.4,1.4
2026-10-06T15:50:35+00:00,soccer_france_ligue_one,34f584ab922e220dc4f3b81217959d6d,2026-10-11T15:15:00Z,Rennes,Auxerre,Draw,pinnacle,5.05,0.19095,5.18,betonlineag,19,4.8,4.6
2026-10-06T15:50:35+00:00,soccer_france_ligue_one,cb7067ac191abf32ad49dad45e46f639,2026-10-11T18:45:00Z,Troyes,Marseille,A,pinnacle,1.9,0.50869,1.93,unibet_se,19,1.8,1.85
2026-10-06T15:50:35+00:00,soccer_france_ligue_one,cb7067ac191abf32ad49dad45e46f639,2026-10-11T18:45:00Z,Troyes,Marseille,H,pinnacle,3.89,0.24846,4.03,onexbet,19,3.68,3.6
2026-10-06T15:50:35+00:00,soccer_france_ligue_one,cb7067ac191abf32ad49dad45e46f639,2026-10-11T18:45:00Z,Troyes,Marseille,Draw,pinnacle,3.98,0.24284,4.2,coolbet,19,3.78,3.6
2026-10-06T15:50:35+00:00,soccer_france_ligue_one,66c168c030f3faad3983fcadc3060009,2026-10-16T18:45:00Z,Le Mans FC,Toulouse,H,pinnacle,3.12,0.30531,3.3,unibet_se,14,2.9,3.0
2026-10-06T15:50:35+00:00,soccer_france_ligue_one,66c168c030f3faad3983fcadc3060009,2026-10-16T18:45:00Z,Le Mans FC,Toulouse,A,pinnacle,2.28,0.41779,2.34,onexbet,14,2.18,2.2
2026-10-06T15:50:35+00:00,soccer_france_ligue_one,66c168c030f3faad3983fcadc3060009,2026-10-16T18:45:00Z,Le Mans FC,Toulouse,Draw,pinnacle,3.44,0.27691,3.57,onexbet,14,3.37,3.3
2026-10-06T15:50:35+00:00,soccer_france_ligue_one,f3034246520a2ee4ff0ac0d5074966f8,2026-10-17T15:15:00Z,Strasbourg,Paris Saint Germain,A,pinnacle,1.4,0.67671,1.46,onexbet,14,1.36,1.4
2026-10-06T15:50:35+00:00,soccer_france_ligue_one,f3034246520a2ee4ff0ac0d5074966f8,2026-10-17T15:15:00Z,Strasbourg,Paris Saint Germain,H,pinnacle,6.38,0.14849,7.3,nordicbet,14,5.6,6.0
2026-10-06T15:50:35+00:00,soccer_france_ligue_one,f3034246520a2ee4ff0ac0d5074966f8,2026-10-17T15:15:00Z,Strasbourg,Paris Saint Germain,Draw,pinnacle,5.42,0.1748,5.7,tipico_de,14,5.4,4.8
2026-10-06T15:50:35+00:00,soccer_france_ligue_one,ad25a350c89b64715e15c59cde5653d3,2026-10-17T18:45:00Z,Lille,Brest,A,pinnacle,5.42,0.17489,5.4,unibet_se,14,4.9,4.8
2026-10-06T15:50:35+00:00,soccer_france_ligue_one,ad25a350c89b64715e15c59cde5653d3,2026-10-17T18:45:00Z,Lille,Brest,H,pinnacle,1.58,0.59995,1.66,onexbet,14,1.53,1.61
2026-10-06T15:50:35+00:00,soccer_france_ligue_one,ad25a350c89b64715e15c59cde5653d3,2026-10-17T18:45:00Z,Lille,Brest,Draw,pinnacle,4.21,0.22516,4.37,onexbet,14,4.1,3.9
2026-10-06T15:50:35+00:00,soccer_france_ligue_one,b077aa049133c0358bcd643bfee48da3,2026-10-17T18:45:00Z,Troyes,RC Lens,A,pinnacle,1.81,0.52431,1.87,onexbet,14,1.76,1.8
2026-10-06T15:50:35+00:00,soccer_france_ligue_one,b077aa049133c0358bcd643bfee48da3,2026-10-17T18:45:00Z,Troyes,RC Lens,H,pinnacle,4.0,0.23725,4.3,onexbet,14,3.75,3.9
2026-10-06T15:50:35+00:00,soccer_france_ligue_one,b077aa049133c0358bcd643bfee48da3,2026-10-17T18:45:00Z,Troyes,RC Lens,Draw,pinnacle,3.98,0.23844,4.1,unibet_se,14,3.78,3.7
2026-10-06T15:50:35+00:00,soccer_france_ligue_one,c7a60aa94470fe959fbf6b0c68060fc1,2026-10-18T13:00:00Z,Angers,Marseille,H,pinnacle,3.21,0.29652,3.3,tipico_de,14,3.0,3.0
2026-10-06T15:50:35+00:00,soccer_france_ligue_one,c7a60aa94470fe959fbf6b0c68060fc1,2026-10-18T13:00:00Z,Angers,Marseille,A,pinnacle,2.12,0.44898,2.28,onexbet,14,2.07,2.15
2026-10-06T15:50:35+00:00,soccer_france_ligue_one,c7a60aa94470fe959fbf6b0c68060fc1,2026-10-18T13:00:00Z,Angers,Marseille,Draw,pinnacle,3.74,0.2545,3.85,unibet_se,14,3.53,3.4
2026-10-06T15:50:35+00:00,soccer_france_ligue_one,53f5fe7ed0ba0fbf6345c73270e4cd00,2026-10-18T15:15:00Z,Lorient,AS Monaco,A,pinnacle,2.15,0.44264,2.17,onexbet,14,2.0,2.05
2026-10-06T15:50:35+00:00,soccer_france_ligue_one,53f5fe7ed0ba0fbf6345c73270e4cd00,2026-10-18T15:15:00Z,Lorient,AS Monaco,H,pinnacle,3.4,0.2799,3.75,unibet_se,14,3.25,3.4
2026-10-06T15:50:35+00:00,soccer_france_ligue_one,53f5fe7ed0ba0fbf6345c73270e4cd00,2026-10-18T15:15:00Z,Lorient,AS Monaco,Draw,pinnacle,3.43,0.27746,3.58,onexbet,14,3.42,3.3
2026-10-06T15:50:35+00:00,soccer_france_ligue_one,d637845b9760bb02b55bbbaa32b5c21e,2026-10-18T15:15:00Z,Le Havre,Auxerre,A,pinnacle,2.9,0.32826,3.0,unibet_se,14,2.77,2.8
2026-10-06T15:50:35+00:00,soccer_france_ligue_one,d637845b9760bb02b55bbbaa32b5c21e,2026-10-18T15:15:00Z,Le Havre,Auxerre,H,pinnacle,2.43,0.39175,2.52,onexbet,14,2.28,2.4
2026-10-06T15:50:35+00:00,soccer_france_ligue_one,d637845b9760bb02b55bbbaa32b5c21e,2026-10-18T15:15:00Z,Le Havre,Auxerre,Draw,pinnacle,3.4,0.27999,3.51,onexbet,14,3.32,3.25
2026-10-06T15:50:35+00:00,soccer_france_ligue_one,27f7222d2abde93fc6e8d17b5b05b272,2026-10-18T15:15:00Z,Paris FC,Rennes,H,pinnacle,2.33,0.409,2.37,onexbet,14,2.13,2.25
2026-10-06T15:50:35+00:00,soccer_france_ligue_one,27f7222d2abde93fc6e8d17b5b05b272,2026-10-18T15:15:00Z,Paris FC,Rennes,A,pinnacle,3.23,0.29504,3.29,onexbet,14,2.95,2.88
2026-10-06T15:50:35+00:00,soccer_france_ligue_one,27f7222d2abde93fc6e8d17b5b05b272,2026-10-18T15:15:00Z,Paris FC,Rennes,Draw,pinnacle,3.22,0.29596,3.6,unibet_se,14,3.43,3.5
2026-10-06T15:50:35+00:00,soccer_france_ligue_one,471f891b1f6516a864ad94c8eb649f5e,2026-10-18T18:45:00Z,Lyon,Nice,H,pinnacle,1.65,0.57582,1.71,onexbet,14,1.6,1.65
2026-10-06T15:50:35+00:00,soccer_france_ligue_one,471f891b1f6516a864ad94c8eb649f5e,2026-10-18T18:45:00Z,Lyon,Nice,A,pinnacle,4.88,0.19469,5.24,onexbet,14,4.55,4.8
2026-10-06T15:50:35+00:00,soccer_france_ligue_one,471f891b1f6516a864ad94c8eb649f5e,2026-10-18T18:45:00Z,Lyon,Nice,Draw,pinnacle,4.14,0.22949,4.2,tipico_de,14,3.9,3.8
2026-10-06T20:54:14+00:00,soccer_portugal_primeira_liga,0956c06cd173899e11422bece0fbf94f,2026-10-09T17:45:00Z,Moreirense FC,Gil Vicente,A,pinnacle,2.25,0.42306,2.32,matchbook,15,2.08,2.15
2026-10-06T20:54:14+00:00,soccer_portugal_primeira_liga,0956c06cd173899e11422bece0fbf94f,2026-10-09T17:45:00Z,Moreirense FC,Gil Vicente,H,pinnacle,3.54,0.26889,3.5,matchbook,15,3.23,3.3
2026-10-06T20:54:14+00:00,soccer_portugal_primeira_liga,0956c06cd173899e11422bece0fbf94f,2026-10-09T17:45:00Z,Moreirense FC,Gil Vicente,Draw,pinnacle,3.09,0.30805,3.2,gtbets,15,3.02,3.1
2026-10-06T20:54:14+00:00,soccer_portugal_primeira_liga,b4d52d1abd5efcd669a093139239c7b0,2026-10-09T19:15:00Z,Braga,Sporting Lisbon,H,pinnacle,3.55,0.26797,3.7,nordicbet,14,3.45,3.5
2026-10-06T20:54:14+00:00,soccer_portugal_primeira_liga,b4d52d1abd5efcd669a093139239c7b0,2026-10-09T19:15:00Z,Braga,Sporting Lisbon,A,pinnacle,2.04,0.46631,2.14,matchbook,14,1.9,2.0
2026-10-06T20:54:14+00:00,soccer_portugal_primeira_liga,b4d52d1abd5efcd669a093139239c7b0,2026-10-09T19:15:00Z,Braga,Sporting Lisbon,Draw,pinnacle,3.58,0.26572,3.45,matchbook,14,3.28,3.3
2026-10-06T20:54:14+00:00,soccer_portugal_primeira_liga,710dd3ffd365c610f1969a86cd70e074,2026-10-10T14:30:00Z,Casa Pia,Santa Clara,H,pinnacle,4.3,0.22088,4.6,tipico_de,14,4.15,4.0
2026-10-06T20:54:14+00:00,soccer_portugal_primeira_liga,710dd3ffd365c610f1969a86cd70e074,2026-10-10T14:30:00Z,Casa Pia,Santa Clara,A,pinnacle,1.91,0.49728,1.93,unibet_se,14,1.78,1.91
2026-10-06T20:54:14+00:00,soccer_portugal_primeira_liga,710dd3ffd365c610f1969a86cd70e074,2026-10-10T14:30:00Z,Casa Pia,Santa Clara,Draw,pinnacle,3.37,0.28184,3.27,gtbets,14,3.15,3.1
2026-10-06T20:54:14+00:00,soccer_portugal_primeira_liga,d9bfec13c112810701ee7e60f02bffa5,2026-10-10T17:00:00Z,CS Maritimo,FC Porto,H,betfair_ex_eu,10.5,0.09205,10.0,tipico_de,14,8.5,9.0
2026-10-06T20:54:14+00:00,soccer_portugal_primeira_liga,d9bfec13c112810701ee7e60f02bffa5,2026-10-10T17:00:00Z,CS Maritimo,FC Porto,A,betfair_ex_eu,1.32,0.73222,1.36,gtbets,14,1.26,1.3
2026-10-06T20:54:14+00:00,soccer_portugal_primeira_liga,d9bfec13c112810701ee7e60f02bffa5,2026-10-10T17:00:00Z,CS Maritimo,FC Porto,Draw,betfair_ex_eu,5.5,0.17573,5.17,gtbets,14,4.85,5.0
2026-10-06T20:54:14+00:00,soccer_portugal_primeira_liga,2444214363711d31867a9df8c712ec8d,2026-10-10T19:30:00Z,Académico de Viseu,Estoril,H,pinnacle,2.28,0.41798,2.3,unibet_se,14,2.08,2.25
2026-10-06T20:54:14+00:00,soccer_portugal_primeira_liga,2444214363711d31867a9df8c712ec8d,2026-10-10T19:30:00Z,Académico de Viseu,Estoril,A,pinnacle,3.15,0.30254,3.1,tipico_de,14,2.98,2.9
2026-10-06T20:54:14+00:00,soccer_portugal_primeira_liga,2444214363711d31867a9df8c712ec8d,2026-10-10T19:30:00Z,Académico de Viseu,Estoril,Draw,pinnacle,3.41,0.27947,3.43,gtbets,14,3.3,3.3
2026-10-06T20:54:14+00:00,soccer_portugal_primeira_liga,5ecd75456d38ef4c394e502ecdd8937c,2026-10-11T14:30:00Z,Rio Ave FC,Nacional,A,pinnacle,3.19,0.29897,3.22,gtbets,14,3.02,3.1
2026-10-06T20:54:14+00:00,soccer_portugal_primeira_liga,5ecd75456d38ef4c394e502ecdd8937c,2026-10-11T14:30:00Z,Rio Ave FC,Nacional,H,pinnacle,2.34,0.40757,2.3,tipico_de,14,2.12,2.25
2026-10-06T20:54:14+00:00,soccer_portugal_primeira_liga,5ecd75456d38ef4c394e502ecdd8937c,2026-10-11T14:30:00Z,Rio Ave FC,Nacional,Draw,pinnacle,3.25,0.29345,3.28,gtbets,14,3.15,3.2
2026-10-06T20:54:14+00:00,soccer_portugal_primeira_liga,5696ee371ba00ede3dc8a64d24ce79f1,2026-10-11T17:00:00Z,Benfica,Vitória SC,H,betfair_ex_eu,1.26,0.76812,1.27,gtbets,14,1.19,1.22
2026-10-06T20:54:14+00:00,soccer_portugal_primeira_liga,5696ee371ba00ede3dc8a64d24ce79f1,2026-10-11T17:00:00Z,Benfica,Vitória SC,A,betfair_ex_eu,12.0,0.08065,12.5,nordicbet,14,10.0,10.0
2026-10-06T20:54:14+00:00,soccer_portugal_primeira_liga,5696ee371ba00ede3dc8a64d24ce79f1,2026-10-11T17:00:00Z,Benfica,Vitória SC,Draw,betfair_ex_eu,6.4,0.15122,6.5,tipico_de,14,5.75,5.75
2026-10-06T20:54:14+00:00,soccer_portugal_primeira_liga,2aa9808e7e84598f45ccf338a9b8912a,2026-10-11T19:30:00Z,Arouca,CF Estrela,H,pinnacle,2.07,0.45914,2.18,gtbets,14,2.0,2.1
2026-10-06T20:54:14+00:00,soccer_portugal_primeira_liga,2aa9808e7e84598f45ccf338a9b8912a,2026-10-11T19:30:00Z,Arouca,CF Estrela,A,pinnacle,3.47,0.27389,3.5,tipico_de,14,3.2,3.25
2026-10-06T20:54:14+00:00,soccer_portugal_primeira_liga,2aa9808e7e84598f45ccf338a9b8912a,2026-10-11T19:30:00Z,Arouca,CF Estrela,Draw,pinnacle,3.56,0.26697,3.5,tipico_de,14,3.27,3.3
2026-10-06T20:54:14+00:00,soccer_portugal_primeira_liga,789c3dd95a7fcef675ce5a40b07371a2,2026-10-12T19:15:00Z,Famalicão,Alverca,A,pinnacle,4.92,0.1929,4.8,betonlineag,14,4.35,4.0
2026-10-06T20:54:14+00:00,soccer_portugal_primeira_liga,789c3dd95a7fcef675ce5a40b07371a2,2026-10-12T19:15:00Z,Famalicão,Alverca,H,pinnacle,1.83,0.51862,1.89,unibet_se,14,1.72,1.85
2026-10-06T20:54:14+00:00,soccer_portugal_primeira_liga,789c3dd95a7fcef675ce5a40b07371a2,2026-10-12T19:15:00Z,Famalicão,Alverca,Draw,pinnacle,3.29,0.28847,3.46,gtbets,14,3.25,3.4
2026-10-06T20:54:14+00:00,soccer_epl,b870dcfba5e5920d3f1551a3aa1ea435,2026-10-10T11:30:00Z,Arsenal,Leeds United,H,pinnacle,1.4,0.68718,1.44,onexbet,20,1.35,1.4
2026-10-06T20:54:14+00:00,soccer_epl,b870dcfba5e5920d3f1551a3aa1ea435,2026-10-10T11:30:00Z,Arsenal,Leeds United,A,pinnacle,7.89,0.12193,9.0,unibet_se,20,7.25,7.0
2026-10-06T20:54:14+00:00,soccer_epl,b870dcfba5e5920d3f1551a3aa1ea435,2026-10-10T11:30:00Z,Arsenal,Leeds United,Draw,pinnacle,5.04,0.19088,5.3,winamax_de,20,4.7,4.6
2026-10-06T20:54:14+00:00,soccer_epl,02e6c0ccb11bb7ce78989ce49d67110b,2026-10-10T14:00:00Z,Aston Villa,Brentford,H,pinnacle,2.67,0.36242,2.78,onexbet,21,2.62,2.6
2026-10-06T20:54:14+00:00,soccer_epl,02e6c0ccb11bb7ce78989ce49d67110b,2026-10-10T14:00:00Z,Aston Villa,Brentford,A,pinnacle,2.64,0.36653,2.72,matchbook,21,2.38,2.5
2026-10-06T20:54:14+00:00,soccer_epl,02e6c0ccb11bb7ce78989ce49d67110b,2026-10-10T14:00:00Z,Aston Villa,Brentford,Draw,pinnacle,3.57,0.27105,3.65,unibet_se,21,3.45,3.4
2026-10-06T20:54:14+00:00,soccer_epl,45d4a466e32cd2b4ea535207923ceaf5,2026-10-10T14:00:00Z,Chelsea,Bournemouth,A,pinnacle,4.61,0.2094,4.9,matchbook,21,4.3,4.2
2026-10-06T20:54:14+00:00,soccer_epl,45d4a466e32cd2b4ea535207923ceaf5,2026-10-10T14:00:00Z,Chelsea,Bournemouth,H,pinnacle,1.73,0.55799,1.79,onexbet,21,1.64,1.73
2026-10-06T20:54:14+00:00,soccer_epl,45d4a466e32cd2b4ea535207923ceaf5,2026-10-10T14:00:00Z,Chelsea,Bournemouth,Draw,pinnacle,4.15,0.23261,4.4,matchbook,21,4.05,3.9
2026-10-06T20:54:14+00:00,soccer_epl,380b8f24ec5430fb545a7490c1017285,2026-10-10T14:00:00Z,Sunderland,Brighton and Hove Albion,A,pinnacle,2.38,0.40718,2.49,onexbet,21,2.25,2.38
2026-10-06T20:54:14+00:00,soccer_epl,380b8f24ec5430fb545a7490c1017285,2026-10-10T14:00:00Z,Sunderland,Brighton and Hove Albion,H,pinnacle,3.03,0.31983,3.15,matchbook,21,2.83,2.8
2026-10-06T20:54:14+00:00,soccer_epl,380b8f24ec5430fb545a7490c1017285,2026-10-10T14:00:00Z,Sunderland,Brighton and Hove Albion,Draw,pinnacle,3.55,0.27298,3.7,unibet_se,21,3.4,3.3
2026-10-06T20:54:14+00:00,soccer_epl,288b4ff00c79daa712c911c564fe1be7,2026-10-10T14:00:00Z,Ipswich Town,Fulham,A,pinnacle,2.46,0.39357,2.63,unibet_se,21,2.3,2.4
2026-10-06T20:54:14+00:00,soccer_epl,288b4ff00c79daa712c911c564fe1be7,2026-10-10T14:00:00Z,Ipswich Town,Fulham,H,pinnacle,2.85,0.33971,2.98,matchbook,21,2.73,2.75
2026-10-06T20:54:14+00:00,soccer_epl,288b4ff00c79daa712c911c564fe1be7,2026-10-10T14:00:00Z,Ipswich Town,Fulham,Draw,pinnacle,3.63,0.26672,3.65,unibet_se,21,3.43,3.4
2026-10-06T20:54:14+00:00,soccer_epl,22c9b2c43cbe1334381269550dab78e6,2026-10-10T16:30:00Z,Manchester United,Tottenham Hotspur,H,pinnacle,1.74,0.55499,1.76,onexbet,21,1.66,1.7
2026-10-06T20:54:14+00:00,soccer_epl,22c9b2c43cbe1334381269550dab78e6,2026-10-10T16:30:00Z,Manchester United,Tottenham Hotspur,A,pinnacle,4.35,0.22199,4.7,matchbook,21,4.2,4.33
2026-10-06T20:54:14+00:00,soccer_epl,22c9b2c43cbe1334381269550dab78e6,2026-10-10T16:30:00Z,Manchester United,Tottenham Hotspur,Draw,pinnacle,4.33,0.22302,4.5,matchbook,21,4.05,3.9
2026-10-06T20:54:14+00:00,soccer_epl,86effab5c6e7bfd58c8e88b1fb7c6ba9,2026-10-11T13:00:00Z,Crystal Palace,Nottingham Forest,H,pinnacle,2.68,0.36132,2.76,matchbook,21,2.48,2.62
2026-10-06T20:54:14+00:00,soccer_epl,86effab5c6e7bfd58c8e88b1fb7c6ba9,2026-10-11T13:00:00Z,Crystal Palace,Nottingham Forest,A,pinnacle,2.73,0.35471,2.84,matchbook,21,2.67,2.62
2026-10-06T20:54:14+00:00,soccer_epl,86effab5c6e7bfd58c8e88b1fb7c6ba9,2026-10-11T13:00:00Z,Crystal Palace,Nottingham Forest,Draw,pinnacle,3.41,0.28397,3.47,onexbet,21,3.2,3.1
2026-10-06T20:54:14+00:00,soccer_epl,0bdae4d304810578e47386606bff7106,2026-10-11T13:00:00Z,Hull City,Everton,A,pinnacle,2.07,0.4675,2.14,matchbook,21,2.0,2.05
2026-10-06T20:54:14+00:00,soccer_epl,0bdae4d304810578e47386606bff7106,2026-10-11T13:00:00Z,Hull City,Everton,H,pinnacle,3.78,0.25601,3.9,unibet_se,21,3.45,3.5
2026-10-06T20:54:14+00:00,soccer_epl,0bdae4d304810578e47386606bff7106,2026-10-11T13:00:00Z,Hull City,Everton,Draw,pinnacle,3.5,0.27649,3.54,onexbet,21,3.32,3.3
2026-10-06T20:54:14+00:00,soccer_epl,6dbab232dd8d2aed0cb1d6f7978fb7b1,2026-10-11T15:30:00Z,Liverpool,Manchester City,H,pinnacle,2.62,0.36894,2.7,unibet_nl,21,2.43,2.5
2026-10-06T20:54:14+00:00,soccer_epl,6dbab232dd8d2aed0cb1d6f7978fb7b1,2026-10-11T15:30:00Z,Liverpool,Manchester City,A,pinnacle,2.58,0.37466,2.67,onexbet,21,2.5,2.5
2026-10-06T20:54:14+00:00,soccer_epl,6dbab232dd8d2aed0cb1d6f7978fb7b1,2026-10-11T15:30:00Z,Liverpool,Manchester City,Draw,pinnacle,3.77,0.2564,3.9,unibet_nl,21,3.58,3.5
2026-10-06T20:54:14+00:00,soccer_epl,acd5bd945dd953ad1e300df5bfe696f9,2026-10-12T19:00:00Z,Coventry City,Newcastle United,H,pinnacle,3.51,0.27584,3.6,matchbook,21,3.2,3.2
2026-10-06T20:54:14+00:00,soccer_epl,acd5bd945dd953ad1e300df5bfe696f9,2026-10-12T19:00:00Z,Coventry City,Newcastle United,A,pinnacle,2.1,0.46105,2.18,unibet_se,21,2.02,2.1
2026-10-06T20:54:14+00:00,soccer_epl,acd5bd945dd953ad1e300df5bfe696f9,2026-10-12T19:00:00Z,Coventry City,Newcastle United,Draw,pinnacle,3.68,0.2631,3.85,unibet_se,21,3.53,3.4
2026-10-06T20:54:14+00:00,soccer_epl,764e6513cb3f348881503df70ccb90e0,2026-10-17T11:30:00Z,Everton,Chelsea,A,pinnacle,2.38,0.40004,2.45,onexbet,14,2.18,2.3
2026-10-06T20:54:14+00:00,soccer_epl,764e6513cb3f348881503df70ccb90e0,2026-10-17T11:30:00Z,Everton,Chelsea,H,pinnacle,2.73,0.34875,2.95,unibet_se,14,2.8,2.7
2026-10-06T20:54:14+00:00,soccer_epl,764e6513cb3f348881503df70ccb90e0,2026-10-17T11:30:00Z,Everton,Chelsea,Draw,pinnacle,3.79,0.25121,3.86,onexbet,14,3.53,3.5
2026-10-06T20:54:14+00:00,soccer_epl,8f1945e7272bc7e89016439f5ab321c7,2026-10-17T14:00:00Z,Brentford,Liverpool,H,pinnacle,2.77,0.34346,2.88,onexbet,14,2.7,2.75
2026-10-06T20:54:14+00:00,soccer_epl,8f1945e7272bc7e89016439f5ab321c7,2026-10-17T14:00:00Z,Brentford,Liverpool,A,pinnacle,2.43,0.39152,2.5,onexbet,14,2.23,2.3
2026-10-06T20:54:14+00:00,soccer_epl,8f1945e7272bc7e89016439f5ab321c7,2026-10-17T14:00:00Z,Brentford,Liverpool,Draw,pinnacle,3.59,0.26501,3.8,unibet_se,14,3.58,3.5
2026-10-06T20:54:14+00:00,soccer_epl,7895f97f2f9577f3b13287a3d086859d,2026-10-17T14:00:00Z,Fulham,Hull City,H,pinnacle,1.67,0.56759,1.73,onexbet,14,1.62,1.65
2026-10-06T20:54:14+00:00,soccer_epl,7895f97f2f9577f3b13287a3d086859d,2026-10-17T14:00:00Z,Fulham,Hull City,A,pinnacle,4.85,0.19544,5.18,onexbet,14,4.5,4.8
2026-10-06T20:54:14+00:00,soccer_epl,7895f97f2f9577f3b13287a3d086859d,2026-10-17T14:00:00Z,Fulham,Hull City,Draw,pinnacle,4.0,0.23697,4.11,onexbet,14,3.83,3.9
2026-10-06T20:54:14+00:00,soccer_epl,bf2142d1ca76ba2fc9e61afce80f86c0,2026-10-17T14:00:00Z,Manchester City,Ipswich Town,A,pinnacle,10.39,0.09036,12.51,betsson,14,10.25,10.0
2026-10-06T20:54:14+00:00,soccer_epl,bf2142d1ca76ba2fc9e61afce80f86c0,2026-10-17T14:00:00Z,Manchester City,Ipswich Town,H,pinnacle,1.21,0.7759,1.26,onexbet,14,1.17,1.22
2026-10-06T20:54:14+00:00,soccer_epl,bf2142d1ca76ba2fc9e61afce80f86c0,2026-10-17T14:00:00Z,Manchester City,Ipswich Town,Draw,pinnacle,7.02,0.13374,7.5,tipico_de,14,6.75,6.0
2026-10-06T20:54:14+00:00,soccer_epl,d1bbbdcd3d430e70091b518369b559cf,2026-10-17T16:30:00Z,Newcastle United,Aston Villa,A,pinnacle,3.22,0.29535,3.4,tipico_de,14,3.18,3.1
2026-10-06T20:54:14+00:00,soccer_epl,d1bbbdcd3d430e70091b518369b559cf,2026-10-17T16:30:00Z,Newcastle United,Aston Villa,H,pinnacle,2.09,0.45504,2.17,onexbet,14,1.97,2.05
2026-10-06T20:54:14+00:00,soccer_epl,d1bbbdcd3d430e70091b518369b559cf,2026-10-17T16:30:00Z,Newcastle United,Aston Villa,Draw,pinnacle,3.81,0.24961,3.95,unibet_se,14,3.58,3.6
2026-10-06T20:54:14+00:00,soccer_epl,dfd5d6648be46426e418801584d46a68,2026-10-18T13:00:00Z,Bournemouth,Sunderland,H,pinnacle,2.01,0.47345,2.04,onexbet,14,1.94,1.95
2026-10-06T20:54:14+00:00,soccer_epl,dfd5d6648be46426e418801584d46a68,2026-10-18T13:00:00Z,Bournemouth,Sunderland,A,pinnacle,3.65,0.26072,3.85,onexbet,14,3.42,3.6
2026-10-06T20:54:14+00:00,soccer_epl,dfd5d6648be46426e418801584d46a68,2026-10-18T13:00:00Z,Bournemouth,Sunderland,Draw,pinnacle,3.58,0.26582,3.75,onexbet,14,3.42,3.4
2026-10-06T20:54:14+00:00,soccer_epl,9fc08b390a49c4434f7cf631a0bb88fb,2026-10-18T13:00:00Z,Brighton and Hove Albion,Crystal Palace,H,pinnacle,1.63,0.58094,1.67,onexbet,14,1.58,1.61
2026-10-06T20:54:14+00:00,soccer_epl,9fc08b390a49c4434f7cf631a0bb88fb,2026-10-18T13:00:00Z,Brighton and Hove Albion,Crystal Palace,A,pinnacle,4.75,0.19935,5.5,unibet_se,14,4.55,4.75
2026-10-06T20:54:14+00:00,soccer_epl,9fc08b390a49c4434f7cf631a0bb88fb,2026-10-18T13:00:00Z,Brighton and Hove Albion,Crystal Palace,Draw,pinnacle,4.31,0.21971,4.45,onexbet,14,4.05,4.0
2026-10-06T20:54:14+00:00,soccer_epl,676b3b0b609e9cf565da450786618d26,2026-10-18T13:00:00Z,Leeds United,Manchester United,H,pinnacle,2.83,0.33657,2.95,unibet_se,14,2.77,2.75
2026-10-06T20:54:14+00:00,soccer_epl,676b3b0b609e9cf565da450786618d26,2026-10-18T13:00:00Z,Leeds United,Manchester United,A,pinnacle,2.35,0.40531,2.44,onexbet,14,2.2,2.38
2026-10-06T20:54:14+00:00,soccer_epl,676b3b0b609e9cf565da450786618d26,2026-10-18T13:00:00Z,Leeds United,Manchester United,Draw,pinnacle,3.69,0.25812,3.77,onexbet,14,3.5,3.4
2026-10-06T20:54:14+00:00,soccer_epl,f696a248965373d9071dc0662e5c58a8,2026-10-18T15:30:00Z,Nottingham Forest,Arsenal,A,pinnacle,1.61,0.58865,1.66,onexbet,14,1.55,1.61
2026-10-06T20:54:14+00:00,soccer_epl,f696a248965373d9071dc0662e5c58a8,2026-10-18T15:30:00Z,Nottingham Forest,Arsenal,H,pinnacle,6.0,0.15795,6.2,tipico_de,14,5.25,5.5
2026-10-06T20:54:14+00:00,soccer_epl,f696a248965373d9071dc0662e5c58a8,2026-10-18T15:30:00Z,Nottingham Forest,Arsenal,Draw,pinnacle,3.74,0.2534,4.1,unibet_se,14,3.83,3.7
2026-10-06T20:54:14+00:00,soccer_epl,9baaf4e48b041cfef04e70e42532502e,2026-10-19T19:00:00Z,Tottenham Hotspur,Coventry City,A,pinnacle,5.82,0.16297,6.47,onexbet,14,5.6,5.75
2026-10-06T20:54:14+00:00,soccer_epl,9baaf4e48b041cfef04e70e42532502e,2026-10-19T19:00:00Z,Tottenham Hotspur,Coventry City,H,pinnacle,1.51,0.62812,1.54,onexbet,14,1.43,1.5
2026-10-06T20:54:14+00:00,soccer_epl,9baaf4e48b041cfef04e70e42532502e,2026-10-19T19:00:00Z,Tottenham Hotspur,Coventry City,Draw,pinnacle,4.54,0.20891,4.8,tipico_de,14,4.45,4.2
2026-10-06T20:54:14+00:00,soccer_spain_la_liga,4e4c6763037ffc0e1dfe92ed16287b6d,2026-10-09T19:00:00Z,Málaga,Espanyol,A,pinnacle,2.75,0.35178,2.86,matchbook,17,2.53,
2026-10-06T20:54:14+00:00,soccer_spain_la_liga,4e4c6763037ffc0e1dfe92ed16287b6d,2026-10-09T19:00:00Z,Málaga,Espanyol,H,pinnacle,2.82,0.34305,2.86,matchbook,17,2.67,
2026-10-06T20:54:14+00:00,soccer_spain_la_liga,4e4c6763037ffc0e1dfe92ed16287b6d,2026-10-09T19:00:00Z,Málaga,Espanyol,Draw,pinnacle,3.17,0.30517,3.37,onexbet,17,3.12,
2026-10-06T20:54:14+00:00,soccer_spain_la_liga,349c47668fdd909039a9408c14cad8bc,2026-10-10T12:00:00Z,Rayo Vallecano,Athletic Bilbao,A,pinnacle,2.61,0.37075,2.64,matchbook,17,2.35,
2026-10-06T20:54:14+00:00,soccer_spain_la_liga,349c47668fdd909039a9408c14cad8bc,2026-10-10T12:00:00Z,Rayo Vallecano,Athletic Bilbao,H,pinnacle,2.85,0.33953,3.0,coolbet,17,2.77,
2026-10-06T20:54:14+00:00,soccer_spain_la_liga,349c47668fdd909039a9408c14cad8bc,2026-10-10T12:00:00Z,Rayo Vallecano,Athletic Bilbao,Draw,pinnacle,3.34,0.28972,3.51,onexbet,17,3.3,
2026-10-06T20:54:14+00:00,soccer_spain_la_liga,3869391e3dbdcaa74153b11df56a3fe5,2026-10-10T14:15:00Z,Alavés,Atlético Madrid,H,pinnacle,4.25,0.22712,4.5,matchbook,16,4.05,
2026-10-06T20:54:14+00:00,soccer_spain_la_liga,3869391e3dbdcaa74153b11df56a3fe5,2026-10-10T14:15:00Z,Alavés,Atlético Madrid,A,pinnacle,1.87,0.51617,1.91,onexbet,16,1.77,
2026-10-06T20:54:14+00:00,soccer_spain_la_liga,3869391e3dbdcaa74153b11df56a3fe5,2026-10-10T14:15:00Z,Alavés,Atlético Madrid,Draw,pinnacle,3.76,0.25671,3.85,betonlineag,16,3.6,
2026-10-06T20:54:14+00:00,soccer_spain_la_liga,edb80d633a1906e5865ab70cc9b540ea,2026-10-10T16:30:00Z,Barcelona,Getafe,H,pinnacle,1.07,0.90349,1.1,matchbook,17,1.05,
2026-10-06T20:54:14+00:00,soccer_spain_la_liga,edb80d633a1906e5865ab70cc9b540ea,2026-10-10T16:30:00Z,Barcelona,Getafe,A,pinnacle,23.68,0.04082,45.0,onexbet,17,23.0,
2026-10-06T20:54:14+00:00,soccer_spain_la_liga,edb80d633a1906e5865ab70cc9b540ea,2026-10-10T16:30:00Z,Barcelona,Getafe,Draw,pinnacle,17.36,0.05569,18.5,betonlineag,17,10.5,
2026-10-06T20:54:14+00:00,soccer_spain_la_liga,551f242223b1625f458d1a2ea212a0c3,2026-10-10T19:00:00Z,Real Madrid,Villarreal,H,pinnacle,1.34,0.71777,1.37,onexbet,17,1.3,
2026-10-06T20:54:14+00:00,soccer_spain_la_liga,551f242223b1625f458d1a2ea212a0c3,2026-10-10T19:00:00Z,Real Madrid,Villarreal,A,pinnacle,7.69,0.12507,9.0,unibet_se,17,6.75,
2026-10-06T20:54:14+00:00,soccer_spain_la_liga,551f242223b1625f458d1a2ea212a0c3,2026-10-10T19:00:00Z,Real Madrid,Villarreal,Draw,pinnacle,6.12,0.15716,6.4,matchbook,17,5.75,
2026-10-06T20:54:14+00:00,soccer_spain_la_liga,7daf7edaf572eba3ac86196c663d67d3,2026-10-11T12:00:00Z,Elche CF,Celta Vigo,A,pinnacle,2.71,0.35765,2.75,coolbet,17,2.45,
2026-10-06T20:54:14+00:00,soccer_spain_la_liga,7daf7edaf572eba3ac86196c663d67d3,2026-10-11T12:00:00Z,Elche CF,Celta Vigo,H,pinnacle,2.78,0.34864,2.93,onexbet,17,2.72,
2026-10-06T20:54:14+00:00,soccer_spain_la_liga,7daf7edaf572eba3ac86196c663d67d3,2026-10-11T12:00:00Z,Elche CF,Celta Vigo,Draw,pinnacle,3.3,0.29371,3.33,onexbet,17,3.18,
2026-10-06T20:54:14+00:00,soccer_spain_la_liga,2997b68cc93f62d8a1dee9f06bedbefd,2026-10-11T14:15:00Z,Real Sociedad,Deportivo La Coruña,A,pinnacle,5.11,0.18875,5.3,matchbook,16,,
2026-10-06T20:54:14+00:00,soccer_spain_la_liga,2997b68cc93f62d8a1dee9f06bedbefd,2026-10-11T14:15:00Z,Real Sociedad,Deportivo La Coruña,H,pinnacle,1.69,0.57072,1.75,onexbet,16,,
2026-10-06T20:54:14+00:00,soccer_spain_la_liga,2997b68cc93f62d8a1dee9f06bedbefd,2026-10-11T14:15:00Z,Real Sociedad,Deportivo La Coruña,Draw,pinnacle,4.01,0.24053,4.1,matchbook,16,,
2026-10-06T20:54:14+00:00,soccer_spain_la_liga,984691837d31fd0c59c088f377f55f75,2026-10-11T16:30:00Z,Real Betis,CA Osasuna,A,pinnacle,5.68,0.16982,6.0,matchbook,17,5.0,
2026-10-06T20:54:14+00:00,soccer_spain_la_liga,984691837d31fd0c59c088f377f55f75,2026-10-11T16:30:00Z,Real Betis,CA Osasuna,H,pinnacle,1.57,0.61439,1.64,onexbet,17,1.56,
2026-10-06T20:54:14+00:00,soccer_spain_la_liga,984691837d31fd0c59c088f377f55f75,2026-10-11T16:30:00Z,Real Betis,CA Osasuna,Draw,pinnacle,4.47,0.21579,4.43,betonlineag,17,4.0,
2026-10-06T20:54:14+00:00,soccer_spain_la_liga,66a4f4201806b928c9007116727fdd61,2026-10-11T19:00:00Z,Real Racing Club de Santander,Valencia,H,pinnacle,2.33,0.4156,2.42,onexbet,17,2.22,
2026-10-06T20:54:14+00:00,soccer_spain_la_liga,66a4f4201806b928c9007116727fdd61,2026-10-11T19:00:00Z,Real Racing Club de Santander,Valencia,A,pinnacle,3.07,0.31542,3.25,coolbet,17,2.85,
2026-10-06T20:54:14+00:00,soccer_spain_la_liga,66a4f4201806b928c9007116727fdd61,2026-10-11T19:00:00Z,Real Racing Club de Santander,Valencia,Draw,pinnacle,3.6,0.26898,3.71,onexbet,17,3.45,
2026-10-06T20:54:14+00:00,soccer_spain_la_liga,529fc26c7774d5b469932e275c668921,2026-10-12T19:00:00Z,Levante,Sevilla,H,pinnacle,2.73,0.35432,2.84,matchbook,17,2.52,
2026-10-06T20:54:14+00:00,soccer_spain_la_liga,529fc26c7774d5b469932e275c668921,2026-10-12T19:00:00Z,Levante,Sevilla,A,pinnacle,2.71,0.35694,2.79,onexbet,17,2.62,
2026-10-06T20:54:14+00:00,soccer_spain_la_liga,529fc26c7774d5b469932e275c668921,2026-10-12T19:00:00Z,Levante,Sevilla,Draw,pinnacle,3.35,0.28874,3.41,onexbet,17,3.2,
2026-10-06T20:54:14+00:00,soccer_spain_la_liga,19ee731602634e5c9e3106630e087464,2026-10-16T19:00:00Z,Deportivo La Coruña,Levante,H,pinnacle,2.08,0.45761,2.17,onexbet,11,,
2026-10-06T20:54:14+00:00,soccer_spain_la_liga,19ee731602634e5c9e3106630e087464,2026-10-16T19:00:00Z,Deportivo La Coruña,Levante,A,pinnacle,3.54,0.26888,3.6,unibet_se,11,,
2026-10-06T20:54:14+00:00,soccer_spain_la_liga,19ee731602634e5c9e3106630e087464,2026-10-16T19:00:00Z,Deportivo La Coruña,Levante,Draw,pinnacle,3.48,0.27351,3.62,onexbet,11,,
2026-10-06T20:54:14+00:00,soccer_spain_la_liga,6436925dd15916d7041ba32b60000d48,2026-10-17T12:00:00Z,Espanyol,Atlético Madrid,A,pinnacle,1.85,0.51365,1.91,onexbet,11,1.75,
2026-10-06T20:54:14+00:00,soccer_spain_la_liga,6436925dd15916d7041ba32b60000d48,2026-10-17T12:00:00Z,Espanyol,Atlético Madrid,H,pinnacle,4.14,0.22953,4.32,onexbet,11,3.93,
2026-10-06T20:54:14+00:00,soccer_spain_la_liga,6436925dd15916d7041ba32b60000d48,2026-10-17T12:00:00Z,Espanyol,Atlético Madrid,Draw,pinnacle,3.7,0.25682,3.84,onexbet,11,3.63,
2026-10-06T20:54:14+00:00,soccer_spain_la_liga,aef660734585649651415961a9d177c6,2026-10-17T14:15:00Z,Villarreal,Elche CF,A,pinnacle,6.04,0.15656,6.73,onexbet,12,5.5,
2026-10-06T20:54:14+00:00,soccer_spain_la_liga,aef660734585649651415961a9d177c6,2026-10-17T14:15:00Z,Villarreal,Elche CF,H,pinnacle,1.46,0.64767,1.51,onexbet,12,1.43,
2026-10-06T20:54:14+00:00,soccer_spain_la_liga,aef660734585649651415961a9d177c6,2026-10-17T14:15:00Z,Villarreal,Elche CF,Draw,pinnacle,4.83,0.19578,5.0,unibet_se,12,4.6,
2026-10-06T20:54:14+00:00,soccer_spain_la_liga,846e496fc232b2fc20214754836727d0,2026-10-17T16:30:00Z,Real Betis,Barcelona,A,betfair_ex_eu,1.44,0.68622,1.49,onexbet,12,1.38,
2026-10-06T20:54:14+00:00,soccer_spain_la_liga,846e496fc232b2fc20214754836727d0,2026-10-17T16:30:00Z,Real Betis,Barcelona,H,betfair_ex_eu,6.2,0.15938,6.9,betsson,12,5.5,
2026-10-06T20:54:14+00:00,soccer_spain_la_liga,846e496fc232b2fc20214754836727d0,2026-10-17T16:30:00Z,Real Betis,Barcelona,Draw,betfair_ex_eu,6.4,0.1544,5.8,winamax_de,12,5.25,
2026-10-06T20:54:14+00:00,soccer_spain_la_liga,f00cd1ea41fa39149729d14ebc07aa6c,2026-10-17T19:00:00Z,Valencia,Athletic Bilbao,A,pinnacle,2.08,0.45746,2.18,onexbet,12,2.02,
2026-10-06T20:54:14+00:00,soccer_spain_la_liga,f00cd1ea41fa39149729d14ebc07aa6c,2026-10-17T19:00:00Z,Valencia,Athletic Bilbao,H,pinnacle,3.6,0.26431,3.62,onexbet,12,3.3,
2026-10-06T20:54:14+00:00,soccer_spain_la_liga,f00cd1ea41fa39149729d14ebc07aa6c,2026-10-17T19:00:00Z,Valencia,Athletic Bilbao,Draw,pinnacle,3.42,0.27822,3.58,onexbet,12,3.32,
2026-10-06T20:54:14+00:00,soccer_spain_la_liga,1f566f17c50fe5162724ec2863d2207b,2026-10-18T12:00:00Z,CA Osasuna,Real Racing Club de Santander,H,pinnacle,1.91,0.49748,1.95,onexbet,9,1.82,
2026-10-06T20:54:14+00:00,soccer_spain_la_liga,1f566f17c50fe5162724ec2863d2207b,2026-10-18T12:00:00Z,CA Osasuna,Real Racing Club de Santander,A,pinnacle,4.26,0.22305,4.32,onexbet,9,3.75,
2026-10-06T20:54:14+00:00,soccer_spain_la_liga,1f566f17c50fe5162724ec2863d2207b,2026-10-18T12:00:00Z,CA Osasuna,Real Racing Club de Santander,Draw,pinnacle,3.4,0.27947,3.68,onexbet,9,3.53,
2026-10-06T20:54:14+00:00,soccer_spain_la_liga,aabe899ecc4c19a1fafe5440151b62e4,2026-10-18T14:15:00Z,Celta Vigo,Alavés,A,pinnacle,3.87,0.24551,3.95,unibet_se,12,3.63,
2026-10-06T20:54:14+00:00,soccer_spain_la_liga,aabe899ecc4c19a1fafe5440151b62e4,2026-10-18T14:15:00Z,Celta Vigo,Alavés,H,pinnacle,2.0,0.47505,2.08,onexbet,12,1.94,
2026-10-06T20:54:14+00:00,soccer_spain_la_liga,aabe899ecc4c19a1fafe5440151b62e4,2026-10-18T14:15:00Z,Celta Vigo,Alavés,Draw,pinnacle,3.4,0.27944,3.58,onexbet,12,3.25,
2026-10-06T20:54:14+00:00,soccer_spain_la_liga,1051298b4aca6f07113309bff598a5c1,2026-10-18T16:30:00Z,Málaga,Real Sociedad,H,pinnacle,3.23,0.29467,3.3,unibet_se,12,3.0,
2026-10-06T20:54:14+00:00,soccer_spain_la_liga,1051298b4aca6f07113309bff598a5c1,2026-10-18T16:30:00Z,Málaga,Real Sociedad,A,pinnacle,2.2,0.43262,2.29,onexbet,12,2.12,
2026-10-06T20:54:14+00:00,soccer_spain_la_liga,1051298b4aca6f07113309bff598a5c1,2026-10-18T16:30:00Z,Málaga,Real Sociedad,Draw,pinnacle,3.49,0.27271,3.63,onexbet,12,3.4,
2026-10-06T20:54:14+00:00,soccer_spain_la_liga,eccd63bf768e2f2a358b871d3f33a63d,2026-10-18T19:00:00Z,Real Madrid,Sevilla,H,betfair_ex_eu,1.26,0.77847,1.3,onexbet,12,1.22,
2026-10-06T20:54:14+00:00,soccer_spain_la_liga,eccd63bf768e2f2a358b871d3f33a63d,2026-10-18T19:00:00Z,Real Madrid,Sevilla,A,betfair_ex_eu,11.5,0.08529,12.5,nordicbet,12,8.75,
2026-10-06T20:54:14+00:00,soccer_spain_la_liga,eccd63bf768e2f2a358b871d3f33a63d,2026-10-18T19:00:00Z,Real Madrid,Sevilla,Draw,betfair_ex_eu,7.2,0.13623,7.2,tipico_de,12,6.0,
2026-10-06T20:54:14+00:00,soccer_spain_la_liga,4a88bc4de574d43ef34677fd8d78722f,2026-10-19T19:00:00Z,Getafe,Rayo Vallecano,H,pinnacle,2.71,0.33503,2.92,betsson,12,2.77,
2026-10-06T20:54:14+00:00,soccer_spain_la_liga,4a88bc4de574d43ef34677fd8d78722f,2026-10-19T19:00:00Z,Getafe,Rayo Vallecano,A,pinnacle,2.44,0.3721,2.82,onexbet,12,2.48,
2026-10-06T20:54:14+00:00,soccer_spain_la_liga,4a88bc4de574d43ef34677fd8d78722f,2026-10-19T19:00:00Z,Getafe,Rayo Vallecano,Draw,pinnacle,3.1,0.29288,3.21,onexbet,12,2.98,
2026-10-06T20:54:14+00:00,soccer_italy_serie_a,2f8e871a0f7f66ae22938028645e1066,2026-10-10T13:00:00Z,Genoa,Fiorentina,A,pinnacle,2.37,0.40816,2.4,unibet_se,20,2.22,2.25
2026-10-06T20:54:14+00:00,soccer_italy_serie_a,2f8e871a0f7f66ae22938028645e1066,2026-10-10T13:00:00Z,Genoa,Fiorentina,H,pinnacle,3.33,0.29049,3.4,matchbook,20,3.03,3.0
2026-10-06T20:54:14+00:00,soccer_italy_serie_a,2f8e871a0f7f66ae22938028645e1066,2026-10-10T13:00:00Z,Genoa,Fiorentina,Draw,pinnacle,3.21,0.30135,3.5,unibet_se,20,3.23,3.2
2026-10-06T20:54:14+00:00,soccer_italy_serie_a,1a01b0611dacd334e1558a5097e05023,2026-10-10T16:00:00Z,Inter Milan,Parma,H,pinnacle,1.15,0.83521,1.17,matchbook,20,1.12,1.14
2026-10-06T20:54:14+00:00,soccer_italy_serie_a,1a01b0611dacd334e1558a5097e05023,2026-10-10T16:00:00Z,Inter Milan,Parma,A,pinnacle,15.7,0.06118,22.0,nordicbet,20,14.75,15.0
2026-10-06T20:54:14+00:00,soccer_italy_serie_a,1a01b0611dacd334e1558a5097e05023,2026-10-10T16:00:00Z,Inter Milan,Parma,Draw,pinnacle,9.27,0.10361,9.85,onexbet,20,7.75,8.0
2026-10-06T20:54:14+00:00,soccer_italy_serie_a,40c1bd70fee927f9bfa8901edab02b48,2026-10-10T18:45:00Z,Napoli,Frosinone,A,pinnacle,6.29,0.15309,7.5,unibet_se,20,6.1,6.0
2026-10-06T20:54:14+00:00,soccer_italy_serie_a,40c1bd70fee927f9bfa8901edab02b48,2026-10-10T18:45:00Z,Napoli,Frosinone,H,pinnacle,1.47,0.65508,1.51,matchbook,20,1.39,1.44
2026-10-06T20:54:14+00:00,soccer_italy_serie_a,40c1bd70fee927f9bfa8901edab02b48,2026-10-10T18:45:00Z,Napoli,Frosinone,Draw,pinnacle,5.02,0.19183,5.2,winamax_de,20,4.85,4.5
2026-10-06T20:54:14+00:00,soccer_italy_serie_a,2547c0dbddd26d23fa532228e36348cb,2026-10-11T10:30:00Z,Como,AS Roma,A,pinnacle,2.73,0.3548,2.8,matchbook,20,2.6,2.5
2026-10-06T20:54:14+00:00,soccer_italy_serie_a,2547c0dbddd26d23fa532228e36348cb,2026-10-11T10:30:00Z,Como,AS Roma,H,pinnacle,2.56,0.37836,2.69,onexbet,20,2.4,2.5
2026-10-06T20:54:14+00:00,soccer_italy_serie_a,2547c0dbddd26d23fa532228e36348cb,2026-10-11T10:30:00Z,Como,AS Roma,Draw,pinnacle,3.63,0.26683,3.71,onexbet,20,3.5,3.4
2026-10-06T20:54:14+00:00,soccer_italy_serie_a,946716d7e5e52822f08be8cb95193d9d,2026-10-11T13:00:00Z,Lecce,Bologna,A,pinnacle,1.95,0.49477,2.0,unibet_se,20,1.87,1.85
2026-10-06T20:54:14+00:00,soccer_italy_serie_a,946716d7e5e52822f08be8cb95193d9d,2026-10-11T13:00:00Z,Lecce,Bologna,H,pinnacle,4.61,0.20928,4.6,matchbook,20,4.0,4.0
2026-10-06T20:54:14+00:00,soccer_italy_serie_a,946716d7e5e52822f08be8cb95193d9d,2026-10-11T13:00:00Z,Lecce,Bologna,Draw,pinnacle,3.26,0.29595,3.5,unibet_se,20,3.3,3.2
2026-10-06T20:54:14+00:00,soccer_italy_serie_a,c0f72699f32ec193b64fd54092fe268d,2026-10-11T13:00:00Z,Lazio,Monza,H,pinnacle,1.59,0.60692,1.63,onexbet,20,1.52,1.53
2026-10-06T20:54:14+00:00,soccer_italy_serie_a,c0f72699f32ec193b64fd54092fe268d,2026-10-11T13:00:00Z,Lazio,Monza,A,pinnacle,5.99,0.1611,6.3,betonlineag,20,5.6,5.5
2026-10-06T20:54:14+00:00,soccer_italy_serie_a,c0f72699f32ec193b64fd54092fe268d,2026-10-11T13:00:00Z,Lazio,Monza,Draw,pinnacle,4.16,0.23197,4.29,betonlineag,20,3.93,3.8
2026-10-06T20:54:14+00:00,soccer_italy_serie_a,1cf64166dda1e0da8b325161deb39662,2026-10-11T16:00:00Z,Sassuolo,AC Milan,A,pinnacle,1.82,0.53076,1.87,onexbet,20,1.74,1.8
2026-10-06T20:54:14+00:00,soccer_italy_serie_a,1cf64166dda1e0da8b325161deb39662,2026-10-11T16:00:00Z,Sassuolo,AC Milan,H,pinnacle,4.36,0.22155,4.5,betsson,20,4.1,4.0
2026-10-06T20:54:14+00:00,soccer_italy_serie_a,1cf64166dda1e0da8b325161deb39662,2026-10-11T16:00:00Z,Sassuolo,AC Milan,Draw,pinnacle,3.9,0.24769,3.95,matchbook,20,3.68,3.6
2026-10-06T20:54:14+00:00,soccer_italy_serie_a,407f7d03157d1dfad384876e6a6bc910,2026-10-11T18:45:00Z,Cagliari,Juventus,H,pinnacle,6.38,0.15121,6.8,matchbook,20,6.0,6.0
2026-10-06T20:54:14+00:00,soccer_italy_serie_a,407f7d03157d1dfad384876e6a6bc910,2026-10-11T18:45:00Z,Cagliari,Juventus,A,pinnacle,1.58,0.61059,1.62,onexbet,20,1.49,1.53
2026-10-06T20:54:14+00:00,soccer_italy_serie_a,407f7d03157d1dfad384876e6a6bc910,2026-10-11T18:45:00Z,Cagliari,Juventus,Draw,pinnacle,4.05,0.2382,4.09,onexbet,20,3.95,3.8
2026-10-06T20:54:14+00:00,soccer_italy_serie_a,0f2e7ff90b994f31d5cd48a9680943e1,2026-10-12T16:30:00Z,Atalanta BC,Venezia,H,pinnacle,1.58,0.61067,1.66,onexbet,20,1.52,1.53
2026-10-06T20:54:14+00:00,soccer_italy_serie_a,0f2e7ff90b994f31d5cd48a9680943e1,2026-10-12T16:30:00Z,Atalanta BC,Venezia,A,pinnacle,6.13,0.1574,5.95,coolbet,20,5.1,5.0
2026-10-06T20:54:14+00:00,soccer_italy_serie_a,0f2e7ff90b994f31d5cd48a9680943e1,2026-10-12T16:30:00Z,Atalanta BC,Venezia,Draw,pinnacle,4.16,0.23194,4.4,matchbook,20,4.2,4.2
2026-10-06T20:54:14+00:00,soccer_italy_serie_a,f4a28510bb0c835280a2aca709c19d50,2026-10-12T18:45:00Z,Torino,Udinese,H,pinnacle,2.35,0.41168,2.4,matchbook,20,2.25,2.3
2026-10-06T20:54:14+00:00,soccer_italy_serie_a,f4a28510bb0c835280a2aca709c19d50,2026-10-12T18:45:00Z,Torino,Udinese,A,pinnacle,3.35,0.28879,3.4,matchbook,20,3.02,2.9
2026-10-06T20:54:14+00:00,soccer_italy_serie_a,f4a28510bb0c835280a2aca709c19d50,2026-10-12T18:45:00Z,Torino,Udinese,Draw,pinnacle,3.23,0.29952,3.45,unibet_se,20,3.17,3.2
2026-10-06T20:54:14+00:00,soccer_italy_serie_a,7d3160040958fe21778fd5ee485666c3,2026-10-16T18:45:00Z,Frosinone,Sassuolo,H,pinnacle,2.42,0.3937,2.53,onexbet,13,2.28,2.4
2026-10-06T20:54:14+00:00,soccer_italy_serie_a,7d3160040958fe21778fd5ee485666c3,2026-10-16T18:45:00Z,Frosinone,Sassuolo,A,pinnacle,2.9,0.32853,2.96,onexbet,13,2.68,2.75
2026-10-06T20:54:14+00:00,soccer_italy_serie_a,7d3160040958fe21778fd5ee485666c3,2026-10-16T18:45:00Z,Frosinone,Sassuolo,Draw,pinnacle,3.43,0.27777,3.6,unibet_se,13,3.45,3.3
2026-10-06T20:54:14+00:00,soccer_italy_serie_a,907639dade64cca45d1ab639195d201e,2026-10-17T13:00:00Z,Venezia,Napoli,A,pinnacle,1.7,0.55695,1.79,unibet_se,13,1.63,1.7
2026-10-06T20:54:14+00:00,soccer_italy_serie_a,907639dade64cca45d1ab639195d201e,2026-10-17T13:00:00Z,Venezia,Napoli,H,pinnacle,4.44,0.21325,4.74,onexbet,13,4.45,4.33
2026-10-06T20:54:14+00:00,soccer_italy_serie_a,907639dade64cca45d1ab639195d201e,2026-10-17T13:00:00Z,Venezia,Napoli,Draw,pinnacle,4.12,0.22981,4.22,onexbet,13,3.83,3.8
2026-10-06T20:54:14+00:00,soccer_italy_serie_a,bfefc309177723410230fee52f650315,2026-10-17T16:00:00Z,Bologna,Inter Milan,H,pinnacle,5.45,0.17367,5.55,onexbet,13,4.8,4.8
2026-10-06T20:54:14+00:00,soccer_italy_serie_a,bfefc309177723410230fee52f650315,2026-10-17T16:00:00Z,Bologna,Inter Milan,A,pinnacle,1.62,0.58426,1.69,onexbet,13,1.57,1.65
2026-10-06T20:54:14+00:00,soccer_italy_serie_a,bfefc309177723410230fee52f650315,2026-10-17T16:00:00Z,Bologna,Inter Milan,Draw,pinnacle,3.91,0.24207,4.12,onexbet,13,3.9,3.75
2026-10-06T20:54:14+00:00,soccer_italy_serie_a,18d478f469da3bcc654dd4555b85c7e3,2026-10-17T18:45:00Z,AS Roma,Genoa,H,pinnacle,1.33,0.71222,1.36,onexbet,13,1.29,1.29
2026-10-06T20:54:14+00:00,soccer_italy_serie_a,18d478f469da3bcc654dd4555b85c7e3,2026-10-17T18:45:00Z,AS Roma,Genoa,A,pinnacle,8.48,0.11171,10.5,unibet_se,13,8.0,9.5
2026-10-06T20:54:14+00:00,soccer_italy_serie_a,18d478f469da3bcc654dd4555b85c7e3,2026-10-17T18:45:00Z,AS Roma,Genoa,Draw,pinnacle,5.38,0.17607,5.53,onexbet,13,5.0,5.0
2026-10-06T20:54:14+00:00,soccer_italy_serie_a,367da93aa21a1e13eeafb94fd2263c75,2026-10-18T10:30:00Z,Udinese,Lecce,A,pinnacle,4.2,0.22603,4.4,unibet_se,13,4.05,3.9
2026-10-06T20:54:14+00:00,soccer_italy_serie_a,367da93aa21a1e13eeafb94fd2263c75,2026-10-18T10:30:00Z,Udinese,Lecce,H,pinnacle,1.85,0.51316,1.95,onexbet,13,1.78,1.85
2026-10-06T20:54:14+00:00,soccer_italy_serie_a,367da93aa21a1e13eeafb94fd2263c75,2026-10-18T10:30:00Z,Udinese,Lecce,Draw,pinnacle,3.64,0.26081,3.71,onexbet,13,3.42,3.4
2026-10-06T20:54:14+00:00,soccer_italy_serie_a,3ea32a0aa44a5f0ef7fd088155430087,2026-10-18T13:00:00Z,Fiorentina,Como,A,pinnacle,2.07,0.45966,2.13,onexbet,13,2.0,2.05
2026-10-06T20:54:14+00:00,soccer_italy_serie_a,3ea32a0aa44a5f0ef7fd088155430087,2026-10-18T13:00:00Z,Fiorentina,Como,H,pinnacle,3.36,0.28318,3.6,unibet_se,13,3.2,3.3
2026-10-06T20:54:14+00:00,soccer_italy_serie_a,3ea32a0aa44a5f0ef7fd088155430087,2026-10-18T13:00:00Z,Fiorentina,Como,Draw,pinnacle,3.7,0.25716,3.81,onexbet,13,3.5,3.5
2026-10-06T20:54:14+00:00,soccer_italy_serie_a,f9403dd597edbfaa73abdc974e55344c,2026-10-18T16:00:00Z,AC Milan,Atalanta BC,H,pinnacle,1.85,0.51241,1.95,onexbet,13,1.8,1.85
2026-10-06T20:54:14+00:00,soccer_italy_serie_a,f9403dd597edbfaa73abdc974e55344c,2026-10-18T16:00:00Z,AC Milan,Atalanta BC,A,pinnacle,4.16,0.22787,4.3,unibet_se,13,3.83,3.9
2026-10-06T20:54:14+00:00,soccer_italy_serie_a,f9403dd597edbfaa73abdc974e55344c,2026-10-18T16:00:00Z,AC Milan,Atalanta BC,Draw,pinnacle,3.65,0.25971,3.79,onexbet,13,3.53,3.4
2026-10-06T20:54:14+00:00,soccer_italy_serie_a,4c4026e2782f09d6f0ff2bde2a390513,2026-10-18T18:45:00Z,Juventus,Lazio,H,pinnacle,1.64,0.57774,1.68,unibet_se,13,1.59,1.61
2026-10-06T20:54:14+00:00,soccer_italy_serie_a,4c4026e2782f09d6f0ff2bde2a390513,2026-10-18T18:45:00Z,Juventus,Lazio,A,pinnacle,5.34,0.17743,5.66,onexbet,13,4.95,5.0
2026-10-06T20:54:14+00:00,soccer_italy_serie_a,4c4026e2782f09d6f0ff2bde2a390513,2026-10-18T18:45:00Z,Juventus,Lazio,Draw,pinnacle,3.87,0.24483,4.12,onexbet,13,3.7,3.8
2026-10-06T20:54:14+00:00,soccer_italy_serie_a,ce94aca384a20f6af459366da6e1dd21,2026-10-19T16:30:00Z,Monza,Cagliari,A,pinnacle,3.46,0.27528,3.65,unibet_se,13,3.22,3.3
2026-10-06T20:54:14+00:00,soccer_italy_serie_a,ce94aca384a20f6af459366da6e1dd21,2026-10-19T16:30:00Z,Monza,Cagliari,H,pinnacle,2.24,0.42521,2.32,onexbet,13,2.12,2.2
2026-10-06T20:54:14+00:00,soccer_italy_serie_a,ce94aca384a20f6af459366da6e1dd21,2026-10-19T16:30:00Z,Monza,Cagliari,Draw,pinnacle,3.18,0.29952,3.3,tipico_de,13,3.15,3.0
2026-10-06T20:54:14+00:00,soccer_italy_serie_a,07014d9adc65ca39710bd9f0c7c0d3f0,2026-10-19T18:45:00Z,Parma,Torino,H,pinnacle,3.2,0.29774,3.25,onexbet,13,2.95,3.0
2026-10-06T20:54:14+00:00,soccer_italy_serie_a,07014d9adc65ca39710bd9f0c7c0d3f0,2026-10-19T18:45:00Z,Parma,Torino,A,pinnacle,2.47,0.38573,2.52,onexbet,13,2.3,2.4
2026-10-06T20:54:14+00:00,soccer_italy_serie_a,07014d9adc65ca39710bd9f0c7c0d3f0,2026-10-19T18:45:00Z,Parma,Torino,Draw,pinnacle,3.01,0.31653,3.25,unibet_se,13,3.05,3.0
2026-10-06T20:54:14+00:00,soccer_germany_bundesliga,3fb63658405d468954f57745cd115118,2026-10-09T18:30:00Z,Borussia Dortmund,Werder Bremen,H,pinnacle,1.4,0.68844,1.41,onexbet,20,1.31,1.36
2026-10-06T20:54:14+00:00,soccer_germany_bundesliga,3fb63658405d468954f57745cd115118,2026-10-09T18:30:00Z,Borussia Dortmund,Werder Bremen,A,pinnacle,7.07,0.13632,8.4,matchbook,20,6.9,6.5
2026-10-06T20:54:14+00:00,soccer_germany_bundesliga,3fb63658405d468954f57745cd115118,2026-10-09T18:30:00Z,Borussia Dortmund,Werder Bremen,Draw,pinnacle,5.5,0.17524,5.9,matchbook,20,5.4,5.0
2026-10-06T20:54:14+00:00,soccer_germany_bundesliga,3b71160ad20dba786c4f92e33c987d80,2026-10-10T13:30:00Z,Augsburg,Bayern Munich,H,pinnacle,10.03,0.09587,13.0,coolbet,20,10.0,9.5
2026-10-06T20:54:14+00:00,soccer_germany_bundesliga,3b71160ad20dba786c4f92e33c987d80,2026-10-10T13:30:00Z,Augsburg,Bayern Munich,A,pinnacle,1.2,0.80129,1.23,unibet_se,20,1.16,1.2
2026-10-06T20:54:14+00:00,soccer_germany_bundesliga,3b71160ad20dba786c4f92e33c987d80,2026-10-10T13:30:00Z,Augsburg,Bayern Munich,Draw,pinnacle,9.35,0.10284,9.8,matchbook,20,7.75,7.5
2026-10-06T20:54:14+00:00,soccer_germany_bundesliga,418f8c26d46eaabd829f2e265673b855,2026-10-10T13:30:00Z,FSV Mainz 05,Bayer Leverkusen,A,pinnacle,2.22,0.43547,2.31,onexbet,20,2.08,2.25
2026-10-06T20:54:14+00:00,soccer_germany_bundesliga,418f8c26d46eaabd829f2e265673b855,2026-10-10T13:30:00Z,FSV Mainz 05,Bayer Leverkusen,H,pinnacle,3.0,0.32224,3.05,matchbook,20,2.88,2.8
2026-10-06T20:54:14+00:00,soccer_germany_bundesliga,418f8c26d46eaabd829f2e265673b855,2026-10-10T13:30:00Z,FSV Mainz 05,Bayer Leverkusen,Draw,pinnacle,3.99,0.24229,4.2,coolbet,20,3.78,3.6
2026-10-06T20:54:14+00:00,soccer_germany_bundesliga,2fd48be0a24ed906187067d4170bf010,2026-10-10T13:30:00Z,Union Berlin,Elversberg,A,pinnacle,2.87,0.33739,3.07,onexbet,20,2.77,2.8
2026-10-06T20:54:14+00:00,soccer_germany_bundesliga,2fd48be0a24ed906187067d4170bf010,2026-10-10T13:30:00Z,Union Berlin,Elversberg,H,pinnacle,2.33,0.41559,2.4,tipico_de,20,2.18,2.2
2026-10-06T20:54:14+00:00,soccer_germany_bundesliga,2fd48be0a24ed906187067d4170bf010,2026-10-10T13:30:00Z,Union Berlin,Elversberg,Draw,pinnacle,3.92,0.24702,4.0,coolbet,20,3.68,3.6
2026-10-06T20:54:14+00:00,soccer_germany_bundesliga,f03c08c0ae5fd66c2d2df2053115bb94,2026-10-10T13:30:00Z,TSG Hoffenheim,Hamburger SV,A,pinnacle,7.12,0.13523,7.2,matchbook,20,6.25,6.0
2026-10-06T20:54:14+00:00,soccer_germany_bundesliga,f03c08c0ae5fd66c2d2df2053115bb94,2026-10-10T13:30:00Z,TSG Hoffenheim,Hamburger SV,H,pinnacle,1.44,0.66866,1.49,onexbet,20,1.36,1.4
2026-10-06T20:54:14+00:00,soccer_germany_bundesliga,f03c08c0ae5fd66c2d2df2053115bb94,2026-10-10T13:30:00Z,TSG Hoffenheim,Hamburger SV,Draw,pinnacle,4.91,0.1961,5.4,unibet_se,20,5.1,4.75
2026-10-06T20:54:14+00:00,soccer_germany_bundesliga,9aade3e736c3d113dab19e641c43e272,2026-10-10T13:30:00Z,SC Paderborn,VfB Stuttgart,H,pinnacle,5.03,0.19131,5.08,onexbet,20,4.75,4.6
2026-10-06T20:54:14+00:00,soccer_germany_bundesliga,9aade3e736c3d113dab19e641c43e272,2026-10-10T13:30:00Z,SC Paderborn,VfB Stuttgart,A,pinnacle,1.58,0.60904,1.64,onexbet,20,1.52,1.57
2026-10-06T20:54:14+00:00,soccer_germany_bundesliga,9aade3e736c3d113dab19e641c43e272,2026-10-10T13:30:00Z,SC Paderborn,VfB Stuttgart,Draw,pinnacle,4.82,0.19965,4.83,onexbet,20,4.5,4.33
2026-10-06T20:54:14+00:00,soccer_germany_bundesliga,01cb7a67c8ae71201ec27297455fc0e8,2026-10-10T16:30:00Z,RB Leipzig,Eintracht Frankfurt,A,pinnacle,4.98,0.19312,5.5,coolbet,20,4.85,4.8
2026-10-06T20:54:14+00:00,soccer_germany_bundesliga,01cb7a67c8ae71201ec27297455fc0e8,2026-10-10T16:30:00Z,RB Leipzig,Eintracht Frankfurt,H,pinnacle,1.57,0.61258,1.6,matchbook,20,1.48,1.5
2026-10-06T20:54:14+00:00,soccer_germany_bundesliga,01cb7a67c8ae71201ec27297455fc0e8,2026-10-10T16:30:00Z,RB Leipzig,Eintracht Frankfurt,Draw,pinnacle,4.95,0.19429,5.25,coolbet,20,4.75,4.6
2026-10-06T20:54:14+00:00,soccer_germany_bundesliga,a8801462cb97a43570956e4b3ef4aedf,2026-10-11T13:30:00Z,1. FC Köln,Borussia Monchengladbach,H,pinnacle,2.04,0.47394,2.06,matchbook,20,1.93,1.91
2026-10-06T20:54:14+00:00,soccer_germany_bundesliga,a8801462cb97a43570956e4b3ef4aedf,2026-10-11T13:30:00Z,1. FC Köln,Borussia Monchengladbach,A,pinnacle,3.28,0.29477,3.57,onexbet,20,3.2,3.3
2026-10-06T20:54:14+00:00,soccer_germany_bundesliga,a8801462cb97a43570956e4b3ef4aedf,2026-10-11T13:30:00Z,1. FC Köln,Borussia Monchengladbach,Draw,pinnacle,4.18,0.2313,4.25,unibet_se,20,3.88,3.8
2026-10-06T20:54:14+00:00,soccer_germany_bundesliga,eaf509fb37413b7d055cd394667792b3,2026-10-11T15:30:00Z,SC Freiburg,FC Schalke 04,A,pinnacle,5.23,0.18403,5.44,onexbet,20,4.75,4.8
2026-10-06T20:54:14+00:00,soccer_germany_bundesliga,eaf509fb37413b7d055cd394667792b3,2026-10-11T15:30:00Z,SC Freiburg,FC Schalke 04,H,pinnacle,1.68,0.57291,1.71,onexbet,20,1.59,1.65
2026-10-06T20:54:14+00:00,soccer_germany_bundesliga,eaf509fb37413b7d055cd394667792b3,2026-10-11T15:30:00Z,SC Freiburg,FC Schalke 04,Draw,pinnacle,3.96,0.24305,4.35,unibet_se,20,4.05,3.7
2026-10-06T20:54:14+00:00,soccer_germany_bundesliga,947bd5d924835af090d9cdc7bbdf10f6,2026-10-16T18:30:00Z,Eintracht Frankfurt,1. FC Köln,A,pinnacle,3.56,0.26686,3.6,tipico_de,14,3.28,3.3
2026-10-06T20:54:14+00:00,soccer_germany_bundesliga,947bd5d924835af090d9cdc7bbdf10f6,2026-10-16T18:30:00Z,Eintracht Frankfurt,1. FC Köln,H,pinnacle,1.88,0.50532,2.06,unibet_se,14,1.85,1.91
2026-10-06T20:54:14+00:00,soccer_germany_bundesliga,947bd5d924835af090d9cdc7bbdf10f6,2026-10-16T18:30:00Z,Eintracht Frankfurt,1. FC Köln,Draw,pinnacle,4.17,0.22782,4.3,onexbet,14,3.9,3.9
2026-10-06T20:54:14+00:00,soccer_germany_bundesliga,0bf757f3bd903496ce2fa27bd0481869,2026-10-17T13:30:00Z,Elversberg,Augsburg,A,pinnacle,2.63,0.36216,2.71,onexbet,11,2.5,2.6
2026-10-06T20:54:14+00:00,soccer_germany_bundesliga,0bf757f3bd903496ce2fa27bd0481869,2026-10-17T13:30:00Z,Elversberg,Augsburg,H,pinnacle,2.46,0.38719,2.55,onexbet,11,2.33,2.4
2026-10-06T20:54:14+00:00,soccer_germany_bundesliga,0bf757f3bd903496ce2fa27bd0481869,2026-10-17T13:30:00Z,Elversberg,Augsburg,Draw,pinnacle,3.8,0.25065,3.92,onexbet,11,3.68,3.6
2026-10-06T20:54:14+00:00,soccer_germany_bundesliga,d8eac776adb07b0e7f01d8736d097291,2026-10-17T13:30:00Z,Union Berlin,Borussia Dortmund,A,pinnacle,1.65,0.57336,1.73,onexbet,11,1.6,1.67
2026-10-06T20:54:14+00:00,soccer_germany_bundesliga,d8eac776adb07b0e7f01d8736d097291,2026-10-17T13:30:00Z,Union Berlin,Borussia Dortmund,H,pinnacle,4.59,0.20611,4.8,tipico_de,11,4.35,4.33
2026-10-06T20:54:14+00:00,soccer_germany_bundesliga,d8eac776adb07b0e7f01d8736d097291,2026-10-17T13:30:00Z,Union Berlin,Borussia Dortmund,Draw,pinnacle,4.29,0.22052,4.5,tipico_de,11,4.1,4.0
2026-10-06T20:54:14+00:00,soccer_germany_bundesliga,606d65d57a9a6d8f9b53faee1ad10009,2026-10-17T13:30:00Z,FC Schalke 04,FSV Mainz 05,H,pinnacle,2.85,0.33411,2.98,onexbet,11,2.75,2.8
2026-10-06T20:54:14+00:00,soccer_germany_bundesliga,606d65d57a9a6d8f9b53faee1ad10009,2026-10-17T13:30:00Z,FC Schalke 04,FSV Mainz 05,A,pinnacle,2.39,0.39842,2.44,onexbet,11,2.22,2.3
2026-10-06T20:54:14+00:00,soccer_germany_bundesliga,606d65d57a9a6d8f9b53faee1ad10009,2026-10-17T13:30:00Z,FC Schalke 04,FSV Mainz 05,Draw,pinnacle,3.56,0.26748,3.7,onexbet,11,3.5,3.4
2026-10-06T20:54:14+00:00,soccer_germany_bundesliga,221916b8b36706ec52aa655a64e5f1d2,2026-10-17T13:30:00Z,Hamburger SV,VfB Stuttgart,H,pinnacle,4.04,0.2355,4.08,onexbet,11,3.53,3.4
2026-10-06T20:54:14+00:00,soccer_germany_bundesliga,221916b8b36706ec52aa655a64e5f1d2,2026-10-17T13:30:00Z,Hamburger SV,VfB Stuttgart,A,pinnacle,1.83,0.51991,1.9,onexbet,11,1.78,1.83
2026-10-06T20:54:14+00:00,soccer_germany_bundesliga,221916b8b36706ec52aa655a64e5f1d2,2026-10-17T13:30:00Z,Hamburger SV,VfB Stuttgart,Draw,pinnacle,3.89,0.24459,4.1,tipico_de,11,3.93,4.0
2026-10-06T20:54:14+00:00,soccer_germany_bundesliga,9a422e1aad1053828eaf629a58d901de,2026-10-17T13:30:00Z,Werder Bremen,SC Paderborn,A,pinnacle,4.02,0.23612,4.21,onexbet,11,3.75,3.75
2026-10-06T20:54:14+00:00,soccer_germany_bundesliga,9a422e1aad1053828eaf629a58d901de,2026-10-17T13:30:00Z,Werder Bremen,SC Paderborn,H,pinnacle,1.77,0.53626,1.84,onexbet,11,1.75,1.8
2026-10-06T20:54:14+00:00,soccer_germany_bundesliga,9a422e1aad1053828eaf629a58d901de,2026-10-17T13:30:00Z,Werder Bremen,SC Paderborn,Draw,pinnacle,4.17,0.22762,4.26,onexbet,11,3.8,3.8
2026-10-06T20:54:14+00:00,soccer_germany_bundesliga,9a64448205fdc4b95f45641bb946706c,2026-10-17T16:30:00Z,Bayern Munich,RB Leipzig,H,betfair_ex_eu,1.25,0.77551,1.27,onexbet,11,1.2,1.25
2026-10-06T20:54:14+00:00,soccer_germany_bundesliga,9a64448205fdc4b95f45641bb946706c,2026-10-17T16:30:00Z,Bayern Munich,RB Leipzig,A,betfair_ex_eu,10.0,0.09694,11.2,onexbet,11,8.25,9.5
2026-10-06T20:54:14+00:00,soccer_germany_bundesliga,9a64448205fdc4b95f45641bb946706c,2026-10-17T16:30:00Z,Bayern Munich,RB Leipzig,Draw,betfair_ex_eu,7.6,0.12755,8.0,tipico_de,11,6.75,6.0
2026-10-06T20:54:14+00:00,soccer_germany_bundesliga,096d800bcc95c547ef592cbef624d080,2026-10-18T13:30:00Z,Bayer Leverkusen,SC Freiburg,H,pinnacle,1.65,0.57392,1.7,onexbet,11,1.61,1.61
2026-10-06T20:54:14+00:00,soccer_germany_bundesliga,096d800bcc95c547ef592cbef624d080,2026-10-18T13:30:00Z,Bayer Leverkusen,SC Freiburg,A,pinnacle,4.46,0.21232,4.9,nordicbet,11,4.3,4.4
2026-10-06T20:54:14+00:00,soccer_germany_bundesliga,096d800bcc95c547ef592cbef624d080,2026-10-18T13:30:00Z,Bayer Leverkusen,SC Freiburg,Draw,pinnacle,4.43,0.21376,4.51,onexbet,11,4.1,4.2
2026-10-06T20:54:14+00:00,soccer_germany_bundesliga,fd9b8c185737a15615aa0c9daaa3dfbf,2026-10-18T15:30:00Z,Borussia Monchengladbach,TSG Hoffenheim,H,pinnacle,3.25,0.29225,3.58,onexbet,11,3.2,3.3
2026-10-06T20:54:14+00:00,soccer_germany_bundesliga,fd9b8c185737a15615aa0c9daaa3dfbf,2026-10-18T15:30:00Z,Borussia Monchengladbach,TSG Hoffenheim,A,pinnacle,1.97,0.48214,1.99,onexbet,11,1.89,1.91
2026-10-06T20:54:14+00:00,soccer_germany_bundesliga,fd9b8c185737a15615aa0c9daaa3dfbf,2026-10-18T15:30:00Z,Borussia Monchengladbach,TSG Hoffenheim,Draw,pinnacle,4.21,0.22561,4.26,onexbet,11,3.88,3.9
2026-10-06T20:54:14+00:00,soccer_france_ligue_one,17694e68f399fdf9c5030021ec9bb595,2026-10-09T18:45:00Z,RC Lens,Lyon,A,pinnacle,2.72,0.35536,2.92,onexbet,19,2.65,2.75
2026-10-06T20:54:14+00:00,soccer_france_ligue_one,17694e68f399fdf9c5030021ec9bb595,2026-10-09T18:45:00Z,RC Lens,Lyon,H,pinnacle,2.46,0.39292,2.5,unibet_se,19,2.3,2.3
2026-10-06T20:54:14+00:00,soccer_france_ligue_one,17694e68f399fdf9c5030021ec9bb595,2026-10-09T18:45:00Z,RC Lens,Lyon,Draw,pinnacle,3.84,0.25172,3.86,betonlineag,19,3.6,3.5
2026-10-06T20:54:14+00:00,soccer_france_ligue_one,2c173b3bd3a1491f17fcad1012019c4f,2026-10-10T15:15:00Z,Lille,Le Havre,A,pinnacle,6.78,0.14193,7.8,nordicbet,19,6.5,6.5
2026-10-06T20:54:14+00:00,soccer_france_ligue_one,2c173b3bd3a1491f17fcad1012019c4f,2026-10-10T15:15:00Z,Lille,Le Havre,H,pinnacle,1.45,0.66366,1.48,onexbet,19,1.39,1.4
2026-10-06T20:54:14+00:00,soccer_france_ligue_one,2c173b3bd3a1491f17fcad1012019c4f,2026-10-10T15:15:00Z,Lille,Le Havre,Draw,pinnacle,4.95,0.19441,5.1,unibet_se,19,4.65,4.4
2026-10-06T20:54:14+00:00,soccer_france_ligue_one,c2c64ebfc5810226f807c1920d580392,2026-10-10T18:45:00Z,AS Monaco,Toulouse,H,pinnacle,1.6,0.60343,1.65,onexbet,19,1.56,1.6
2026-10-06T20:54:14+00:00,soccer_france_ligue_one,c2c64ebfc5810226f807c1920d580392,2026-10-10T18:45:00Z,AS Monaco,Toulouse,A,pinnacle,5.25,0.1839,5.44,onexbet,19,4.85,4.75
2026-10-06T20:54:14+00:00,soccer_france_ligue_one,c2c64ebfc5810226f807c1920d580392,2026-10-10T18:45:00Z,AS Monaco,Toulouse,Draw,pinnacle,4.54,0.21266,4.5,winamax_de,19,4.15,4.0
2026-10-06T20:54:14+00:00,soccer_france_ligue_one,007dc2ff845c33e3e18f2bd2bc126304,2026-10-10T18:45:00Z,Brest,Angers,A,pinnacle,3.7,0.26127,3.8,unibet_se,19,3.5,3.5
2026-10-06T20:54:14+00:00,soccer_france_ligue_one,007dc2ff845c33e3e18f2bd2bc126304,2026-10-10T18:45:00Z,Brest,Angers,H,pinnacle,2.01,0.48094,2.04,onexbet,19,1.92,1.95
2026-10-06T20:54:14+00:00,soccer_france_ligue_one,007dc2ff845c33e3e18f2bd2bc126304,2026-10-10T18:45:00Z,Brest,Angers,Draw,pinnacle,3.75,0.25779,3.85,unibet_se,19,3.53,3.5
2026-10-06T20:54:14+00:00,soccer_france_ligue_one,2849460eb4d15adbb20ec15927a0fd4a,2026-10-10T18:45:00Z,Paris Saint Germain,Le Mans FC,A,pinnacle,23.69,0.04061,34.0,onexbet,19,23.0,26.0
2026-10-06T20:54:14+00:00,soccer_france_ligue_one,2849460eb4d15adbb20ec15927a0fd4a,2026-10-10T18:45:00Z,Paris Saint Germain,Le Mans FC,H,pinnacle,1.08,0.89073,1.09,unibet_se,19,1.05,1.06
2026-10-06T20:54:14+00:00,soccer_france_ligue_one,2849460eb4d15adbb20ec15927a0fd4a,2026-10-10T18:45:00Z,Paris Saint Germain,Le Mans FC,Draw,pinnacle,14.01,0.06866,16.5,onexbet,19,10.5,13.0
2026-10-06T20:54:14+00:00,soccer_france_ligue_one,3aa72885e0aa107c62843749f7930a9a,2026-10-10T18:45:00Z,Lorient,Paris FC,H,pinnacle,3.37,0.28733,3.34,onexbet,18,3.1,3.1
2026-10-06T20:54:14+00:00,soccer_france_ligue_one,3aa72885e0aa107c62843749f7930a9a,2026-10-10T18:45:00Z,Lorient,Paris FC,A,pinnacle,2.3,0.42101,2.38,unibet_se,18,2.17,2.25
2026-10-06T20:54:14+00:00,soccer_france_ligue_one,3aa72885e0aa107c62843749f7930a9a,2026-10-10T18:45:00Z,Lorient,Paris FC,Draw,pinnacle,3.32,0.29166,3.45,unibet_se,18,3.27,3.1
2026-10-06T20:54:14+00:00,soccer_france_ligue_one,5d3606630a2d3a218a6340d082c1bdc6,2026-10-11T13:00:00Z,Nice,Strasbourg,H,pinnacle,2.36,0.40962,2.45,unibet_se,18,2.2,2.25
2026-10-06T20:54:14+00:00,soccer_france_ligue_one,5d3606630a2d3a218a6340d082c1bdc6,2026-10-11T13:00:00Z,Nice,Strasbourg,A,pinnacle,2.95,0.32769,3.07,onexbet,18,2.88,2.9
2026-10-06T20:54:14+00:00,soccer_france_ligue_one,5d3606630a2d3a218a6340d082c1bdc6,2026-10-11T13:00:00Z,Nice,Strasbourg,Draw,pinnacle,3.68,0.26269,3.75,onexbet,18,3.48,3.4
2026-10-06T20:54:14+00:00,soccer_france_ligue_one,34f584ab922e220dc4f3b81217959d6d,2026-10-11T15:15:00Z,Rennes,Auxerre,A,pinnacle,6.49,0.14858,7.5,unibet_se,19,6.0,6.0
2026-10-06T20:54:14+00:00,soccer_france_ligue_one,34f584ab922e220dc4f3b81217959d6d,2026-10-11T15:15:00Z,Rennes,Auxerre,H,pinnacle,1.46,0.66047,1.48,onexbet,19,1.4,1.4
2026-10-06T20:54:14+00:00,soccer_france_ligue_one,34f584ab922e220dc4f3b81217959d6d,2026-10-11T15:15:00Z,Rennes,Auxerre,Draw,pinnacle,5.05,0.19095,5.18,betonlineag,19,4.8,4.6
2026-10-06T20:54:14+00:00,soccer_france_ligue_one,cb7067ac191abf32ad49dad45e46f639,2026-10-11T18:45:00Z,Troyes,Marseille,A,pinnacle,1.9,0.50869,1.93,unibet_se,19,1.8,1.85
2026-10-06T20:54:14+00:00,soccer_france_ligue_one,cb7067ac191abf32ad49dad45e46f639,2026-10-11T18:45:00Z,Troyes,Marseille,H,pinnacle,3.89,0.24846,4.03,onexbet,19,3.68,3.6
2026-10-06T20:54:14+00:00,soccer_france_ligue_one,cb7067ac191abf32ad49dad45e46f639,2026-10-11T18:45:00Z,Troyes,Marseille,Draw,pinnacle,3.98,0.24284,4.2,coolbet,19,3.78,3.6
2026-10-06T20:54:14+00:00,soccer_france_ligue_one,66c168c030f3faad3983fcadc3060009,2026-10-16T18:45:00Z,Le Mans FC,Toulouse,H,pinnacle,3.12,0.30531,3.3,unibet_se,14,2.9,3.0
2026-10-06T20:54:14+00:00,soccer_france_ligue_one,66c168c030f3faad3983fcadc3060009,2026-10-16T18:45:00Z,Le Mans FC,Toulouse,A,pinnacle,2.28,0.41779,2.34,onexbet,14,2.18,2.2
2026-10-06T20:54:14+00:00,soccer_france_ligue_one,66c168c030f3faad3983fcadc3060009,2026-10-16T18:45:00Z,Le Mans FC,Toulouse,Draw,pinnacle,3.44,0.27691,3.57,onexbet,14,3.37,3.3
2026-10-06T20:54:14+00:00,soccer_france_ligue_one,f3034246520a2ee4ff0ac0d5074966f8,2026-10-17T15:15:00Z,Strasbourg,Paris Saint Germain,A,pinnacle,1.4,0.67671,1.46,onexbet,14,1.36,1.4
2026-10-06T20:54:14+00:00,soccer_france_ligue_one,f3034246520a2ee4ff0ac0d5074966f8,2026-10-17T15:15:00Z,Strasbourg,Paris Saint Germain,H,pinnacle,6.38,0.14849,7.3,nordicbet,14,5.6,6.0
2026-10-06T20:54:14+00:00,soccer_france_ligue_one,f3034246520a2ee4ff0ac0d5074966f8,2026-10-17T15:15:00Z,Strasbourg,Paris Saint Germain,Draw,pinnacle,5.42,0.1748,5.7,tipico_de,14,5.4,4.8
2026-10-06T20:54:14+00:00,soccer_france_ligue_one,ad25a350c89b64715e15c59cde5653d3,2026-10-17T18:45:00Z,Lille,Brest,A,pinnacle,5.42,0.17489,5.4,unibet_se,14,4.9,4.8
2026-10-06T20:54:14+00:00,soccer_france_ligue_one,ad25a350c89b64715e15c59cde5653d3,2026-10-17T18:45:00Z,Lille,Brest,H,pinnacle,1.58,0.59995,1.66,onexbet,14,1.53,1.61
2026-10-06T20:54:14+00:00,soccer_france_ligue_one,ad25a350c89b64715e15c59cde5653d3,2026-10-17T18:45:00Z,Lille,Brest,Draw,pinnacle,4.21,0.22516,4.37,onexbet,14,4.1,3.9
2026-10-06T20:54:14+00:00,soccer_france_ligue_one,b077aa049133c0358bcd643bfee48da3,2026-10-17T18:45:00Z,Troyes,RC Lens,A,pinnacle,1.81,0.52431,1.87,onexbet,14,1.76,1.8
2026-10-06T20:54:14+00:00,soccer_france_ligue_one,b077aa049133c0358bcd643bfee48da3,2026-10-17T18:45:00Z,Troyes,RC Lens,H,pinnacle,4.0,0.23725,4.3,onexbet,14,3.75,3.9
2026-10-06T20:54:14+00:00,soccer_france_ligue_one,b077aa049133c0358bcd643bfee48da3,2026-10-17T18:45:00Z,Troyes,RC Lens,Draw,pinnacle,3.98,0.23844,4.1,unibet_se,14,3.78,3.7
2026-10-06T20:54:14+00:00,soccer_france_ligue_one,c7a60aa94470fe959fbf6b0c68060fc1,2026-10-18T13:00:00Z,Angers,Marseille,H,pinnacle,3.21,0.29652,3.3,tipico_de,14,3.0,3.0
2026-10-06T20:54:14+00:00,soccer_france_ligue_one,c7a60aa94470fe959fbf6b0c68060fc1,2026-10-18T13:00:00Z,Angers,Marseille,A,pinnacle,2.12,0.44898,2.28,onexbet,14,2.07,2.15
2026-10-06T20:54:14+00:00,soccer_france_ligue_one,c7a60aa94470fe959fbf6b0c68060fc1,2026-10-18T13:00:00Z,Angers,Marseille,Draw,pinnacle,3.74,0.2545,3.8,unibet_se,14,3.53,3.4
2026-10-06T20:54:14+00:00,soccer_france_ligue_one,53f5fe7ed0ba0fbf6345c73270e4cd00,2026-10-18T15:15:00Z,Lorient,AS Monaco,A,pinnacle,2.15,0.44264,2.17,onexbet,14,2.0,2.05
2026-10-06T20:54:14+00:00,soccer_france_ligue_one,53f5fe7ed0ba0fbf6345c73270e4cd00,2026-10-18T15:15:00Z,Lorient,AS Monaco,H,pinnacle,3.4,0.2799,3.75,unibet_se,14,3.25,3.4
2026-10-06T20:54:14+00:00,soccer_france_ligue_one,53f5fe7ed0ba0fbf6345c73270e4cd00,2026-10-18T15:15:00Z,Lorient,AS Monaco,Draw,pinnacle,3.43,0.27746,3.58,onexbet,14,3.42,3.3
2026-10-06T20:54:14+00:00,soccer_france_ligue_one,d637845b9760bb02b55bbbaa32b5c21e,2026-10-18T15:15:00Z,Le Havre,Auxerre,A,pinnacle,2.9,0.32826,3.0,unibet_se,14,2.77,2.8
2026-10-06T20:54:14+00:00,soccer_france_ligue_one,d637845b9760bb02b55bbbaa32b5c21e,2026-10-18T15:15:00Z,Le Havre,Auxerre,H,pinnacle,2.43,0.39175,2.52,onexbet,14,2.28,2.4
2026-10-06T20:54:14+00:00,soccer_france_ligue_one,d637845b9760bb02b55bbbaa32b5c21e,2026-10-18T15:15:00Z,Le Havre,Auxerre,Draw,pinnacle,3.4,0.27999,3.51,onexbet,14,3.32,3.25
2026-10-06T20:54:14+00:00,soccer_france_ligue_one,27f7222d2abde93fc6e8d17b5b05b272,2026-10-18T15:15:00Z,Paris FC,Rennes,H,pinnacle,2.33,0.409,2.37,onexbet,14,2.13,2.25
2026-10-06T20:54:14+00:00,soccer_france_ligue_one,27f7222d2abde93fc6e8d17b5b05b272,2026-10-18T15:15:00Z,Paris FC,Rennes,A,pinnacle,3.23,0.29504,3.29,onexbet,14,2.95,2.88
2026-10-06T20:54:14+00:00,soccer_france_ligue_one,27f7222d2abde93fc6e8d17b5b05b272,2026-10-18T15:15:00Z,Paris FC,Rennes,Draw,pinnacle,3.22,0.29596,3.6,unibet_se,14,3.43,3.5
2026-10-06T20:54:14+00:00,soccer_france_ligue_one,471f891b1f6516a864ad94c8eb649f5e,2026-10-18T18:45:00Z,Lyon,Nice,H,pinnacle,1.65,0.57582,1.71,onexbet,14,1.6,1.65
2026-10-06T20:54:14+00:00,soccer_france_ligue_one,471f891b1f6516a864ad94c8eb649f5e,2026-10-18T18:45:00Z,Lyon,Nice,A,pinnacle,4.88,0.19469,5.24,onexbet,14,4.55,4.8
2026-10-06T20:54:14+00:00,soccer_france_ligue_one,471f891b1f6516a864ad94c8eb649f5e,2026-10-18T18:45:00Z,Lyon,Nice,Draw,pinnacle,4.14,0.22949,4.2,tipico_de,14,3.9,3.8
2026-10-07T16:20:10+00:00,soccer_portugal_primeira_liga,0956c06cd173899e11422bece0fbf94f,2026-10-09T17:45:00Z,Moreirense FC,Gil Vicente,A,pinnacle,2.22,0.42859,2.3,matchbook,15,2.08,2.15
2026-10-07T16:20:10+00:00,soccer_portugal_primeira_liga,0956c06cd173899e11422bece0fbf94f,2026-10-09T17:45:00Z,Moreirense FC,Gil Vicente,H,pinnacle,3.52,0.27031,3.5,matchbook,15,3.23,3.3
2026-10-07T16:20:10+00:00,soccer_portugal_primeira_liga,0956c06cd173899e11422bece0fbf94f,2026-10-09T17:45:00Z,Moreirense FC,Gil Vicente,Draw,pinnacle,3.16,0.3011,3.25,matchbook,15,3.02,3.1
2026-10-07T16:20:10+00:00,soccer_portugal_primeira_liga,b4d52d1abd5efcd669a093139239c7b0,2026-10-09T19:15:00Z,Braga,Sporting Lisbon,H,pinnacle,3.55,0.26777,3.7,tipico_de,14,3.35,3.5
2026-10-07T16:20:10+00:00,soccer_portugal_primeira_liga,b4d52d1abd5efcd669a093139239c7b0,2026-10-09T19:15:00Z,Braga,Sporting Lisbon,A,pinnacle,2.05,0.4637,2.16,matchbook,14,1.93,2.05
2026-10-07T16:20:10+00:00,soccer_portugal_primeira_liga,b4d52d1abd5efcd669a093139239c7b0,2026-10-09T19:15:00Z,Braga,Sporting Lisbon,Draw,pinnacle,3.54,0.26853,3.45,matchbook,14,3.28,3.25
2026-10-07T16:20:10+00:00,soccer_portugal_primeira_liga,710dd3ffd365c610f1969a86cd70e074,2026-10-10T14:30:00Z,Casa Pia,Santa Clara,H,pinnacle,4.3,0.22088,4.6,tipico_de,15,4.05,4.0
2026-10-07T16:20:10+00:00,soccer_portugal_primeira_liga,710dd3ffd365c610f1969a86cd70e074,2026-10-10T14:30:00Z,Casa Pia,Santa Clara,A,pinnacle,1.91,0.49728,1.95,matchbook,15,1.81,1.91
2026-10-07T16:20:10+00:00,soccer_portugal_primeira_liga,710dd3ffd365c610f1969a86cd70e074,2026-10-10T14:30:00Z,Casa Pia,Santa Clara,Draw,pinnacle,3.37,0.28184,3.35,matchbook,15,3.12,3.1
2026-10-07T16:20:10+00:00,soccer_portugal_primeira_liga,d9bfec13c112810701ee7e60f02bffa5,2026-10-10T17:00:00Z,CS Maritimo,FC Porto,H,betfair_ex_eu,10.0,0.09621,10.0,tipico_de,14,8.5,9.0
2026-10-07T16:20:10+00:00,soccer_portugal_primeira_liga,d9bfec13c112810701ee7e60f02bffa5,2026-10-10T17:00:00Z,CS Maritimo,FC Porto,A,betfair_ex_eu,1.32,0.72886,1.36,gtbets,14,1.26,1.3
2026-10-07T16:20:10+00:00,soccer_portugal_primeira_liga,d9bfec13c112810701ee7e60f02bffa5,2026-10-10T17:00:00Z,CS Maritimo,FC Porto,Draw,betfair_ex_eu,5.5,0.17493,5.17,gtbets,14,4.85,5.0
2026-10-07T16:20:10+00:00,soccer_portugal_primeira_liga,2444214363711d31867a9df8c712ec8d,2026-10-10T19:30:00Z,Académico de Viseu,Estoril,H,pinnacle,2.28,0.41798,2.3,unibet_se,14,2.08,2.25
2026-10-07T16:20:10+00:00,soccer_portugal_primeira_liga,2444214363711d31867a9df8c712ec8d,2026-10-10T19:30:00Z,Académico de Viseu,Estoril,A,pinnacle,3.15,0.30254,3.1,tipico_de,14,2.98,2.9
2026-10-07T16:20:10+00:00,soccer_portugal_primeira_liga,2444214363711d31867a9df8c712ec8d,2026-10-10T19:30:00Z,Académico de Viseu,Estoril,Draw,pinnacle,3.41,0.27947,3.43,gtbets,14,3.3,3.3
2026-10-07T16:20:10+00:00,soccer_portugal_primeira_liga,5ecd75456d38ef4c394e502ecdd8937c,2026-10-11T14:30:00Z,Rio Ave FC,Nacional,A,pinnacle,3.19,0.29897,3.22,gtbets,14,3.02,3.1
2026-10-07T16:20:10+00:00,soccer_portugal_primeira_liga,5ecd75456d38ef4c394e502ecdd8937c,2026-10-11T14:30:00Z,Rio Ave FC,Nacional,H,pinnacle,2.34,0.40757,2.3,tipico_de,14,2.12,2.25
2026-10-07T16:20:10+00:00,soccer_portugal_primeira_liga,5ecd75456d38ef4c394e502ecdd8937c,2026-10-11T14:30:00Z,Rio Ave FC,Nacional,Draw,pinnacle,3.25,0.29345,3.28,gtbets,14,3.15,3.2
2026-10-07T16:20:10+00:00,soccer_portugal_primeira_liga,5696ee371ba00ede3dc8a64d24ce79f1,2026-10-11T17:00:00Z,Benfica,Vitória SC,H,betfair_ex_eu,1.21,0.78755,1.27,gtbets,14,1.17,1.22
2026-10-07T16:20:10+00:00,soccer_portugal_primeira_liga,5696ee371ba00ede3dc8a64d24ce79f1,2026-10-11T17:00:00Z,Benfica,Vitória SC,A,betfair_ex_eu,14.0,0.06807,14.5,nordicbet,14,10.5,11.0
2026-10-07T16:20:10+00:00,soccer_portugal_primeira_liga,5696ee371ba00ede3dc8a64d24ce79f1,2026-10-11T17:00:00Z,Benfica,Vitória SC,Draw,betfair_ex_eu,6.6,0.14438,6.8,tipico_de,14,5.9,6.0
2026-10-07T16:20:10+00:00,soccer_portugal_primeira_liga,2aa9808e7e84598f45ccf338a9b8912a,2026-10-11T19:30:00Z,Arouca,CF Estrela,H,pinnacle,2.07,0.45914,2.18,gtbets,14,1.96,2.1
2026-10-07T16:20:10+00:00,soccer_portugal_primeira_liga,2aa9808e7e84598f45ccf338a9b8912a,2026-10-11T19:30:00Z,Arouca,CF Estrela,A,pinnacle,3.47,0.27389,3.5,tipico_de,14,3.28,3.25
2026-10-07T16:20:10+00:00,soccer_portugal_primeira_liga,2aa9808e7e84598f45ccf338a9b8912a,2026-10-11T19:30:00Z,Arouca,CF Estrela,Draw,pinnacle,3.56,0.26697,3.5,tipico_de,14,3.28,3.3
2026-10-07T16:20:10+00:00,soccer_portugal_primeira_liga,789c3dd95a7fcef675ce5a40b07371a2,2026-10-12T19:15:00Z,Famalicão,Alverca,A,pinnacle,4.92,0.1929,4.8,betonlineag,14,4.35,4.0
2026-10-07T16:20:10+00:00,soccer_portugal_primeira_liga,789c3dd95a7fcef675ce5a40b07371a2,2026-10-12T19:15:00Z,Famalicão,Alverca,H,pinnacle,1.83,0.51862,1.85,williamhill,14,1.72,1.85
2026-10-07T16:20:10+00:00,soccer_portugal_primeira_liga,789c3dd95a7fcef675ce5a40b07371a2,2026-10-12T19:15:00Z,Famalicão,Alverca,Draw,pinnacle,3.29,0.28847,3.5,tipico_de,14,3.25,3.4
2026-10-07T16:20:10+00:00,soccer_epl,b870dcfba5e5920d3f1551a3aa1ea435,2026-10-10T11:30:00Z,Arsenal,Leeds United,H,pinnacle,1.37,0.70133,1.44,onexbet,21,1.34,1.4
2026-10-07T16:20:10+00:00,soccer_epl,b870dcfba5e5920d3f1551a3aa1ea435,2026-10-10T11:30:00Z,Arsenal,Leeds United,A,pinnacle,8.41,0.11425,9.0,matchbook,21,7.5,7.0
2026-10-07T16:20:10+00:00,soccer_epl,b870dcfba5e5920d3f1551a3aa1ea435,2026-10-10T11:30:00Z,Arsenal,Leeds United,Draw,pinnacle,5.21,0.18442,5.4,matchbook,21,4.8,4.6
2026-10-07T16:20:10+00:00,soccer_epl,02e6c0ccb11bb7ce78989ce49d67110b,2026-10-10T14:00:00Z,Aston Villa,Brentford,H,pinnacle,2.69,0.35968,2.78,matchbook,21,2.58,2.62
2026-10-07T16:20:10+00:00,soccer_epl,02e6c0ccb11bb7ce78989ce49d67110b,2026-10-10T14:00:00Z,Aston Villa,Brentford,A,pinnacle,2.62,0.36929,2.7,unibet_se,21,2.42,2.5
2026-10-07T16:20:10+00:00,soccer_epl,02e6c0ccb11bb7ce78989ce49d67110b,2026-10-10T14:00:00Z,Aston Villa,Brentford,Draw,pinnacle,3.57,0.27102,3.7,unibet_se,21,3.45,3.3
2026-10-07T16:20:10+00:00,soccer_epl,45d4a466e32cd2b4ea535207923ceaf5,2026-10-10T14:00:00Z,Chelsea,Bournemouth,A,pinnacle,4.64,0.20788,4.8,matchbook,21,4.25,4.2
2026-10-07T16:20:10+00:00,soccer_epl,45d4a466e32cd2b4ea535207923ceaf5,2026-10-10T14:00:00Z,Chelsea,Bournemouth,H,pinnacle,1.72,0.5608,1.79,onexbet,21,1.64,1.73
2026-10-07T16:20:10+00:00,soccer_epl,45d4a466e32cd2b4ea535207923ceaf5,2026-10-10T14:00:00Z,Chelsea,Bournemouth,Draw,pinnacle,4.17,0.23131,4.5,matchbook,21,4.05,3.9
2026-10-07T16:20:10+00:00,soccer_epl,380b8f24ec5430fb545a7490c1017285,2026-10-10T14:00:00Z,Sunderland,Brighton and Hove Albion,A,pinnacle,2.38,0.40718,2.49,onexbet,21,2.25,2.38
2026-10-07T16:20:10+00:00,soccer_epl,380b8f24ec5430fb545a7490c1017285,2026-10-10T14:00:00Z,Sunderland,Brighton and Hove Albion,H,pinnacle,3.03,0.31983,3.15,matchbook,21,2.87,2.8
2026-10-07T16:20:10+00:00,soccer_epl,380b8f24ec5430fb545a7490c1017285,2026-10-10T14:00:00Z,Sunderland,Brighton and Hove Albion,Draw,pinnacle,3.55,0.27298,3.65,unibet_se,21,3.38,3.3
2026-10-07T16:20:10+00:00,soccer_epl,288b4ff00c79daa712c911c564fe1be7,2026-10-10T14:00:00Z,Ipswich Town,Fulham,A,pinnacle,2.46,0.39357,2.56,matchbook,21,2.3,2.4
2026-10-07T16:20:10+00:00,soccer_epl,288b4ff00c79daa712c911c564fe1be7,2026-10-10T14:00:00Z,Ipswich Town,Fulham,H,pinnacle,2.85,0.33971,2.94,matchbook,21,2.77,2.75
2026-10-07T16:20:10+00:00,soccer_epl,288b4ff00c79daa712c911c564fe1be7,2026-10-10T14:00:00Z,Ipswich Town,Fulham,Draw,pinnacle,3.63,0.26672,3.65,unibet_se,21,3.42,3.4
2026-10-07T16:20:10+00:00,soccer_epl,22c9b2c43cbe1334381269550dab78e6,2026-10-10T16:30:00Z,Manchester United,Tottenham Hotspur,H,pinnacle,1.72,0.56037,1.76,onexbet,21,1.64,1.7
2026-10-07T16:20:10+00:00,soccer_epl,22c9b2c43cbe1334381269550dab78e6,2026-10-10T16:30:00Z,Manchester United,Tottenham Hotspur,A,pinnacle,4.42,0.21806,4.8,unibet_se,21,4.3,4.33
2026-10-07T16:20:10+00:00,soccer_epl,22c9b2c43cbe1334381269550dab78e6,2026-10-10T16:30:00Z,Manchester United,Tottenham Hotspur,Draw,pinnacle,4.35,0.22157,4.5,matchbook,21,4.05,3.9
2026-10-07T16:20:10+00:00,soccer_epl,86effab5c6e7bfd58c8e88b1fb7c6ba9,2026-10-11T13:00:00Z,Crystal Palace,Nottingham Forest,H,pinnacle,2.74,0.35339,2.78,matchbook,21,2.52,2.62
2026-10-07T16:20:10+00:00,soccer_epl,86effab5c6e7bfd58c8e88b1fb7c6ba9,2026-10-11T13:00:00Z,Crystal Palace,Nottingham Forest,A,pinnacle,2.67,0.36265,2.82,matchbook,21,2.57,2.62
2026-10-07T16:20:10+00:00,soccer_epl,86effab5c6e7bfd58c8e88b1fb7c6ba9,2026-10-11T13:00:00Z,Crystal Palace,Nottingham Forest,Draw,pinnacle,3.41,0.28396,3.44,onexbet,21,3.3,3.1
2026-10-07T16:20:10+00:00,soccer_epl,0bdae4d304810578e47386606bff7106,2026-10-11T13:00:00Z,Hull City,Everton,A,pinnacle,2.06,0.46944,2.14,matchbook,21,2.0,2.05
2026-10-07T16:20:10+00:00,soccer_epl,0bdae4d304810578e47386606bff7106,2026-10-11T13:00:00Z,Hull City,Everton,H,pinnacle,3.78,0.25583,3.9,matchbook,21,3.48,3.5
2026-10-07T16:20:10+00:00,soccer_epl,0bdae4d304810578e47386606bff7106,2026-10-11T13:00:00Z,Hull City,Everton,Draw,pinnacle,3.52,0.27473,3.62,onexbet,21,3.3,3.3
2026-10-07T16:20:10+00:00,soccer_epl,6dbab232dd8d2aed0cb1d6f7978fb7b1,2026-10-11T15:30:00Z,Liverpool,Manchester City,H,pinnacle,2.63,0.36805,2.7,unibet_se,21,2.52,2.5
2026-10-07T16:20:10+00:00,soccer_epl,6dbab232dd8d2aed0cb1d6f7978fb7b1,2026-10-11T15:30:00Z,Liverpool,Manchester City,A,pinnacle,2.58,0.37519,2.67,onexbet,21,2.43,2.5
2026-10-07T16:20:10+00:00,soccer_epl,6dbab232dd8d2aed0cb1d6f7978fb7b1,2026-10-11T15:30:00Z,Liverpool,Manchester City,Draw,pinnacle,3.77,0.25676,3.86,betonlineag,21,3.55,3.5
2026-10-07T16:20:10+00:00,soccer_epl,acd5bd945dd953ad1e300df5bfe696f9,2026-10-12T19:00:00Z,Coventry City,Newcastle United,H,pinnacle,3.5,0.27622,3.55,matchbook,21,3.2,3.2
2026-10-07T16:20:10+00:00,soccer_epl,acd5bd945dd953ad1e300df5bfe696f9,2026-10-12T19:00:00Z,Coventry City,Newcastle United,A,pinnacle,2.1,0.46036,2.18,unibet_se,21,2.02,2.1
2026-10-07T16:20:10+00:00,soccer_epl,acd5bd945dd953ad1e300df5bfe696f9,2026-10-12T19:00:00Z,Coventry City,Newcastle United,Draw,pinnacle,3.67,0.26342,3.8,unibet_se,21,3.53,3.4
2026-10-07T16:20:10+00:00,soccer_epl,764e6513cb3f348881503df70ccb90e0,2026-10-17T11:30:00Z,Everton,Chelsea,A,pinnacle,2.38,0.40004,2.45,onexbet,14,2.18,2.3
2026-10-07T16:20:10+00:00,soccer_epl,764e6513cb3f348881503df70ccb90e0,2026-10-17T11:30:00Z,Everton,Chelsea,H,pinnacle,2.73,0.34875,2.95,unibet_se,14,2.8,2.7
2026-10-07T16:20:10+00:00,soccer_epl,764e6513cb3f348881503df70ccb90e0,2026-10-17T11:30:00Z,Everton,Chelsea,Draw,pinnacle,3.79,0.25121,3.86,onexbet,14,3.53,3.5
2026-10-07T16:20:10+00:00,soccer_epl,8f1945e7272bc7e89016439f5ab321c7,2026-10-17T14:00:00Z,Brentford,Liverpool,H,pinnacle,2.77,0.34346,2.88,onexbet,14,2.7,2.75
2026-10-07T16:20:10+00:00,soccer_epl,8f1945e7272bc7e89016439f5ab321c7,2026-10-17T14:00:00Z,Brentford,Liverpool,A,pinnacle,2.43,0.39152,2.5,onexbet,14,2.23,2.3
2026-10-07T16:20:10+00:00,soccer_epl,8f1945e7272bc7e89016439f5ab321c7,2026-10-17T14:00:00Z,Brentford,Liverpool,Draw,pinnacle,3.59,0.26501,3.8,unibet_se,14,3.58,3.5
2026-10-07T16:20:10+00:00,soccer_epl,7895f97f2f9577f3b13287a3d086859d,2026-10-17T14:00:00Z,Fulham,Hull City,H,pinnacle,1.67,0.56759,1.73,onexbet,14,1.62,1.65
2026-10-07T16:20:10+00:00,soccer_epl,7895f97f2f9577f3b13287a3d086859d,2026-10-17T14:00:00Z,Fulham,Hull City,A,pinnacle,4.85,0.19544,5.18,onexbet,14,4.5,4.8
2026-10-07T16:20:10+00:00,soccer_epl,7895f97f2f9577f3b13287a3d086859d,2026-10-17T14:00:00Z,Fulham,Hull City,Draw,pinnacle,4.0,0.23697,4.11,onexbet,14,3.83,3.9
2026-10-07T16:20:10+00:00,soccer_epl,bf2142d1ca76ba2fc9e61afce80f86c0,2026-10-17T14:00:00Z,Manchester City,Ipswich Town,A,pinnacle,10.39,0.09036,12.51,betsson,14,10.25,10.0
2026-10-07T16:20:10+00:00,soccer_epl,bf2142d1ca76ba2fc9e61afce80f86c0,2026-10-17T14:00:00Z,Manchester City,Ipswich Town,H,pinnacle,1.21,0.7759,1.26,onexbet,14,1.17,1.22
2026-10-07T16:20:10+00:00,soccer_epl,bf2142d1ca76ba2fc9e61afce80f86c0,2026-10-17T14:00:00Z,Manchester City,Ipswich Town,Draw,pinnacle,7.02,0.13374,7.5,tipico_de,14,6.75,6.0
2026-10-07T16:20:10+00:00,soccer_epl,d1bbbdcd3d430e70091b518369b559cf,2026-10-17T16:30:00Z,Newcastle United,Aston Villa,A,pinnacle,3.22,0.29535,3.35,onexbet,14,3.18,3.1
2026-10-07T16:20:10+00:00,soccer_epl,d1bbbdcd3d430e70091b518369b559cf,2026-10-17T16:30:00Z,Newcastle United,Aston Villa,H,pinnacle,2.09,0.45504,2.17,onexbet,14,1.98,2.05
2026-10-07T16:20:10+00:00,soccer_epl,d1bbbdcd3d430e70091b518369b559cf,2026-10-17T16:30:00Z,Newcastle United,Aston Villa,Draw,pinnacle,3.81,0.24961,3.95,unibet_se,14,3.58,3.6
2026-10-07T16:20:10+00:00,soccer_epl,dfd5d6648be46426e418801584d46a68,2026-10-18T13:00:00Z,Bournemouth,Sunderland,H,pinnacle,2.01,0.47345,2.04,onexbet,14,1.94,1.95
2026-10-07T16:20:10+00:00,soccer_epl,dfd5d6648be46426e418801584d46a68,2026-10-18T13:00:00Z,Bournemouth,Sunderland,A,pinnacle,3.65,0.26072,3.85,onexbet,14,3.42,3.6
2026-10-07T16:20:10+00:00,soccer_epl,dfd5d6648be46426e418801584d46a68,2026-10-18T13:00:00Z,Bournemouth,Sunderland,Draw,pinnacle,3.58,0.26582,3.75,onexbet,14,3.42,3.4
2026-10-07T16:20:10+00:00,soccer_epl,9fc08b390a49c4434f7cf631a0bb88fb,2026-10-18T13:00:00Z,Brighton and Hove Albion,Crystal Palace,H,pinnacle,1.63,0.58094,1.67,onexbet,14,1.58,1.61
2026-10-07T16:20:10+00:00,soccer_epl,9fc08b390a49c4434f7cf631a0bb88fb,2026-10-18T13:00:00Z,Brighton and Hove Albion,Crystal Palace,A,pinnacle,4.75,0.19935,5.3,unibet_se,14,4.55,4.75
2026-10-07T16:20:10+00:00,soccer_epl,9fc08b390a49c4434f7cf631a0bb88fb,2026-10-18T13:00:00Z,Brighton and Hove Albion,Crystal Palace,Draw,pinnacle,4.31,0.21971,4.45,onexbet,14,4.05,4.0
2026-10-07T16:20:10+00:00,soccer_epl,676b3b0b609e9cf565da450786618d26,2026-10-18T13:00:00Z,Leeds United,Manchester United,H,pinnacle,2.83,0.33657,2.95,unibet_se,14,2.77,2.75
2026-10-07T16:20:10+00:00,soccer_epl,676b3b0b609e9cf565da450786618d26,2026-10-18T13:00:00Z,Leeds United,Manchester United,A,pinnacle,2.35,0.40531,2.44,onexbet,14,2.2,2.38
2026-10-07T16:20:10+00:00,soccer_epl,676b3b0b609e9cf565da450786618d26,2026-10-18T13:00:00Z,Leeds United,Manchester United,Draw,pinnacle,3.69,0.25812,3.77,onexbet,14,3.5,3.4
2026-10-07T16:20:10+00:00,soccer_epl,f696a248965373d9071dc0662e5c58a8,2026-10-18T15:30:00Z,Nottingham Forest,Arsenal,A,pinnacle,1.61,0.58865,1.66,onexbet,14,1.55,1.61
2026-10-07T16:20:10+00:00,soccer_epl,f696a248965373d9071dc0662e5c58a8,2026-10-18T15:30:00Z,Nottingham Forest,Arsenal,H,pinnacle,6.0,0.15795,6.11,onexbet,14,5.25,5.5
2026-10-07T16:20:10+00:00,soccer_epl,f696a248965373d9071dc0662e5c58a8,2026-10-18T15:30:00Z,Nottingham Forest,Arsenal,Draw,pinnacle,3.74,0.2534,4.1,unibet_se,14,3.8,3.7
2026-10-07T16:20:10+00:00,soccer_epl,9baaf4e48b041cfef04e70e42532502e,2026-10-19T19:00:00Z,Tottenham Hotspur,Coventry City,A,pinnacle,5.82,0.16297,6.47,onexbet,14,5.6,5.75
2026-10-07T16:20:10+00:00,soccer_epl,9baaf4e48b041cfef04e70e42532502e,2026-10-19T19:00:00Z,Tottenham Hotspur,Coventry City,H,pinnacle,1.51,0.62812,1.54,onexbet,14,1.43,1.5
2026-10-07T16:20:10+00:00,soccer_epl,9baaf4e48b041cfef04e70e42532502e,2026-10-19T19:00:00Z,Tottenham Hotspur,Coventry City,Draw,pinnacle,4.54,0.20891,4.8,tipico_de,14,4.45,4.2
2026-10-07T16:20:10+00:00,soccer_spain_la_liga,4e4c6763037ffc0e1dfe92ed16287b6d,2026-10-09T19:00:00Z,Málaga,Espanyol,A,pinnacle,2.72,0.35597,2.83,onexbet,17,2.53,
2026-10-07T16:20:10+00:00,soccer_spain_la_liga,4e4c6763037ffc0e1dfe92ed16287b6d,2026-10-09T19:00:00Z,Málaga,Espanyol,H,pinnacle,2.82,0.34334,2.9,matchbook,17,2.67,
2026-10-07T16:20:10+00:00,soccer_spain_la_liga,4e4c6763037ffc0e1dfe92ed16287b6d,2026-10-09T19:00:00Z,Málaga,Espanyol,Draw,pinnacle,3.22,0.30069,3.37,onexbet,17,3.12,
2026-10-07T16:20:10+00:00,soccer_spain_la_liga,349c47668fdd909039a9408c14cad8bc,2026-10-10T12:00:00Z,Rayo Vallecano,Athletic Bilbao,A,pinnacle,2.68,0.36149,2.8,coolbet,17,2.45,
2026-10-07T16:20:10+00:00,soccer_spain_la_liga,349c47668fdd909039a9408c14cad8bc,2026-10-10T12:00:00Z,Rayo Vallecano,Athletic Bilbao,H,pinnacle,2.74,0.35357,2.88,unibet_nl,17,2.63,
2026-10-07T16:20:10+00:00,soccer_spain_la_liga,349c47668fdd909039a9408c14cad8bc,2026-10-10T12:00:00Z,Rayo Vallecano,Athletic Bilbao,Draw,pinnacle,3.4,0.28494,3.48,onexbet,17,3.3,
2026-10-07T16:20:10+00:00,soccer_spain_la_liga,3869391e3dbdcaa74153b11df56a3fe5,2026-10-10T14:15:00Z,Alavés,Atlético Madrid,H,pinnacle,4.31,0.22389,4.5,matchbook,16,4.1,
2026-10-07T16:20:10+00:00,soccer_spain_la_liga,3869391e3dbdcaa74153b11df56a3fe5,2026-10-10T14:15:00Z,Alavés,Atlético Madrid,A,pinnacle,1.86,0.51879,1.91,onexbet,16,1.77,
2026-10-07T16:20:10+00:00,soccer_spain_la_liga,3869391e3dbdcaa74153b11df56a3fe5,2026-10-10T14:15:00Z,Alavés,Atlético Madrid,Draw,pinnacle,3.75,0.25732,3.85,unibet_se,16,3.58,
2026-10-07T16:20:10+00:00,soccer_spain_la_liga,edb80d633a1906e5865ab70cc9b540ea,2026-10-10T16:30:00Z,Barcelona,Getafe,H,pinnacle,1.08,0.8924,1.1,matchbook,17,1.06,
2026-10-07T16:20:10+00:00,soccer_spain_la_liga,edb80d633a1906e5865ab70cc9b540ea,2026-10-10T16:30:00Z,Barcelona,Getafe,A,pinnacle,22.41,0.04301,40.0,onexbet,17,22.0,
2026-10-07T16:20:10+00:00,soccer_spain_la_liga,edb80d633a1906e5865ab70cc9b540ea,2026-10-10T16:30:00Z,Barcelona,Getafe,Draw,pinnacle,14.92,0.0646,17.0,matchbook,17,9.75,
2026-10-07T16:20:10+00:00,soccer_spain_la_liga,551f242223b1625f458d1a2ea212a0c3,2026-10-10T19:00:00Z,Real Madrid,Villarreal,H,pinnacle,1.35,0.71411,1.37,onexbet,17,1.31,
2026-10-07T16:20:10+00:00,soccer_spain_la_liga,551f242223b1625f458d1a2ea212a0c3,2026-10-10T19:00:00Z,Real Madrid,Villarreal,A,pinnacle,7.51,0.12837,9.0,unibet_nl,17,6.6,
2026-10-07T16:20:10+00:00,soccer_spain_la_liga,551f242223b1625f458d1a2ea212a0c3,2026-10-10T19:00:00Z,Real Madrid,Villarreal,Draw,pinnacle,6.12,0.15752,6.6,matchbook,17,5.75,
2026-10-07T16:20:10+00:00,soccer_spain_la_liga,7daf7edaf572eba3ac86196c663d67d3,2026-10-11T12:00:00Z,Elche CF,Celta Vigo,A,pinnacle,2.67,0.36229,2.75,coolbet,17,2.47,
2026-10-07T16:20:10+00:00,soccer_spain_la_liga,7daf7edaf572eba3ac86196c663d67d3,2026-10-11T12:00:00Z,Elche CF,Celta Vigo,H,pinnacle,2.8,0.34547,2.93,onexbet,17,2.7,
2026-10-07T16:20:10+00:00,soccer_spain_la_liga,7daf7edaf572eba3ac86196c663d67d3,2026-10-11T12:00:00Z,Elche CF,Celta Vigo,Draw,pinnacle,3.31,0.29224,3.33,onexbet,17,3.17,
2026-10-07T16:20:10+00:00,soccer_spain_la_liga,2997b68cc93f62d8a1dee9f06bedbefd,2026-10-11T14:15:00Z,Real Sociedad,Deportivo La Coruña,A,pinnacle,5.47,0.17605,6.0,matchbook,16,,
2026-10-07T16:20:10+00:00,soccer_spain_la_liga,2997b68cc93f62d8a1dee9f06bedbefd,2026-10-11T14:15:00Z,Real Sociedad,Deportivo La Coruña,H,pinnacle,1.63,0.59079,1.69,onexbet,16,,
2026-10-07T16:20:10+00:00,soccer_spain_la_liga,2997b68cc93f62d8a1dee9f06bedbefd,2026-10-11T14:15:00Z,Real Sociedad,Deportivo La Coruña,Draw,pinnacle,4.13,0.23317,4.2,unibet_se,16,,
2026-10-07T16:20:10+00:00,soccer_spain_la_liga,984691837d31fd0c59c088f377f55f75,2026-10-11T16:30:00Z,Real Betis,CA Osasuna,A,pinnacle,5.78,0.16712,6.4,matchbook,17,5.25,
2026-10-07T16:20:10+00:00,soccer_spain_la_liga,984691837d31fd0c59c088f377f55f75,2026-10-11T16:30:00Z,Real Betis,CA Osasuna,H,pinnacle,1.56,0.61918,1.64,onexbet,17,1.53,
2026-10-07T16:20:10+00:00,soccer_spain_la_liga,984691837d31fd0c59c088f377f55f75,2026-10-11T16:30:00Z,Real Betis,CA Osasuna,Draw,pinnacle,4.52,0.2137,4.54,betonlineag,17,4.05,
2026-10-07T16:20:10+00:00,soccer_spain_la_liga,66a4f4201806b928c9007116727fdd61,2026-10-11T19:00:00Z,Real Racing Club de Santander,Valencia,H,pinnacle,2.35,0.41227,2.42,onexbet,17,2.2,
2026-10-07T16:20:10+00:00,soccer_spain_la_liga,66a4f4201806b928c9007116727fdd61,2026-10-11T19:00:00Z,Real Racing Club de Santander,Valencia,A,pinnacle,3.07,0.31558,3.15,unibet_nl,17,2.92,
2026-10-07T16:20:10+00:00,soccer_spain_la_liga,66a4f4201806b928c9007116727fdd61,2026-10-11T19:00:00Z,Real Racing Club de Santander,Valencia,Draw,pinnacle,3.56,0.27215,3.71,onexbet,17,3.45,
2026-10-07T16:20:10+00:00,soccer_spain_la_liga,529fc26c7774d5b469932e275c668921,2026-10-12T19:00:00Z,Levante,Sevilla,H,pinnacle,2.64,0.36618,2.8,coolbet,17,2.5,
2026-10-07T16:20:10+00:00,soccer_spain_la_liga,529fc26c7774d5b469932e275c668921,2026-10-12T19:00:00Z,Levante,Sevilla,A,pinnacle,2.8,0.34525,2.84,matchbook,17,2.63,
2026-10-07T16:20:10+00:00,soccer_spain_la_liga,529fc26c7774d5b469932e275c668921,2026-10-12T19:00:00Z,Levante,Sevilla,Draw,pinnacle,3.35,0.28857,3.41,onexbet,17,3.2,
2026-10-07T16:20:10+00:00,soccer_spain_la_liga,19ee731602634e5c9e3106630e087464,2026-10-16T19:00:00Z,Deportivo La Coruña,Levante,H,pinnacle,2.08,0.45761,2.17,onexbet,11,,
2026-10-07T16:20:10+00:00,soccer_spain_la_liga,19ee731602634e5c9e3106630e087464,2026-10-16T19:00:00Z,Deportivo La Coruña,Levante,A,pinnacle,3.54,0.26888,3.6,unibet_se,11,,
2026-10-07T16:20:10+00:00,soccer_spain_la_liga,19ee731602634e5c9e3106630e087464,2026-10-16T19:00:00Z,Deportivo La Coruña,Levante,Draw,pinnacle,3.48,0.27351,3.62,onexbet,11,,
2026-10-07T16:20:10+00:00,soccer_spain_la_liga,6436925dd15916d7041ba32b60000d48,2026-10-17T12:00:00Z,Espanyol,Atlético Madrid,A,pinnacle,1.85,0.51365,1.91,onexbet,11,1.75,
2026-10-07T16:20:10+00:00,soccer_spain_la_liga,6436925dd15916d7041ba32b60000d48,2026-10-17T12:00:00Z,Espanyol,Atlético Madrid,H,pinnacle,4.14,0.22953,4.32,onexbet,11,3.93,
2026-10-07T16:20:10+00:00,soccer_spain_la_liga,6436925dd15916d7041ba32b60000d48,2026-10-17T12:00:00Z,Espanyol,Atlético Madrid,Draw,pinnacle,3.7,0.25682,3.84,onexbet,11,3.63,
2026-10-07T16:20:10+00:00,soccer_spain_la_liga,aef660734585649651415961a9d177c6,2026-10-17T14:15:00Z,Villarreal,Elche CF,A,pinnacle,6.04,0.15662,6.73,onexbet,12,5.5,
2026-10-07T16:20:10+00:00,soccer_spain_la_liga,aef660734585649651415961a9d177c6,2026-10-17T14:15:00Z,Villarreal,Elche CF,H,pinnacle,1.46,0.64793,1.51,onexbet,12,1.43,
2026-10-07T16:20:10+00:00,soccer_spain_la_liga,aef660734585649651415961a9d177c6,2026-10-17T14:15:00Z,Villarreal,Elche CF,Draw,pinnacle,4.84,0.19545,5.2,tipico_de,12,4.6,
2026-10-07T16:20:10+00:00,soccer_spain_la_liga,846e496fc232b2fc20214754836727d0,2026-10-17T16:30:00Z,Real Betis,Barcelona,A,betfair_ex_eu,1.47,0.67114,1.49,onexbet,12,1.37,
2026-10-07T16:20:10+00:00,soccer_spain_la_liga,846e496fc232b2fc20214754836727d0,2026-10-17T16:30:00Z,Real Betis,Barcelona,H,betfair_ex_eu,6.0,0.16443,6.21,onexbet,12,5.6,
2026-10-07T16:20:10+00:00,soccer_spain_la_liga,846e496fc232b2fc20214754836727d0,2026-10-17T16:30:00Z,Real Betis,Barcelona,Draw,betfair_ex_eu,6.0,0.16443,5.9,winamax_de,12,5.25,
2026-10-07T16:20:10+00:00,soccer_spain_la_liga,f00cd1ea41fa39149729d14ebc07aa6c,2026-10-17T19:00:00Z,Valencia,Athletic Bilbao,A,pinnacle,2.08,0.45746,2.18,onexbet,12,2.02,
2026-10-07T16:20:10+00:00,soccer_spain_la_liga,f00cd1ea41fa39149729d14ebc07aa6c,2026-10-17T19:00:00Z,Valencia,Athletic Bilbao,H,pinnacle,3.6,0.26431,3.62,onexbet,12,3.3,
2026-10-07T16:20:10+00:00,soccer_spain_la_liga,f00cd1ea41fa39149729d14ebc07aa6c,2026-10-17T19:00:00Z,Valencia,Athletic Bilbao,Draw,pinnacle,3.42,0.27822,3.58,onexbet,12,3.32,
2026-10-07T16:20:10+00:00,soccer_spain_la_liga,1f566f17c50fe5162724ec2863d2207b,2026-10-18T12:00:00Z,CA Osasuna,Real Racing Club de Santander,H,pinnacle,1.91,0.49748,1.95,onexbet,12,1.82,
2026-10-07T16:20:10+00:00,soccer_spain_la_liga,1f566f17c50fe5162724ec2863d2207b,2026-10-18T12:00:00Z,CA Osasuna,Real Racing Club de Santander,A,pinnacle,4.26,0.22305,4.32,onexbet,12,3.75,
2026-10-07T16:20:10+00:00,soccer_spain_la_liga,1f566f17c50fe5162724ec2863d2207b,2026-10-18T12:00:00Z,CA Osasuna,Real Racing Club de Santander,Draw,pinnacle,3.4,0.27947,3.68,onexbet,12,3.53,
2026-10-07T16:20:10+00:00,soccer_spain_la_liga,aabe899ecc4c19a1fafe5440151b62e4,2026-10-18T14:15:00Z,Celta Vigo,Alavés,A,pinnacle,3.87,0.24551,3.95,unibet_se,12,3.63,
2026-10-07T16:20:10+00:00,soccer_spain_la_liga,aabe899ecc4c19a1fafe5440151b62e4,2026-10-18T14:15:00Z,Celta Vigo,Alavés,H,pinnacle,2.0,0.47505,2.08,onexbet,12,1.94,
2026-10-07T16:20:10+00:00,soccer_spain_la_liga,aabe899ecc4c19a1fafe5440151b62e4,2026-10-18T14:15:00Z,Celta Vigo,Alavés,Draw,pinnacle,3.4,0.27944,3.58,onexbet,12,3.23,
2026-10-07T16:20:10+00:00,soccer_spain_la_liga,1051298b4aca6f07113309bff598a5c1,2026-10-18T16:30:00Z,Málaga,Real Sociedad,H,pinnacle,3.23,0.29467,3.3,unibet_se,12,3.0,
2026-10-07T16:20:10+00:00,soccer_spain_la_liga,1051298b4aca6f07113309bff598a5c1,2026-10-18T16:30:00Z,Málaga,Real Sociedad,A,pinnacle,2.2,0.43262,2.29,onexbet,12,2.12,
2026-10-07T16:20:10+00:00,soccer_spain_la_liga,1051298b4aca6f07113309bff598a5c1,2026-10-18T16:30:00Z,Málaga,Real Sociedad,Draw,pinnacle,3.49,0.27271,3.63,onexbet,12,3.4,
2026-10-07T16:20:10+00:00,soccer_spain_la_liga,eccd63bf768e2f2a358b871d3f33a63d,2026-10-18T19:00:00Z,Real Madrid,Sevilla,H,betfair_ex_eu,1.25,0.78807,1.3,onexbet,12,1.22,
2026-10-07T16:20:10+00:00,soccer_spain_la_liga,eccd63bf768e2f2a358b871d3f33a63d,2026-10-18T19:00:00Z,Real Madrid,Sevilla,A,betfair_ex_eu,12.5,0.07881,11.5,unibet_se,12,8.75,
2026-10-07T16:20:10+00:00,soccer_spain_la_liga,eccd63bf768e2f2a358b871d3f33a63d,2026-10-18T19:00:00Z,Real Madrid,Sevilla,Draw,betfair_ex_eu,7.4,0.13312,7.5,tipico_de,12,6.0,
2026-10-07T16:20:10+00:00,soccer_spain_la_liga,4a88bc4de574d43ef34677fd8d78722f,2026-10-19T19:00:00Z,Getafe,Rayo Vallecano,H,pinnacle,2.71,0.33503,2.92,betsson,12,2.75,
2026-10-07T16:20:10+00:00,soccer_spain_la_liga,4a88bc4de574d43ef34677fd8d78722f,2026-10-19T19:00:00Z,Getafe,Rayo Vallecano,A,pinnacle,2.44,0.3721,2.82,onexbet,12,2.5,
2026-10-07T16:20:10+00:00,soccer_spain_la_liga,4a88bc4de574d43ef34677fd8d78722f,2026-10-19T19:00:00Z,Getafe,Rayo Vallecano,Draw,pinnacle,3.1,0.29288,3.21,onexbet,12,2.98,
2026-10-07T16:20:10+00:00,soccer_italy_serie_a,2f8e871a0f7f66ae22938028645e1066,2026-10-10T13:00:00Z,Genoa,Fiorentina,A,pinnacle,2.37,0.40851,2.4,matchbook,20,2.18,2.25
2026-10-07T16:20:10+00:00,soccer_italy_serie_a,2f8e871a0f7f66ae22938028645e1066,2026-10-10T13:00:00Z,Genoa,Fiorentina,H,pinnacle,3.34,0.28987,3.4,matchbook,20,3.12,3.0
2026-10-07T16:20:10+00:00,soccer_italy_serie_a,2f8e871a0f7f66ae22938028645e1066,2026-10-10T13:00:00Z,Genoa,Fiorentina,Draw,pinnacle,3.21,0.30161,3.48,onexbet,20,3.22,3.2
2026-10-07T16:20:10+00:00,soccer_italy_serie_a,1a01b0611dacd334e1558a5097e05023,2026-10-10T16:00:00Z,Inter Milan,Parma,H,pinnacle,1.15,0.83521,1.16,onexbet,20,1.12,1.14
2026-10-07T16:20:10+00:00,soccer_italy_serie_a,1a01b0611dacd334e1558a5097e05023,2026-10-10T16:00:00Z,Inter Milan,Parma,A,pinnacle,15.7,0.06118,21.0,betsson,20,14.25,15.0
2026-10-07T16:20:10+00:00,soccer_italy_serie_a,1a01b0611dacd334e1558a5097e05023,2026-10-10T16:00:00Z,Inter Milan,Parma,Draw,pinnacle,9.27,0.10361,10.0,matchbook,20,7.75,8.0
2026-10-07T16:20:10+00:00,soccer_italy_serie_a,40c1bd70fee927f9bfa8901edab02b48,2026-10-10T18:45:00Z,Napoli,Frosinone,A,pinnacle,6.28,0.15324,7.0,unibet_se,20,6.1,6.0
2026-10-07T16:20:10+00:00,soccer_italy_serie_a,40c1bd70fee927f9bfa8901edab02b48,2026-10-10T18:45:00Z,Napoli,Frosinone,H,pinnacle,1.47,0.65467,1.52,matchbook,20,1.39,1.44
2026-10-07T16:20:10+00:00,soccer_italy_serie_a,40c1bd70fee927f9bfa8901edab02b48,2026-10-10T18:45:00Z,Napoli,Frosinone,Draw,pinnacle,5.01,0.19209,5.2,winamax_de,20,4.85,4.5
2026-10-07T16:20:10+00:00,soccer_italy_serie_a,2547c0dbddd26d23fa532228e36348cb,2026-10-11T10:30:00Z,Como,AS Roma,A,pinnacle,2.73,0.35454,2.77,coolbet,20,2.6,2.5
2026-10-07T16:20:10+00:00,soccer_italy_serie_a,2547c0dbddd26d23fa532228e36348cb,2026-10-11T10:30:00Z,Como,AS Roma,H,pinnacle,2.55,0.37956,2.72,matchbook,20,2.4,2.5
2026-10-07T16:20:10+00:00,soccer_italy_serie_a,2547c0dbddd26d23fa532228e36348cb,2026-10-11T10:30:00Z,Como,AS Roma,Draw,pinnacle,3.64,0.2659,3.71,onexbet,20,3.5,3.4
2026-10-07T16:20:10+00:00,soccer_italy_serie_a,946716d7e5e52822f08be8cb95193d9d,2026-10-11T13:00:00Z,Lecce,Bologna,A,pinnacle,1.95,0.49477,2.0,unibet_se,20,1.88,1.85
2026-10-07T16:20:10+00:00,soccer_italy_serie_a,946716d7e5e52822f08be8cb95193d9d,2026-10-11T13:00:00Z,Lecce,Bologna,H,pinnacle,4.61,0.20928,4.7,coolbet,20,4.0,4.0
2026-10-07T16:20:10+00:00,soccer_italy_serie_a,946716d7e5e52822f08be8cb95193d9d,2026-10-11T13:00:00Z,Lecce,Bologna,Draw,pinnacle,3.26,0.29595,3.5,unibet_se,20,3.25,3.2
2026-10-07T16:20:10+00:00,soccer_italy_serie_a,c0f72699f32ec193b64fd54092fe268d,2026-10-11T13:00:00Z,Lazio,Monza,H,pinnacle,1.6,0.60292,1.63,unibet_se,20,1.52,1.53
2026-10-07T16:20:10+00:00,soccer_italy_serie_a,c0f72699f32ec193b64fd54092fe268d,2026-10-11T13:00:00Z,Lazio,Monza,A,pinnacle,5.9,0.1635,6.3,betonlineag,20,5.6,5.5
2026-10-07T16:20:10+00:00,soccer_italy_serie_a,c0f72699f32ec193b64fd54092fe268d,2026-10-11T13:00:00Z,Lazio,Monza,Draw,pinnacle,4.13,0.23358,4.29,betonlineag,20,3.95,3.8
2026-10-07T16:20:10+00:00,soccer_italy_serie_a,1cf64166dda1e0da8b325161deb39662,2026-10-11T16:00:00Z,Sassuolo,AC Milan,A,pinnacle,1.82,0.53076,1.88,matchbook,20,1.74,1.8
2026-10-07T16:20:10+00:00,soccer_italy_serie_a,1cf64166dda1e0da8b325161deb39662,2026-10-11T16:00:00Z,Sassuolo,AC Milan,H,pinnacle,4.36,0.22155,4.5,betonlineag,20,4.1,4.0
2026-10-07T16:20:10+00:00,soccer_italy_serie_a,1cf64166dda1e0da8b325161deb39662,2026-10-11T16:00:00Z,Sassuolo,AC Milan,Draw,pinnacle,3.9,0.24769,3.95,matchbook,20,3.68,3.6
2026-10-07T16:20:10+00:00,soccer_italy_serie_a,407f7d03157d1dfad384876e6a6bc910,2026-10-11T18:45:00Z,Cagliari,Juventus,H,pinnacle,6.38,0.15112,6.8,matchbook,20,6.0,6.0
2026-10-07T16:20:10+00:00,soccer_italy_serie_a,407f7d03157d1dfad384876e6a6bc910,2026-10-11T18:45:00Z,Cagliari,Juventus,A,pinnacle,1.58,0.61023,1.62,onexbet,20,1.49,1.53
2026-10-07T16:20:10+00:00,soccer_italy_serie_a,407f7d03157d1dfad384876e6a6bc910,2026-10-11T18:45:00Z,Cagliari,Juventus,Draw,pinnacle,4.04,0.23865,4.09,onexbet,20,3.93,3.8
2026-10-07T16:20:10+00:00,soccer_italy_serie_a,0f2e7ff90b994f31d5cd48a9680943e1,2026-10-12T16:30:00Z,Atalanta BC,Venezia,H,pinnacle,1.57,0.61314,1.66,onexbet,20,1.52,1.53
2026-10-07T16:20:10+00:00,soccer_italy_serie_a,0f2e7ff90b994f31d5cd48a9680943e1,2026-10-12T16:30:00Z,Atalanta BC,Venezia,A,pinnacle,6.17,0.15602,6.0,tipico_de,20,5.25,5.0
2026-10-07T16:20:10+00:00,soccer_italy_serie_a,0f2e7ff90b994f31d5cd48a9680943e1,2026-10-12T16:30:00Z,Atalanta BC,Venezia,Draw,pinnacle,4.17,0.23085,4.4,codere_it,20,4.2,4.2
2026-10-07T16:20:10+00:00,soccer_italy_serie_a,f4a28510bb0c835280a2aca709c19d50,2026-10-12T18:45:00Z,Torino,Udinese,H,pinnacle,2.35,0.41168,2.4,unibet_se,20,2.25,2.3
2026-10-07T16:20:10+00:00,soccer_italy_serie_a,f4a28510bb0c835280a2aca709c19d50,2026-10-12T18:45:00Z,Torino,Udinese,A,pinnacle,3.35,0.28879,3.4,matchbook,20,3.02,3.1
2026-10-07T16:20:10+00:00,soccer_italy_serie_a,f4a28510bb0c835280a2aca709c19d50,2026-10-12T18:45:00Z,Torino,Udinese,Draw,pinnacle,3.23,0.29952,3.35,onexbet,20,3.17,3.1
2026-10-07T16:20:10+00:00,soccer_italy_serie_a,7d3160040958fe21778fd5ee485666c3,2026-10-16T18:45:00Z,Frosinone,Sassuolo,H,pinnacle,2.42,0.3937,2.55,unibet_se,13,2.28,2.4
2026-10-07T16:20:10+00:00,soccer_italy_serie_a,7d3160040958fe21778fd5ee485666c3,2026-10-16T18:45:00Z,Frosinone,Sassuolo,A,pinnacle,2.9,0.32853,2.96,onexbet,13,2.68,2.75
2026-10-07T16:20:10+00:00,soccer_italy_serie_a,7d3160040958fe21778fd5ee485666c3,2026-10-16T18:45:00Z,Frosinone,Sassuolo,Draw,pinnacle,3.43,0.27777,3.55,winamax_de,13,3.45,3.3
2026-10-07T16:20:10+00:00,soccer_italy_serie_a,907639dade64cca45d1ab639195d201e,2026-10-17T13:00:00Z,Venezia,Napoli,A,pinnacle,1.7,0.55695,1.78,unibet_se,13,1.63,1.7
2026-10-07T16:20:10+00:00,soccer_italy_serie_a,907639dade64cca45d1ab639195d201e,2026-10-17T13:00:00Z,Venezia,Napoli,H,pinnacle,4.44,0.21325,4.74,onexbet,13,4.45,4.33
2026-10-07T16:20:10+00:00,soccer_italy_serie_a,907639dade64cca45d1ab639195d201e,2026-10-17T13:00:00Z,Venezia,Napoli,Draw,pinnacle,4.12,0.22981,4.22,onexbet,13,3.83,3.8
2026-10-07T16:20:10+00:00,soccer_italy_serie_a,bfefc309177723410230fee52f650315,2026-10-17T16:00:00Z,Bologna,Inter Milan,H,pinnacle,5.45,0.17367,5.7,tipico_de,13,4.8,4.8
2026-10-07T16:20:10+00:00,soccer_italy_serie_a,bfefc309177723410230fee52f650315,2026-10-17T16:00:00Z,Bologna,Inter Milan,A,pinnacle,1.62,0.58426,1.69,onexbet,13,1.57,1.65
2026-10-07T16:20:10+00:00,soccer_italy_serie_a,bfefc309177723410230fee52f650315,2026-10-17T16:00:00Z,Bologna,Inter Milan,Draw,pinnacle,3.91,0.24207,4.12,onexbet,13,3.9,3.75
2026-10-07T16:20:10+00:00,soccer_italy_serie_a,18d478f469da3bcc654dd4555b85c7e3,2026-10-17T18:45:00Z,AS Roma,Genoa,H,pinnacle,1.33,0.71264,1.36,onexbet,13,1.29,1.33
2026-10-07T16:20:10+00:00,soccer_italy_serie_a,18d478f469da3bcc654dd4555b85c7e3,2026-10-17T18:45:00Z,AS Roma,Genoa,A,pinnacle,8.5,0.11151,10.5,unibet_se,13,8.0,8.5
2026-10-07T16:20:10+00:00,soccer_italy_serie_a,18d478f469da3bcc654dd4555b85c7e3,2026-10-17T18:45:00Z,AS Roma,Genoa,Draw,pinnacle,5.39,0.17585,5.7,tipico_de,13,5.0,4.8
2026-10-07T16:20:10+00:00,soccer_italy_serie_a,367da93aa21a1e13eeafb94fd2263c75,2026-10-18T10:30:00Z,Udinese,Lecce,A,pinnacle,4.2,0.22603,4.4,unibet_se,13,4.05,3.9
2026-10-07T16:20:10+00:00,soccer_italy_serie_a,367da93aa21a1e13eeafb94fd2263c75,2026-10-18T10:30:00Z,Udinese,Lecce,H,pinnacle,1.85,0.51316,1.95,onexbet,13,1.78,1.85
2026-10-07T16:20:10+00:00,soccer_italy_serie_a,367da93aa21a1e13eeafb94fd2263c75,2026-10-18T10:30:00Z,Udinese,Lecce,Draw,pinnacle,3.64,0.26081,3.71,onexbet,13,3.42,3.4
2026-10-07T16:20:10+00:00,soccer_italy_serie_a,3ea32a0aa44a5f0ef7fd088155430087,2026-10-18T13:00:00Z,Fiorentina,Como,A,pinnacle,2.07,0.45966,2.13,onexbet,13,2.0,2.05
2026-10-07T16:20:10+00:00,soccer_italy_serie_a,3ea32a0aa44a5f0ef7fd088155430087,2026-10-18T13:00:00Z,Fiorentina,Como,H,pinnacle,3.36,0.28318,3.6,unibet_se,13,3.2,3.3
2026-10-07T16:20:10+00:00,soccer_italy_serie_a,3ea32a0aa44a5f0ef7fd088155430087,2026-10-18T13:00:00Z,Fiorentina,Como,Draw,pinnacle,3.7,0.25716,3.81,onexbet,13,3.5,3.5
2026-10-07T16:20:10+00:00,soccer_italy_serie_a,f9403dd597edbfaa73abdc974e55344c,2026-10-18T16:00:00Z,AC Milan,Atalanta BC,H,pinnacle,1.85,0.51386,1.95,onexbet,13,1.81,1.85
2026-10-07T16:20:10+00:00,soccer_italy_serie_a,f9403dd597edbfaa73abdc974e55344c,2026-10-18T16:00:00Z,AC Milan,Atalanta BC,A,pinnacle,4.16,0.22852,4.3,unibet_se,13,3.78,3.9
2026-10-07T16:20:10+00:00,soccer_italy_serie_a,f9403dd597edbfaa73abdc974e55344c,2026-10-18T16:00:00Z,AC Milan,Atalanta BC,Draw,pinnacle,3.69,0.25762,3.85,unibet_se,13,3.5,3.4
2026-10-07T16:20:10+00:00,soccer_italy_serie_a,4c4026e2782f09d6f0ff2bde2a390513,2026-10-18T18:45:00Z,Juventus,Lazio,H,pinnacle,1.64,0.57774,1.68,unibet_se,13,1.59,1.61
2026-10-07T16:20:10+00:00,soccer_italy_serie_a,4c4026e2782f09d6f0ff2bde2a390513,2026-10-18T18:45:00Z,Juventus,Lazio,A,pinnacle,5.34,0.17743,5.7,tipico_de,13,4.95,5.0
2026-10-07T16:20:10+00:00,soccer_italy_serie_a,4c4026e2782f09d6f0ff2bde2a390513,2026-10-18T18:45:00Z,Juventus,Lazio,Draw,pinnacle,3.87,0.24483,4.12,onexbet,13,3.7,3.8
2026-10-07T16:20:10+00:00,soccer_italy_serie_a,ce94aca384a20f6af459366da6e1dd21,2026-10-19T16:30:00Z,Monza,Cagliari,A,pinnacle,3.46,0.27528,3.65,unibet_se,13,3.22,3.3
2026-10-07T16:20:10+00:00,soccer_italy_serie_a,ce94aca384a20f6af459366da6e1dd21,2026-10-19T16:30:00Z,Monza,Cagliari,H,pinnacle,2.24,0.42521,2.32,onexbet,13,2.12,2.2
2026-10-07T16:20:10+00:00,soccer_italy_serie_a,ce94aca384a20f6af459366da6e1dd21,2026-10-19T16:30:00Z,Monza,Cagliari,Draw,pinnacle,3.18,0.29952,3.27,onexbet,13,3.15,3.0
2026-10-07T16:20:10+00:00,soccer_italy_serie_a,07014d9adc65ca39710bd9f0c7c0d3f0,2026-10-19T18:45:00Z,Parma,Torino,H,pinnacle,3.2,0.29774,3.25,onexbet,13,2.95,3.0
2026-10-07T16:20:10+00:00,soccer_italy_serie_a,07014d9adc65ca39710bd9f0c7c0d3f0,2026-10-19T18:45:00Z,Parma,Torino,A,pinnacle,2.47,0.38573,2.52,onexbet,13,2.3,2.4
2026-10-07T16:20:10+00:00,soccer_italy_serie_a,07014d9adc65ca39710bd9f0c7c0d3f0,2026-10-19T18:45:00Z,Parma,Torino,Draw,pinnacle,3.01,0.31653,3.25,unibet_se,13,3.05,3.0
2026-10-07T16:20:10+00:00,soccer_germany_bundesliga,3fb63658405d468954f57745cd115118,2026-10-09T18:30:00Z,Borussia Dortmund,Werder Bremen,H,pinnacle,1.37,0.70297,1.41,onexbet,20,1.3,1.36
2026-10-07T16:20:10+00:00,soccer_germany_bundesliga,3fb63658405d468954f57745cd115118,2026-10-09T18:30:00Z,Borussia Dortmund,Werder Bremen,A,pinnacle,7.52,0.12807,9.0,unibet_se,20,7.0,6.5
2026-10-07T16:20:10+00:00,soccer_germany_bundesliga,3fb63658405d468954f57745cd115118,2026-10-09T18:30:00Z,Borussia Dortmund,Werder Bremen,Draw,pinnacle,5.7,0.16896,6.0,unibet_se,20,5.5,5.0
2026-10-07T16:20:10+00:00,soccer_germany_bundesliga,3b71160ad20dba786c4f92e33c987d80,2026-10-10T13:30:00Z,Augsburg,Bayern Munich,H,pinnacle,10.09,0.09533,13.0,coolbet,20,10.25,10.0
2026-10-07T16:20:10+00:00,soccer_germany_bundesliga,3b71160ad20dba786c4f92e33c987d80,2026-10-10T13:30:00Z,Augsburg,Bayern Munich,A,pinnacle,1.2,0.80157,1.23,gtbets,20,1.15,1.18
2026-10-07T16:20:10+00:00,soccer_germany_bundesliga,3b71160ad20dba786c4f92e33c987d80,2026-10-10T13:30:00Z,Augsburg,Bayern Munich,Draw,pinnacle,9.33,0.1031,9.6,matchbook,20,8.0,7.5
2026-10-07T16:20:10+00:00,soccer_germany_bundesliga,418f8c26d46eaabd829f2e265673b855,2026-10-10T13:30:00Z,FSV Mainz 05,Bayer Leverkusen,A,pinnacle,2.18,0.44325,2.31,onexbet,20,2.1,2.25
2026-10-07T16:20:10+00:00,soccer_germany_bundesliga,418f8c26d46eaabd829f2e265673b855,2026-10-10T13:30:00Z,FSV Mainz 05,Bayer Leverkusen,H,pinnacle,3.06,0.31578,3.15,matchbook,20,2.88,2.8
2026-10-07T16:20:10+00:00,soccer_germany_bundesliga,418f8c26d46eaabd829f2e265673b855,2026-10-10T13:30:00Z,FSV Mainz 05,Bayer Leverkusen,Draw,pinnacle,4.01,0.24097,4.2,coolbet,20,3.75,3.6
2026-10-07T16:20:10+00:00,soccer_germany_bundesliga,2fd48be0a24ed906187067d4170bf010,2026-10-10T13:30:00Z,Union Berlin,Elversberg,A,pinnacle,2.93,0.33019,3.0,matchbook,20,2.78,2.7
2026-10-07T16:20:10+00:00,soccer_germany_bundesliga,2fd48be0a24ed906187067d4170bf010,2026-10-10T13:30:00Z,Union Berlin,Elversberg,H,pinnacle,2.33,0.41522,2.4,tipico_de,20,2.2,2.25
2026-10-07T16:20:10+00:00,soccer_germany_bundesliga,2fd48be0a24ed906187067d4170bf010,2026-10-10T13:30:00Z,Union Berlin,Elversberg,Draw,pinnacle,3.8,0.25459,4.0,coolbet,20,3.63,3.6
2026-10-07T16:20:10+00:00,soccer_germany_bundesliga,f03c08c0ae5fd66c2d2df2053115bb94,2026-10-10T13:30:00Z,TSG Hoffenheim,Hamburger SV,A,pinnacle,7.03,0.13678,7.15,betonlineag,20,6.1,6.5
2026-10-07T16:20:10+00:00,soccer_germany_bundesliga,f03c08c0ae5fd66c2d2df2053115bb94,2026-10-10T13:30:00Z,TSG Hoffenheim,Hamburger SV,H,pinnacle,1.44,0.66777,1.49,onexbet,20,1.37,1.4
2026-10-07T16:20:10+00:00,soccer_germany_bundesliga,f03c08c0ae5fd66c2d2df2053115bb94,2026-10-10T13:30:00Z,TSG Hoffenheim,Hamburger SV,Draw,pinnacle,4.92,0.19545,5.4,unibet_se,20,5.1,4.5
2026-10-07T16:20:10+00:00,soccer_germany_bundesliga,9aade3e736c3d113dab19e641c43e272,2026-10-10T13:30:00Z,SC Paderborn,VfB Stuttgart,H,pinnacle,4.97,0.19449,5.08,onexbet,20,4.75,4.6
2026-10-07T16:20:10+00:00,soccer_germany_bundesliga,9aade3e736c3d113dab19e641c43e272,2026-10-10T13:30:00Z,SC Paderborn,VfB Stuttgart,A,pinnacle,1.6,0.60413,1.65,matchbook,20,1.52,1.57
2026-10-07T16:20:10+00:00,soccer_germany_bundesliga,9aade3e736c3d113dab19e641c43e272,2026-10-10T13:30:00Z,SC Paderborn,VfB Stuttgart,Draw,pinnacle,4.8,0.20138,4.83,onexbet,20,4.55,4.33
2026-10-07T16:20:10+00:00,soccer_germany_bundesliga,01cb7a67c8ae71201ec27297455fc0e8,2026-10-10T16:30:00Z,RB Leipzig,Eintracht Frankfurt,A,pinnacle,4.98,0.19312,5.5,coolbet,20,4.8,4.8
2026-10-07T16:20:10+00:00,soccer_germany_bundesliga,01cb7a67c8ae71201ec27297455fc0e8,2026-10-10T16:30:00Z,RB Leipzig,Eintracht Frankfurt,H,pinnacle,1.57,0.61258,1.6,matchbook,20,1.49,1.5
2026-10-07T16:20:10+00:00,soccer_germany_bundesliga,01cb7a67c8ae71201ec27297455fc0e8,2026-10-10T16:30:00Z,RB Leipzig,Eintracht Frankfurt,Draw,pinnacle,4.95,0.19429,5.25,coolbet,20,4.75,4.6
2026-10-07T16:20:10+00:00,soccer_germany_bundesliga,a8801462cb97a43570956e4b3ef4aedf,2026-10-11T13:30:00Z,1. FC Köln,Borussia Monchengladbach,H,pinnacle,2.04,0.47394,2.08,matchbook,20,1.94,1.91
2026-10-07T16:20:10+00:00,soccer_germany_bundesliga,a8801462cb97a43570956e4b3ef4aedf,2026-10-11T13:30:00Z,1. FC Köln,Borussia Monchengladbach,A,pinnacle,3.28,0.29477,3.57,onexbet,20,3.18,3.3
2026-10-07T16:20:10+00:00,soccer_germany_bundesliga,a8801462cb97a43570956e4b3ef4aedf,2026-10-11T13:30:00Z,1. FC Köln,Borussia Monchengladbach,Draw,pinnacle,4.18,0.2313,4.2,winamax_de,20,3.85,3.8
2026-10-07T16:20:10+00:00,soccer_germany_bundesliga,eaf509fb37413b7d055cd394667792b3,2026-10-11T15:30:00Z,SC Freiburg,FC Schalke 04,A,pinnacle,5.34,0.18075,5.44,onexbet,20,4.85,4.8
2026-10-07T16:20:10+00:00,soccer_germany_bundesliga,eaf509fb37413b7d055cd394667792b3,2026-10-11T15:30:00Z,SC Freiburg,FC Schalke 04,H,pinnacle,1.67,0.57796,1.71,onexbet,20,1.58,1.65
2026-10-07T16:20:10+00:00,soccer_germany_bundesliga,eaf509fb37413b7d055cd394667792b3,2026-10-11T15:30:00Z,SC Freiburg,FC Schalke 04,Draw,pinnacle,4.0,0.2413,4.5,unibet_se,20,4.0,3.7
2026-10-07T16:20:10+00:00,soccer_germany_bundesliga,947bd5d924835af090d9cdc7bbdf10f6,2026-10-16T18:30:00Z,Eintracht Frankfurt,1. FC Köln,A,pinnacle,3.56,0.26686,3.65,unibet_se,14,3.28,3.3
2026-10-07T16:20:10+00:00,soccer_germany_bundesliga,947bd5d924835af090d9cdc7bbdf10f6,2026-10-16T18:30:00Z,Eintracht Frankfurt,1. FC Köln,H,pinnacle,1.88,0.50532,2.0,onexbet,14,1.85,1.91
2026-10-07T16:20:10+00:00,soccer_germany_bundesliga,947bd5d924835af090d9cdc7bbdf10f6,2026-10-16T18:30:00Z,Eintracht Frankfurt,1. FC Köln,Draw,pinnacle,4.17,0.22782,4.3,onexbet,14,3.9,3.9
2026-10-07T16:20:10+00:00,soccer_germany_bundesliga,0bf757f3bd903496ce2fa27bd0481869,2026-10-17T13:30:00Z,Elversberg,Augsburg,A,pinnacle,2.63,0.36216,2.75,unibet_se,14,2.5,2.6
2026-10-07T16:20:10+00:00,soccer_germany_bundesliga,0bf757f3bd903496ce2fa27bd0481869,2026-10-17T13:30:00Z,Elversberg,Augsburg,H,pinnacle,2.46,0.38719,2.55,onexbet,14,2.33,2.4
2026-10-07T16:20:10+00:00,soccer_germany_bundesliga,0bf757f3bd903496ce2fa27bd0481869,2026-10-17T13:30:00Z,Elversberg,Augsburg,Draw,pinnacle,3.8,0.25065,4.0,unibet_se,14,3.68,3.6
2026-10-07T16:20:10+00:00,soccer_germany_bundesliga,d8eac776adb07b0e7f01d8736d097291,2026-10-17T13:30:00Z,Union Berlin,Borussia Dortmund,A,pinnacle,1.65,0.57336,1.73,onexbet,14,1.6,1.67
2026-10-07T16:20:10+00:00,soccer_germany_bundesliga,d8eac776adb07b0e7f01d8736d097291,2026-10-17T13:30:00Z,Union Berlin,Borussia Dortmund,H,pinnacle,4.59,0.20611,5.4,unibet_se,14,4.35,4.33
2026-10-07T16:20:10+00:00,soccer_germany_bundesliga,d8eac776adb07b0e7f01d8736d097291,2026-10-17T13:30:00Z,Union Berlin,Borussia Dortmund,Draw,pinnacle,4.29,0.22052,4.5,unibet_se,14,4.1,4.0
2026-10-07T16:20:10+00:00,soccer_germany_bundesliga,606d65d57a9a6d8f9b53faee1ad10009,2026-10-17T13:30:00Z,FC Schalke 04,FSV Mainz 05,H,pinnacle,2.85,0.33411,3.0,unibet_se,14,2.75,2.8
2026-10-07T16:20:10+00:00,soccer_germany_bundesliga,606d65d57a9a6d8f9b53faee1ad10009,2026-10-17T13:30:00Z,FC Schalke 04,FSV Mainz 05,A,pinnacle,2.39,0.39842,2.44,onexbet,14,2.22,2.3
2026-10-07T16:20:10+00:00,soccer_germany_bundesliga,606d65d57a9a6d8f9b53faee1ad10009,2026-10-17T13:30:00Z,FC Schalke 04,FSV Mainz 05,Draw,pinnacle,3.56,0.26748,3.8,unibet_se,14,3.5,3.4
2026-10-07T16:20:10+00:00,soccer_germany_bundesliga,221916b8b36706ec52aa655a64e5f1d2,2026-10-17T13:30:00Z,Hamburger SV,VfB Stuttgart,H,pinnacle,4.04,0.2355,4.25,unibet_se,14,3.55,3.75
2026-10-07T16:20:10+00:00,soccer_germany_bundesliga,221916b8b36706ec52aa655a64e5f1d2,2026-10-17T13:30:00Z,Hamburger SV,VfB Stuttgart,A,pinnacle,1.83,0.51991,1.9,onexbet,14,1.77,1.83
2026-10-07T16:20:10+00:00,soccer_germany_bundesliga,221916b8b36706ec52aa655a64e5f1d2,2026-10-17T13:30:00Z,Hamburger SV,VfB Stuttgart,Draw,pinnacle,3.89,0.24459,4.35,unibet_se,14,3.95,3.75
2026-10-07T16:20:10+00:00,soccer_germany_bundesliga,9a422e1aad1053828eaf629a58d901de,2026-10-17T13:30:00Z,Werder Bremen,SC Paderborn,A,pinnacle,4.02,0.23612,4.25,nordicbet,14,3.75,3.75
2026-10-07T16:20:10+00:00,soccer_germany_bundesliga,9a422e1aad1053828eaf629a58d901de,2026-10-17T13:30:00Z,Werder Bremen,SC Paderborn,H,pinnacle,1.77,0.53626,1.91,unibet_se,14,1.75,1.8
2026-10-07T16:20:10+00:00,soccer_germany_bundesliga,9a422e1aad1053828eaf629a58d901de,2026-10-17T13:30:00Z,Werder Bremen,SC Paderborn,Draw,pinnacle,4.17,0.22762,4.26,onexbet,14,3.8,3.8
2026-10-07T16:20:10+00:00,soccer_germany_bundesliga,9a64448205fdc4b95f45641bb946706c,2026-10-17T16:30:00Z,Bayern Munich,RB Leipzig,H,betfair_ex_eu,1.25,0.77551,1.27,onexbet,11,1.2,1.25
2026-10-07T16:20:10+00:00,soccer_germany_bundesliga,9a64448205fdc4b95f45641bb946706c,2026-10-17T16:30:00Z,Bayern Munich,RB Leipzig,A,betfair_ex_eu,10.0,0.09694,11.2,onexbet,11,8.5,9.5
2026-10-07T16:20:10+00:00,soccer_germany_bundesliga,9a64448205fdc4b95f45641bb946706c,2026-10-17T16:30:00Z,Bayern Munich,RB Leipzig,Draw,betfair_ex_eu,7.6,0.12755,7.8,tipico_de,11,6.6,6.0
2026-10-07T16:20:10+00:00,soccer_germany_bundesliga,096d800bcc95c547ef592cbef624d080,2026-10-18T13:30:00Z,Bayer Leverkusen,SC Freiburg,H,pinnacle,1.65,0.57392,1.7,onexbet,11,1.61,1.61
2026-10-07T16:20:10+00:00,soccer_germany_bundesliga,096d800bcc95c547ef592cbef624d080,2026-10-18T13:30:00Z,Bayer Leverkusen,SC Freiburg,A,pinnacle,4.46,0.21232,4.9,nordicbet,11,4.3,4.4
2026-10-07T16:20:10+00:00,soccer_germany_bundesliga,096d800bcc95c547ef592cbef624d080,2026-10-18T13:30:00Z,Bayer Leverkusen,SC Freiburg,Draw,pinnacle,4.43,0.21376,4.51,onexbet,11,4.1,4.2
2026-10-07T16:20:10+00:00,soccer_germany_bundesliga,fd9b8c185737a15615aa0c9daaa3dfbf,2026-10-18T15:30:00Z,Borussia Monchengladbach,TSG Hoffenheim,H,pinnacle,3.25,0.29225,3.58,onexbet,11,3.2,3.3
2026-10-07T16:20:10+00:00,soccer_germany_bundesliga,fd9b8c185737a15615aa0c9daaa3dfbf,2026-10-18T15:30:00Z,Borussia Monchengladbach,TSG Hoffenheim,A,pinnacle,1.97,0.48214,1.99,onexbet,11,1.89,1.91
2026-10-07T16:20:10+00:00,soccer_germany_bundesliga,fd9b8c185737a15615aa0c9daaa3dfbf,2026-10-18T15:30:00Z,Borussia Monchengladbach,TSG Hoffenheim,Draw,pinnacle,4.21,0.22561,4.3,tipico_de,11,3.88,3.9
2026-10-07T16:20:10+00:00,soccer_france_ligue_one,17694e68f399fdf9c5030021ec9bb595,2026-10-09T18:45:00Z,RC Lens,Lyon,A,pinnacle,2.71,0.35734,2.8,gtbets,19,2.65,2.62
2026-10-07T16:20:10+00:00,soccer_france_ligue_one,17694e68f399fdf9c5030021ec9bb595,2026-10-09T18:45:00Z,RC Lens,Lyon,H,pinnacle,2.48,0.39048,2.53,onexbet,19,2.3,2.4
2026-10-07T16:20:10+00:00,soccer_france_ligue_one,17694e68f399fdf9c5030021ec9bb595,2026-10-09T18:45:00Z,RC Lens,Lyon,Draw,pinnacle,3.84,0.25218,3.86,betonlineag,19,3.6,3.5
2026-10-07T16:20:10+00:00,soccer_france_ligue_one,2c173b3bd3a1491f17fcad1012019c4f,2026-10-10T15:15:00Z,Lille,Le Havre,A,pinnacle,6.79,0.14175,7.8,nordicbet,19,6.4,6.5
2026-10-07T16:20:10+00:00,soccer_france_ligue_one,2c173b3bd3a1491f17fcad1012019c4f,2026-10-10T15:15:00Z,Lille,Le Havre,H,pinnacle,1.45,0.6638,1.48,onexbet,19,1.4,1.4
2026-10-07T16:20:10+00:00,soccer_france_ligue_one,2c173b3bd3a1491f17fcad1012019c4f,2026-10-10T15:15:00Z,Lille,Le Havre,Draw,pinnacle,4.95,0.19445,5.0,unibet_se,19,4.65,4.4
2026-10-07T16:20:10+00:00,soccer_france_ligue_one,c2c64ebfc5810226f807c1920d580392,2026-10-10T18:45:00Z,AS Monaco,Toulouse,H,pinnacle,1.58,0.60936,1.65,onexbet,19,1.54,1.57
2026-10-07T16:20:10+00:00,soccer_france_ligue_one,c2c64ebfc5810226f807c1920d580392,2026-10-10T18:45:00Z,AS Monaco,Toulouse,A,pinnacle,5.35,0.17996,5.44,onexbet,19,5.0,5.0
2026-10-07T16:20:10+00:00,soccer_france_ligue_one,c2c64ebfc5810226f807c1920d580392,2026-10-10T18:45:00Z,AS Monaco,Toulouse,Draw,pinnacle,4.57,0.21068,4.5,winamax_de,19,4.2,4.2
2026-10-07T16:20:10+00:00,soccer_france_ligue_one,007dc2ff845c33e3e18f2bd2bc126304,2026-10-10T18:45:00Z,Brest,Angers,A,pinnacle,3.7,0.26127,3.85,unibet_se,19,3.45,3.5
2026-10-07T16:20:10+00:00,soccer_france_ligue_one,007dc2ff845c33e3e18f2bd2bc126304,2026-10-10T18:45:00Z,Brest,Angers,H,pinnacle,2.01,0.48094,2.04,onexbet,19,1.94,1.95
2026-10-07T16:20:10+00:00,soccer_france_ligue_one,007dc2ff845c33e3e18f2bd2bc126304,2026-10-10T18:45:00Z,Brest,Angers,Draw,pinnacle,3.75,0.25779,3.85,onexbet,19,3.53,3.5
2026-10-07T16:20:10+00:00,soccer_france_ligue_one,2849460eb4d15adbb20ec15927a0fd4a,2026-10-10T18:45:00Z,Paris Saint Germain,Le Mans FC,A,pinnacle,23.58,0.04078,34.0,onexbet,19,23.0,26.0
2026-10-07T16:20:10+00:00,soccer_france_ligue_one,2849460eb4d15adbb20ec15927a0fd4a,2026-10-10T18:45:00Z,Paris Saint Germain,Le Mans FC,H,pinnacle,1.08,0.89034,1.09,unibet_se,19,1.05,1.06
2026-10-07T16:20:10+00:00,soccer_france_ligue_one,2849460eb4d15adbb20ec15927a0fd4a,2026-10-10T18:45:00Z,Paris Saint Germain,Le Mans FC,Draw,pinnacle,13.96,0.06888,16.5,onexbet,19,10.5,13.0
2026-10-07T16:20:10+00:00,soccer_france_ligue_one,3aa72885e0aa107c62843749f7930a9a,2026-10-10T18:45:00Z,Lorient,Paris FC,H,pinnacle,3.37,0.28733,3.35,coolbet,19,3.13,3.1
2026-10-07T16:20:10+00:00,soccer_france_ligue_one,3aa72885e0aa107c62843749f7930a9a,2026-10-10T18:45:00Z,Lorient,Paris FC,A,pinnacle,2.3,0.42101,2.38,unibet_se,19,2.15,2.25
2026-10-07T16:20:10+00:00,soccer_france_ligue_one,3aa72885e0aa107c62843749f7930a9a,2026-10-10T18:45:00Z,Lorient,Paris FC,Draw,pinnacle,3.32,0.29166,3.45,unibet_se,19,3.28,3.1
2026-10-07T16:20:10+00:00,soccer_france_ligue_one,5d3606630a2d3a218a6340d082c1bdc6,2026-10-11T13:00:00Z,Nice,Strasbourg,H,pinnacle,2.35,0.41184,2.45,unibet_se,19,2.2,2.25
2026-10-07T16:20:10+00:00,soccer_france_ligue_one,5d3606630a2d3a218a6340d082c1bdc6,2026-10-11T13:00:00Z,Nice,Strasbourg,A,pinnacle,2.97,0.32587,3.07,onexbet,19,2.88,2.9
2026-10-07T16:20:10+00:00,soccer_france_ligue_one,5d3606630a2d3a218a6340d082c1bdc6,2026-10-11T13:00:00Z,Nice,Strasbourg,Draw,pinnacle,3.69,0.26229,3.75,onexbet,19,3.48,3.4
2026-10-07T16:20:10+00:00,soccer_france_ligue_one,34f584ab922e220dc4f3b81217959d6d,2026-10-11T15:15:00Z,Rennes,Auxerre,A,pinnacle,6.5,0.14793,7.5,unibet_se,19,6.0,6.0
2026-10-07T16:20:10+00:00,soccer_france_ligue_one,34f584ab922e220dc4f3b81217959d6d,2026-10-11T15:15:00Z,Rennes,Auxerre,H,pinnacle,1.45,0.66315,1.48,onexbet,19,1.4,1.4
2026-10-07T16:20:10+00:00,soccer_france_ligue_one,34f584ab922e220dc4f3b81217959d6d,2026-10-11T15:15:00Z,Rennes,Auxerre,Draw,pinnacle,5.09,0.18891,5.18,betonlineag,19,4.8,4.6
2026-10-07T16:20:10+00:00,soccer_france_ligue_one,cb7067ac191abf32ad49dad45e46f639,2026-10-11T18:45:00Z,Troyes,Marseille,A,pinnacle,1.92,0.50317,1.92,unibet_se,19,1.8,1.85
2026-10-07T16:20:10+00:00,soccer_france_ligue_one,cb7067ac191abf32ad49dad45e46f639,2026-10-11T18:45:00Z,Troyes,Marseille,H,pinnacle,3.83,0.25224,4.03,onexbet,19,3.7,3.6
2026-10-07T16:20:10+00:00,soccer_france_ligue_one,cb7067ac191abf32ad49dad45e46f639,2026-10-11T18:45:00Z,Troyes,Marseille,Draw,pinnacle,3.95,0.24458,4.05,onexbet,19,3.78,3.6
2026-10-07T16:20:10+00:00,soccer_france_ligue_one,66c168c030f3faad3983fcadc3060009,2026-10-16T18:45:00Z,Le Mans FC,Toulouse,H,pinnacle,3.12,0.30531,3.3,unibet_se,14,2.9,3.0
2026-10-07T16:20:10+00:00,soccer_france_ligue_one,66c168c030f3faad3983fcadc3060009,2026-10-16T18:45:00Z,Le Mans FC,Toulouse,A,pinnacle,2.28,0.41779,2.34,onexbet,14,2.18,2.2
2026-10-07T16:20:10+00:00,soccer_france_ligue_one,66c168c030f3faad3983fcadc3060009,2026-10-16T18:45:00Z,Le Mans FC,Toulouse,Draw,pinnacle,3.44,0.27691,3.57,onexbet,14,3.37,3.3
2026-10-07T16:20:10+00:00,soccer_france_ligue_one,f3034246520a2ee4ff0ac0d5074966f8,2026-10-17T15:15:00Z,Strasbourg,Paris Saint Germain,A,pinnacle,1.4,0.67671,1.46,onexbet,14,1.36,1.4
2026-10-07T16:20:10+00:00,soccer_france_ligue_one,f3034246520a2ee4ff0ac0d5074966f8,2026-10-17T15:15:00Z,Strasbourg,Paris Saint Germain,H,pinnacle,6.38,0.14849,6.8,nordicbet,14,5.6,6.0
2026-10-07T16:20:10+00:00,soccer_france_ligue_one,f3034246520a2ee4ff0ac0d5074966f8,2026-10-17T15:15:00Z,Strasbourg,Paris Saint Germain,Draw,pinnacle,5.42,0.1748,5.7,tipico_de,14,5.4,4.8
2026-10-07T16:20:10+00:00,soccer_france_ligue_one,ad25a350c89b64715e15c59cde5653d3,2026-10-17T18:45:00Z,Lille,Brest,A,pinnacle,5.42,0.17489,5.4,unibet_se,14,4.9,4.8
2026-10-07T16:20:10+00:00,soccer_france_ligue_one,ad25a350c89b64715e15c59cde5653d3,2026-10-17T18:45:00Z,Lille,Brest,H,pinnacle,1.58,0.59995,1.66,onexbet,14,1.53,1.61
2026-10-07T16:20:10+00:00,soccer_france_ligue_one,ad25a350c89b64715e15c59cde5653d3,2026-10-17T18:45:00Z,Lille,Brest,Draw,pinnacle,4.21,0.22516,4.37,onexbet,14,4.1,3.9
2026-10-07T16:20:10+00:00,soccer_france_ligue_one,b077aa049133c0358bcd643bfee48da3,2026-10-17T18:45:00Z,Troyes,RC Lens,A,pinnacle,1.81,0.52431,1.87,onexbet,14,1.76,1.8
2026-10-07T16:20:10+00:00,soccer_france_ligue_one,b077aa049133c0358bcd643bfee48da3,2026-10-17T18:45:00Z,Troyes,RC Lens,H,pinnacle,4.0,0.23725,4.3,onexbet,14,3.75,3.9
2026-10-07T16:20:10+00:00,soccer_france_ligue_one,b077aa049133c0358bcd643bfee48da3,2026-10-17T18:45:00Z,Troyes,RC Lens,Draw,pinnacle,3.98,0.23844,4.1,unibet_se,14,3.78,3.7
2026-10-07T16:20:10+00:00,soccer_france_ligue_one,c7a60aa94470fe959fbf6b0c68060fc1,2026-10-18T13:00:00Z,Angers,Marseille,H,pinnacle,3.21,0.29652,3.21,onexbet,14,3.0,3.0
2026-10-07T16:20:10+00:00,soccer_france_ligue_one,c7a60aa94470fe959fbf6b0c68060fc1,2026-10-18T13:00:00Z,Angers,Marseille,A,pinnacle,2.12,0.44898,2.28,onexbet,14,2.07,2.15
2026-10-07T16:20:10+00:00,soccer_france_ligue_one,c7a60aa94470fe959fbf6b0c68060fc1,2026-10-18T13:00:00Z,Angers,Marseille,Draw,pinnacle,3.74,0.2545,3.8,unibet_se,14,3.53,3.4
2026-10-07T16:20:10+00:00,soccer_france_ligue_one,53f5fe7ed0ba0fbf6345c73270e4cd00,2026-10-18T15:15:00Z,Lorient,AS Monaco,A,pinnacle,2.15,0.44264,2.17,onexbet,14,2.0,2.05
2026-10-07T16:20:10+00:00,soccer_france_ligue_one,53f5fe7ed0ba0fbf6345c73270e4cd00,2026-10-18T15:15:00Z,Lorient,AS Monaco,H,pinnacle,3.4,0.2799,3.75,unibet_se,14,3.25,3.4
2026-10-07T16:20:10+00:00,soccer_france_ligue_one,53f5fe7ed0ba0fbf6345c73270e4cd00,2026-10-18T15:15:00Z,Lorient,AS Monaco,Draw,pinnacle,3.43,0.27746,3.58,onexbet,14,3.42,3.3
2026-10-07T16:20:10+00:00,soccer_france_ligue_one,d637845b9760bb02b55bbbaa32b5c21e,2026-10-18T15:15:00Z,Le Havre,Auxerre,A,pinnacle,2.9,0.32826,3.0,unibet_se,14,2.77,2.8
2026-10-07T16:20:10+00:00,soccer_france_ligue_one,d637845b9760bb02b55bbbaa32b5c21e,2026-10-18T15:15:00Z,Le Havre,Auxerre,H,pinnacle,2.43,0.39175,2.52,onexbet,14,2.28,2.4
2026-10-07T16:20:10+00:00,soccer_france_ligue_one,d637845b9760bb02b55bbbaa32b5c21e,2026-10-18T15:15:00Z,Le Havre,Auxerre,Draw,pinnacle,3.4,0.27999,3.51,onexbet,14,3.32,3.25
2026-10-07T16:20:10+00:00,soccer_france_ligue_one,27f7222d2abde93fc6e8d17b5b05b272,2026-10-18T15:15:00Z,Paris FC,Rennes,H,pinnacle,2.35,0.40581,2.37,onexbet,14,2.13,2.25
2026-10-07T16:20:10+00:00,soccer_france_ligue_one,27f7222d2abde93fc6e8d17b5b05b272,2026-10-18T15:15:00Z,Paris FC,Rennes,A,pinnacle,3.19,0.29895,3.29,onexbet,14,2.95,2.88
2026-10-07T16:20:10+00:00,soccer_france_ligue_one,27f7222d2abde93fc6e8d17b5b05b272,2026-10-18T15:15:00Z,Paris FC,Rennes,Draw,pinnacle,3.23,0.29525,3.6,unibet_se,14,3.43,3.5
2026-10-07T16:20:10+00:00,soccer_france_ligue_one,471f891b1f6516a864ad94c8eb649f5e,2026-10-18T18:45:00Z,Lyon,Nice,H,pinnacle,1.64,0.5773,1.71,onexbet,14,1.6,1.65
2026-10-07T16:20:10+00:00,soccer_france_ligue_one,471f891b1f6516a864ad94c8eb649f5e,2026-10-18T18:45:00Z,Lyon,Nice,A,pinnacle,4.88,0.19401,5.24,onexbet,14,4.55,4.8
2026-10-07T16:20:10+00:00,soccer_france_ligue_one,471f891b1f6516a864ad94c8eb649f5e,2026-10-18T18:45:00Z,Lyon,Nice,Draw,pinnacle,4.14,0.22869,4.2,tipico_de,14,3.9,3.8
2026-10-07T21:12:14+00:00,soccer_portugal_primeira_liga,0956c06cd173899e11422bece0fbf94f,2026-10-09T17:45:00Z,Moreirense FC,Gil Vicente,A,pinnacle,2.29,0.41618,2.3,matchbook,15,2.15,2.15
2026-10-07T21:12:14+00:00,soccer_portugal_primeira_liga,0956c06cd173899e11422bece0fbf94f,2026-10-09T17:45:00Z,Moreirense FC,Gil Vicente,H,pinnacle,3.4,0.28031,3.45,matchbook,15,3.27,3.3
2026-10-07T21:12:14+00:00,soccer_portugal_primeira_liga,0956c06cd173899e11422bece0fbf94f,2026-10-09T17:45:00Z,Moreirense FC,Gil Vicente,Draw,pinnacle,3.14,0.30352,3.25,matchbook,15,3.05,3.1
2026-10-07T21:12:14+00:00,soccer_portugal_primeira_liga,b4d52d1abd5efcd669a093139239c7b0,2026-10-09T19:15:00Z,Braga,Sporting Lisbon,H,pinnacle,3.58,0.26591,3.6,tipico_de,14,3.38,3.5
2026-10-07T21:12:14+00:00,soccer_portugal_primeira_liga,b4d52d1abd5efcd669a093139239c7b0,2026-10-09T19:15:00Z,Braga,Sporting Lisbon,A,pinnacle,2.06,0.46211,2.18,matchbook,14,1.98,2.0
2026-10-07T21:12:14+00:00,soccer_portugal_primeira_liga,b4d52d1abd5efcd669a093139239c7b0,2026-10-09T19:15:00Z,Braga,Sporting Lisbon,Draw,pinnacle,3.5,0.27198,3.45,matchbook,14,3.33,3.3
2026-10-07T21:12:14+00:00,soccer_portugal_primeira_liga,710dd3ffd365c610f1969a86cd70e074,2026-10-10T14:30:00Z,Casa Pia,Santa Clara,H,pinnacle,4.3,0.22107,4.6,tipico_de,15,4.05,4.0
2026-10-07T21:12:14+00:00,soccer_portugal_primeira_liga,710dd3ffd365c610f1969a86cd70e074,2026-10-10T14:30:00Z,Casa Pia,Santa Clara,A,pinnacle,1.91,0.49769,1.96,matchbook,15,1.81,1.91
2026-10-07T21:12:14+00:00,soccer_portugal_primeira_liga,710dd3ffd365c610f1969a86cd70e074,2026-10-10T14:30:00Z,Casa Pia,Santa Clara,Draw,pinnacle,3.38,0.28124,3.35,matchbook,15,3.12,3.1
2026-10-07T21:12:14+00:00,soccer_portugal_primeira_liga,d9bfec13c112810701ee7e60f02bffa5,2026-10-10T17:00:00Z,CS Maritimo,FC Porto,H,betfair_ex_eu,10.5,0.09205,10.5,tipico_de,15,8.5,9.0
2026-10-07T21:12:14+00:00,soccer_portugal_primeira_liga,d9bfec13c112810701ee7e60f02bffa5,2026-10-10T17:00:00Z,CS Maritimo,FC Porto,A,betfair_ex_eu,1.32,0.73222,1.36,gtbets,15,1.26,1.3
2026-10-07T21:12:14+00:00,soccer_portugal_primeira_liga,d9bfec13c112810701ee7e60f02bffa5,2026-10-10T17:00:00Z,CS Maritimo,FC Porto,Draw,betfair_ex_eu,5.5,0.17573,5.5,matchbook,15,4.85,5.0
2026-10-07T21:12:14+00:00,soccer_portugal_primeira_liga,2444214363711d31867a9df8c712ec8d,2026-10-10T19:30:00Z,Académico de Viseu,Estoril,H,pinnacle,2.28,0.41798,2.3,unibet_se,15,2.08,2.25
2026-10-07T21:12:14+00:00,soccer_portugal_primeira_liga,2444214363711d31867a9df8c712ec8d,2026-10-10T19:30:00Z,Académico de Viseu,Estoril,A,pinnacle,3.15,0.30254,3.2,tipico_de,15,2.98,2.9
2026-10-07T21:12:14+00:00,soccer_portugal_primeira_liga,2444214363711d31867a9df8c712ec8d,2026-10-10T19:30:00Z,Académico de Viseu,Estoril,Draw,pinnacle,3.41,0.27947,3.45,matchbook,15,3.3,3.3
2026-10-07T21:12:14+00:00,soccer_portugal_primeira_liga,5ecd75456d38ef4c394e502ecdd8937c,2026-10-11T14:30:00Z,Rio Ave FC,Nacional,A,pinnacle,3.19,0.29897,3.22,gtbets,14,3.02,3.1
2026-10-07T21:12:14+00:00,soccer_portugal_primeira_liga,5ecd75456d38ef4c394e502ecdd8937c,2026-10-11T14:30:00Z,Rio Ave FC,Nacional,H,pinnacle,2.34,0.40757,2.3,tipico_de,14,2.12,2.25
2026-10-07T21:12:14+00:00,soccer_portugal_primeira_liga,5ecd75456d38ef4c394e502ecdd8937c,2026-10-11T14:30:00Z,Rio Ave FC,Nacional,Draw,pinnacle,3.25,0.29345,3.28,gtbets,14,3.15,3.2
2026-10-07T21:12:14+00:00,soccer_portugal_primeira_liga,5696ee371ba00ede3dc8a64d24ce79f1,2026-10-11T17:00:00Z,Benfica,Vitória SC,H,betfair_ex_eu,1.24,0.78141,1.27,gtbets,14,1.18,1.22
2026-10-07T21:12:14+00:00,soccer_portugal_primeira_liga,5696ee371ba00ede3dc8a64d24ce79f1,2026-10-11T17:00:00Z,Benfica,Vitória SC,A,betfair_ex_eu,13.5,0.07177,13.0,tipico_de,14,10.0,11.0
2026-10-07T21:12:14+00:00,soccer_portugal_primeira_liga,5696ee371ba00ede3dc8a64d24ce79f1,2026-10-11T17:00:00Z,Benfica,Vitória SC,Draw,betfair_ex_eu,6.6,0.14681,6.8,tipico_de,14,5.75,6.0
2026-10-07T21:12:14+00:00,soccer_portugal_primeira_liga,2aa9808e7e84598f45ccf338a9b8912a,2026-10-11T19:30:00Z,Arouca,CF Estrela,H,pinnacle,2.08,0.45726,2.18,gtbets,14,1.96,2.1
2026-10-07T21:12:14+00:00,soccer_portugal_primeira_liga,2aa9808e7e84598f45ccf338a9b8912a,2026-10-11T19:30:00Z,Arouca,CF Estrela,A,pinnacle,3.48,0.27331,3.5,tipico_de,14,3.28,3.25
2026-10-07T21:12:14+00:00,soccer_portugal_primeira_liga,2aa9808e7e84598f45ccf338a9b8912a,2026-10-11T19:30:00Z,Arouca,CF Estrela,Draw,pinnacle,3.53,0.26943,3.5,tipico_de,14,3.28,3.3
2026-10-07T21:12:14+00:00,soccer_portugal_primeira_liga,789c3dd95a7fcef675ce5a40b07371a2,2026-10-12T19:15:00Z,Famalicão,Alverca,A,pinnacle,4.92,0.1929,4.7,tipico_de,14,4.35,4.2
2026-10-07T21:12:14+00:00,soccer_portugal_primeira_liga,789c3dd95a7fcef675ce5a40b07371a2,2026-10-12T19:15:00Z,Famalicão,Alverca,H,pinnacle,1.83,0.51862,1.85,nordicbet,14,1.72,1.8
2026-10-07T21:12:14+00:00,soccer_portugal_primeira_liga,789c3dd95a7fcef675ce5a40b07371a2,2026-10-12T19:15:00Z,Famalicão,Alverca,Draw,pinnacle,3.29,0.28847,3.46,gtbets,14,3.25,3.4
2026-10-07T21:12:14+00:00,soccer_epl,b870dcfba5e5920d3f1551a3aa1ea435,2026-10-10T11:30:00Z,Arsenal,Leeds United,H,pinnacle,1.37,0.70124,1.44,onexbet,21,1.34,1.4
2026-10-07T21:12:14+00:00,soccer_epl,b870dcfba5e5920d3f1551a3aa1ea435,2026-10-10T11:30:00Z,Arsenal,Leeds United,A,pinnacle,8.4,0.11437,9.2,matchbook,21,7.5,7.0
2026-10-07T21:12:14+00:00,soccer_epl,b870dcfba5e5920d3f1551a3aa1ea435,2026-10-10T11:30:00Z,Arsenal,Leeds United,Draw,pinnacle,5.21,0.18439,5.4,matchbook,21,4.8,4.6
2026-10-07T21:12:14+00:00,soccer_epl,02e6c0ccb11bb7ce78989ce49d67110b,2026-10-10T14:00:00Z,Aston Villa,Brentford,H,pinnacle,2.69,0.35968,2.76,matchbook,21,2.58,2.62
2026-10-07T21:12:14+00:00,soccer_epl,02e6c0ccb11bb7ce78989ce49d67110b,2026-10-10T14:00:00Z,Aston Villa,Brentford,A,pinnacle,2.62,0.36929,2.7,unibet_se,21,2.42,2.5
2026-10-07T21:12:14+00:00,soccer_epl,02e6c0ccb11bb7ce78989ce49d67110b,2026-10-10T14:00:00Z,Aston Villa,Brentford,Draw,pinnacle,3.57,0.27102,3.7,unibet_se,21,3.45,3.3
2026-10-07T21:12:14+00:00,soccer_epl,45d4a466e32cd2b4ea535207923ceaf5,2026-10-10T14:00:00Z,Chelsea,Bournemouth,A,pinnacle,4.64,0.20788,4.9,matchbook,21,4.25,4.2
2026-10-07T21:12:14+00:00,soccer_epl,45d4a466e32cd2b4ea535207923ceaf5,2026-10-10T14:00:00Z,Chelsea,Bournemouth,H,pinnacle,1.72,0.5608,1.79,onexbet,21,1.64,1.73
2026-10-07T21:12:14+00:00,soccer_epl,45d4a466e32cd2b4ea535207923ceaf5,2026-10-10T14:00:00Z,Chelsea,Bournemouth,Draw,pinnacle,4.17,0.23131,4.5,matchbook,21,4.05,3.9
2026-10-07T21:12:14+00:00,soccer_epl,380b8f24ec5430fb545a7490c1017285,2026-10-10T14:00:00Z,Sunderland,Brighton and Hove Albion,A,pinnacle,2.38,0.40718,2.49,onexbet,21,2.25,2.38
2026-10-07T21:12:14+00:00,soccer_epl,380b8f24ec5430fb545a7490c1017285,2026-10-10T14:00:00Z,Sunderland,Brighton and Hove Albion,H,pinnacle,3.03,0.31983,3.15,matchbook,21,2.87,2.8
2026-10-07T21:12:14+00:00,soccer_epl,380b8f24ec5430fb545a7490c1017285,2026-10-10T14:00:00Z,Sunderland,Brighton and Hove Albion,Draw,pinnacle,3.55,0.27298,3.65,unibet_se,21,3.38,3.3
2026-10-07T21:12:14+00:00,soccer_epl,288b4ff00c79daa712c911c564fe1be7,2026-10-10T14:00:00Z,Ipswich Town,Fulham,A,pinnacle,2.46,0.39357,2.56,matchbook,21,2.3,2.4
2026-10-07T21:12:14+00:00,soccer_epl,288b4ff00c79daa712c911c564fe1be7,2026-10-10T14:00:00Z,Ipswich Town,Fulham,H,pinnacle,2.85,0.33971,2.96,matchbook,21,2.77,2.75
2026-10-07T21:12:14+00:00,soccer_epl,288b4ff00c79daa712c911c564fe1be7,2026-10-10T14:00:00Z,Ipswich Town,Fulham,Draw,pinnacle,3.63,0.26672,3.65,unibet_se,21,3.42,3.4
2026-10-07T21:12:14+00:00,soccer_epl,22c9b2c43cbe1334381269550dab78e6,2026-10-10T16:30:00Z,Manchester United,Tottenham Hotspur,H,pinnacle,1.72,0.56037,1.76,onexbet,21,1.65,1.7
2026-10-07T21:12:14+00:00,soccer_epl,22c9b2c43cbe1334381269550dab78e6,2026-10-10T16:30:00Z,Manchester United,Tottenham Hotspur,A,pinnacle,4.42,0.21806,4.8,unibet_se,21,4.25,4.33
2026-10-07T21:12:14+00:00,soccer_epl,22c9b2c43cbe1334381269550dab78e6,2026-10-10T16:30:00Z,Manchester United,Tottenham Hotspur,Draw,pinnacle,4.35,0.22157,4.5,matchbook,21,4.05,3.9
2026-10-07T21:12:14+00:00,soccer_epl,86effab5c6e7bfd58c8e88b1fb7c6ba9,2026-10-11T13:00:00Z,Crystal Palace,Nottingham Forest,H,pinnacle,2.74,0.35339,2.78,matchbook,21,2.52,2.62
2026-10-07T21:12:14+00:00,soccer_epl,86effab5c6e7bfd58c8e88b1fb7c6ba9,2026-10-11T13:00:00Z,Crystal Palace,Nottingham Forest,A,pinnacle,2.67,0.36265,2.82,matchbook,21,2.57,2.62
2026-10-07T21:12:14+00:00,soccer_epl,86effab5c6e7bfd58c8e88b1fb7c6ba9,2026-10-11T13:00:00Z,Crystal Palace,Nottingham Forest,Draw,pinnacle,3.41,0.28396,3.44,onexbet,21,3.3,3.1
2026-10-07T21:12:14+00:00,soccer_epl,0bdae4d304810578e47386606bff7106,2026-10-11T13:00:00Z,Hull City,Everton,A,pinnacle,2.06,0.46944,2.14,matchbook,21,2.0,2.05
2026-10-07T21:12:14+00:00,soccer_epl,0bdae4d304810578e47386606bff7106,2026-10-11T13:00:00Z,Hull City,Everton,H,pinnacle,3.78,0.25583,3.9,matchbook,21,3.48,3.5
2026-10-07T21:12:14+00:00,soccer_epl,0bdae4d304810578e47386606bff7106,2026-10-11T13:00:00Z,Hull City,Everton,Draw,pinnacle,3.52,0.27473,3.62,onexbet,21,3.3,3.3
2026-10-07T21:12:14+00:00,soccer_epl,6dbab232dd8d2aed0cb1d6f7978fb7b1,2026-10-11T15:30:00Z,Liverpool,Manchester City,H,pinnacle,2.63,0.36805,2.7,unibet_se,21,2.53,2.5
2026-10-07T21:12:14+00:00,soccer_epl,6dbab232dd8d2aed0cb1d6f7978fb7b1,2026-10-11T15:30:00Z,Liverpool,Manchester City,A,pinnacle,2.58,0.37519,2.67,onexbet,21,2.42,2.5
2026-10-07T21:12:14+00:00,soccer_epl,6dbab232dd8d2aed0cb1d6f7978fb7b1,2026-10-11T15:30:00Z,Liverpool,Manchester City,Draw,pinnacle,3.77,0.25676,3.86,betonlineag,21,3.58,3.5
2026-10-07T21:12:14+00:00,soccer_epl,acd5bd945dd953ad1e300df5bfe696f9,2026-10-12T19:00:00Z,Coventry City,Newcastle United,H,pinnacle,3.5,0.27622,3.6,matchbook,21,3.2,3.2
2026-10-07T21:12:14+00:00,soccer_epl,acd5bd945dd953ad1e300df5bfe696f9,2026-10-12T19:00:00Z,Coventry City,Newcastle United,A,pinnacle,2.1,0.46036,2.18,onexbet,21,2.02,2.1
2026-10-07T21:12:14+00:00,soccer_epl,acd5bd945dd953ad1e300df5bfe696f9,2026-10-12T19:00:00Z,Coventry City,Newcastle United,Draw,pinnacle,3.67,0.26342,3.85,unibet_se,21,3.53,3.4
2026-10-07T21:12:14+00:00,soccer_epl,764e6513cb3f348881503df70ccb90e0,2026-10-17T11:30:00Z,Everton,Chelsea,A,pinnacle,2.38,0.40004,2.45,onexbet,14,2.18,2.3
2026-10-07T21:12:14+00:00,soccer_epl,764e6513cb3f348881503df70ccb90e0,2026-10-17T11:30:00Z,Everton,Chelsea,H,pinnacle,2.73,0.34875,2.95,unibet_se,14,2.8,2.7
2026-10-07T21:12:14+00:00,soccer_epl,764e6513cb3f348881503df70ccb90e0,2026-10-17T11:30:00Z,Everton,Chelsea,Draw,pinnacle,3.79,0.25121,3.86,onexbet,14,3.53,3.5
2026-10-07T21:12:14+00:00,soccer_epl,8f1945e7272bc7e89016439f5ab321c7,2026-10-17T14:00:00Z,Brentford,Liverpool,H,pinnacle,2.77,0.34346,2.88,onexbet,14,2.7,2.75
2026-10-07T21:12:14+00:00,soccer_epl,8f1945e7272bc7e89016439f5ab321c7,2026-10-17T14:00:00Z,Brentford,Liverpool,A,pinnacle,2.43,0.39152,2.5,onexbet,14,2.23,2.3
2026-10-07T21:12:14+00:00,soccer_epl,8f1945e7272bc7e89016439f5ab321c7,2026-10-17T14:00:00Z,Brentford,Liverpool,Draw,pinnacle,3.59,0.26501,3.8,unibet_se,14,3.58,3.5
2026-10-07T21:12:14+00:00,soccer_epl,7895f97f2f9577f3b13287a3d086859d,2026-10-17T14:00:00Z,Fulham,Hull City,H,pinnacle,1.67,0.56759,1.73,onexbet,14,1.62,1.65
2026-10-07T21:12:14+00:00,soccer_epl,7895f97f2f9577f3b13287a3d086859d,2026-10-17T14:00:00Z,Fulham,Hull City,A,pinnacle,4.85,0.19544,5.18,onexbet,14,4.5,4.8
2026-10-07T21:12:14+00:00,soccer_epl,7895f97f2f9577f3b13287a3d086859d,2026-10-17T14:00:00Z,Fulham,Hull City,Draw,pinnacle,4.0,0.23697,4.11,onexbet,14,3.83,3.9
2026-10-07T21:12:14+00:00,soccer_epl,bf2142d1ca76ba2fc9e61afce80f86c0,2026-10-17T14:00:00Z,Manchester City,Ipswich Town,A,pinnacle,10.39,0.09036,12.51,betsson,14,10.25,10.0
2026-10-07T21:12:14+00:00,soccer_epl,bf2142d1ca76ba2fc9e61afce80f86c0,2026-10-17T14:00:00Z,Manchester City,Ipswich Town,H,pinnacle,1.21,0.7759,1.26,onexbet,14,1.17,1.22
2026-10-07T21:12:14+00:00,soccer_epl,bf2142d1ca76ba2fc9e61afce80f86c0,2026-10-17T14:00:00Z,Manchester City,Ipswich Town,Draw,pinnacle,7.02,0.13374,7.5,tipico_de,14,6.75,6.0
2026-10-07T21:12:14+00:00,soccer_epl,d1bbbdcd3d430e70091b518369b559cf,2026-10-17T16:30:00Z,Newcastle United,Aston Villa,A,pinnacle,3.22,0.29535,3.35,onexbet,14,3.18,3.1
2026-10-07T21:12:14+00:00,soccer_epl,d1bbbdcd3d430e70091b518369b559cf,2026-10-17T16:30:00Z,Newcastle United,Aston Villa,H,pinnacle,2.09,0.45504,2.17,onexbet,14,1.98,2.05
2026-10-07T21:12:14+00:00,soccer_epl,d1bbbdcd3d430e70091b518369b559cf,2026-10-17T16:30:00Z,Newcastle United,Aston Villa,Draw,pinnacle,3.81,0.24961,3.92,onexbet,14,3.58,3.6
2026-10-07T21:12:14+00:00,soccer_epl,dfd5d6648be46426e418801584d46a68,2026-10-18T13:00:00Z,Bournemouth,Sunderland,H,pinnacle,2.01,0.47345,2.04,onexbet,14,1.94,1.95
2026-10-07T21:12:14+00:00,soccer_epl,dfd5d6648be46426e418801584d46a68,2026-10-18T13:00:00Z,Bournemouth,Sunderland,A,pinnacle,3.65,0.26072,3.85,onexbet,14,3.42,3.6
2026-10-07T21:12:14+00:00,soccer_epl,dfd5d6648be46426e418801584d46a68,2026-10-18T13:00:00Z,Bournemouth,Sunderland,Draw,pinnacle,3.58,0.26582,3.75,onexbet,14,3.42,3.4
2026-10-07T21:12:14+00:00,soccer_epl,9fc08b390a49c4434f7cf631a0bb88fb,2026-10-18T13:00:00Z,Brighton and Hove Albion,Crystal Palace,H,pinnacle,1.63,0.58094,1.67,onexbet,14,1.57,1.61
2026-10-07T21:12:14+00:00,soccer_epl,9fc08b390a49c4434f7cf631a0bb88fb,2026-10-18T13:00:00Z,Brighton and Hove Albion,Crystal Palace,A,pinnacle,4.75,0.19935,5.3,unibet_se,14,4.65,4.75
2026-10-07T21:12:14+00:00,soccer_epl,9fc08b390a49c4434f7cf631a0bb88fb,2026-10-18T13:00:00Z,Brighton and Hove Albion,Crystal Palace,Draw,pinnacle,4.31,0.21971,4.45,onexbet,14,4.05,4.0
2026-10-07T21:12:14+00:00,soccer_epl,676b3b0b609e9cf565da450786618d26,2026-10-18T13:00:00Z,Leeds United,Manchester United,H,pinnacle,2.83,0.33657,2.95,unibet_se,14,2.77,2.75
2026-10-07T21:12:14+00:00,soccer_epl,676b3b0b609e9cf565da450786618d26,2026-10-18T13:00:00Z,Leeds United,Manchester United,A,pinnacle,2.35,0.40531,2.44,onexbet,14,2.2,2.38
2026-10-07T21:12:14+00:00,soccer_epl,676b3b0b609e9cf565da450786618d26,2026-10-18T13:00:00Z,Leeds United,Manchester United,Draw,pinnacle,3.69,0.25812,3.77,onexbet,14,3.5,3.4
2026-10-07T21:12:14+00:00,soccer_epl,f696a248965373d9071dc0662e5c58a8,2026-10-18T15:30:00Z,Nottingham Forest,Arsenal,A,pinnacle,1.61,0.58865,1.66,onexbet,14,1.55,1.61
2026-10-07T21:12:14+00:00,soccer_epl,f696a248965373d9071dc0662e5c58a8,2026-10-18T15:30:00Z,Nottingham Forest,Arsenal,H,pinnacle,6.0,0.15795,6.2,tipico_de,14,5.25,5.5
2026-10-07T21:12:14+00:00,soccer_epl,f696a248965373d9071dc0662e5c58a8,2026-10-18T15:30:00Z,Nottingham Forest,Arsenal,Draw,pinnacle,3.74,0.2534,4.1,unibet_se,14,3.8,3.7
2026-10-07T21:12:14+00:00,soccer_epl,9baaf4e48b041cfef04e70e42532502e,2026-10-19T19:00:00Z,Tottenham Hotspur,Coventry City,A,pinnacle,5.82,0.16297,6.47,onexbet,14,5.6,5.75
2026-10-07T21:12:14+00:00,soccer_epl,9baaf4e48b041cfef04e70e42532502e,2026-10-19T19:00:00Z,Tottenham Hotspur,Coventry City,H,pinnacle,1.51,0.62812,1.54,onexbet,14,1.43,1.5
2026-10-07T21:12:14+00:00,soccer_epl,9baaf4e48b041cfef04e70e42532502e,2026-10-19T19:00:00Z,Tottenham Hotspur,Coventry City,Draw,pinnacle,4.54,0.20891,4.8,tipico_de,14,4.45,4.2
2026-10-07T21:12:14+00:00,soccer_spain_la_liga,4e4c6763037ffc0e1dfe92ed16287b6d,2026-10-09T19:00:00Z,Málaga,Espanyol,A,pinnacle,2.73,0.35469,2.83,onexbet,17,2.57,
2026-10-07T21:12:14+00:00,soccer_spain_la_liga,4e4c6763037ffc0e1dfe92ed16287b6d,2026-10-09T19:00:00Z,Málaga,Espanyol,H,pinnacle,2.81,0.34459,2.9,matchbook,17,2.7,
2026-10-07T21:12:14+00:00,soccer_spain_la_liga,4e4c6763037ffc0e1dfe92ed16287b6d,2026-10-09T19:00:00Z,Málaga,Espanyol,Draw,pinnacle,3.22,0.30072,3.37,onexbet,17,3.13,
2026-10-07T21:12:14+00:00,soccer_spain_la_liga,349c47668fdd909039a9408c14cad8bc,2026-10-10T12:00:00Z,Rayo Vallecano,Athletic Bilbao,A,pinnacle,2.68,0.36149,2.72,matchbook,17,2.45,
2026-10-07T21:12:14+00:00,soccer_spain_la_liga,349c47668fdd909039a9408c14cad8bc,2026-10-10T12:00:00Z,Rayo Vallecano,Athletic Bilbao,H,pinnacle,2.74,0.35357,2.88,unibet_nl,17,2.63,
2026-10-07T21:12:14+00:00,soccer_spain_la_liga,349c47668fdd909039a9408c14cad8bc,2026-10-10T12:00:00Z,Rayo Vallecano,Athletic Bilbao,Draw,pinnacle,3.4,0.28494,3.48,onexbet,17,3.3,
2026-10-07T21:12:14+00:00,soccer_spain_la_liga,3869391e3dbdcaa74153b11df56a3fe5,2026-10-10T14:15:00Z,Alavés,Atlético Madrid,H,pinnacle,4.4,0.21904,4.9,matchbook,16,4.15,
2026-10-07T21:12:14+00:00,soccer_spain_la_liga,3869391e3dbdcaa74153b11df56a3fe5,2026-10-10T14:15:00Z,Alavés,Atlético Madrid,A,pinnacle,1.83,0.52666,1.87,coolbet,16,1.74,
2026-10-07T21:12:14+00:00,soccer_spain_la_liga,3869391e3dbdcaa74153b11df56a3fe5,2026-10-10T14:15:00Z,Alavés,Atlético Madrid,Draw,pinnacle,3.79,0.2543,3.92,onexbet,16,3.65,
2026-10-07T21:12:14+00:00,soccer_spain_la_liga,edb80d633a1906e5865ab70cc9b540ea,2026-10-10T16:30:00Z,Barcelona,Getafe,H,pinnacle,1.08,0.89252,1.1,matchbook,17,1.06,
2026-10-07T21:12:14+00:00,soccer_spain_la_liga,edb80d633a1906e5865ab70cc9b540ea,2026-10-10T16:30:00Z,Barcelona,Getafe,A,pinnacle,22.44,0.04296,40.0,onexbet,17,20.0,
2026-10-07T21:12:14+00:00,soccer_spain_la_liga,edb80d633a1906e5865ab70cc9b540ea,2026-10-10T16:30:00Z,Barcelona,Getafe,Draw,pinnacle,14.94,0.06452,16.5,onexbet,17,10.25,
2026-10-07T21:12:14+00:00,soccer_spain_la_liga,551f242223b1625f458d1a2ea212a0c3,2026-10-10T19:00:00Z,Real Madrid,Villarreal,H,pinnacle,1.35,0.71411,1.37,onexbet,17,1.31,
2026-10-07T21:12:14+00:00,soccer_spain_la_liga,551f242223b1625f458d1a2ea212a0c3,2026-10-10T19:00:00Z,Real Madrid,Villarreal,A,pinnacle,7.51,0.12837,9.5,unibet_nl,17,6.6,
2026-10-07T21:12:14+00:00,soccer_spain_la_liga,551f242223b1625f458d1a2ea212a0c3,2026-10-10T19:00:00Z,Real Madrid,Villarreal,Draw,pinnacle,6.12,0.15752,6.4,unibet_nl,17,5.6,
2026-10-07T21:12:14+00:00,soccer_spain_la_liga,7daf7edaf572eba3ac86196c663d67d3,2026-10-11T12:00:00Z,Elche CF,Celta Vigo,A,pinnacle,2.67,0.36261,2.75,coolbet,17,2.47,
2026-10-07T21:12:14+00:00,soccer_spain_la_liga,7daf7edaf572eba3ac86196c663d67d3,2026-10-11T12:00:00Z,Elche CF,Celta Vigo,H,pinnacle,2.8,0.34577,2.93,onexbet,17,2.7,
2026-10-07T21:12:14+00:00,soccer_spain_la_liga,7daf7edaf572eba3ac86196c663d67d3,2026-10-11T12:00:00Z,Elche CF,Celta Vigo,Draw,pinnacle,3.32,0.29162,3.33,onexbet,17,3.17,
2026-10-07T21:12:14+00:00,soccer_spain_la_liga,2997b68cc93f62d8a1dee9f06bedbefd,2026-10-11T14:15:00Z,Real Sociedad,Deportivo La Coruña,A,pinnacle,5.48,0.17578,6.2,matchbook,16,,
2026-10-07T21:12:14+00:00,soccer_spain_la_liga,2997b68cc93f62d8a1dee9f06bedbefd,2026-10-11T14:15:00Z,Real Sociedad,Deportivo La Coruña,H,pinnacle,1.63,0.59098,1.69,onexbet,16,,
2026-10-07T21:12:14+00:00,soccer_spain_la_liga,2997b68cc93f62d8a1dee9f06bedbefd,2026-10-11T14:15:00Z,Real Sociedad,Deportivo La Coruña,Draw,pinnacle,4.13,0.23324,4.25,unibet_nl,16,,
2026-10-07T21:12:14+00:00,soccer_spain_la_liga,984691837d31fd0c59c088f377f55f75,2026-10-11T16:30:00Z,Real Betis,CA Osasuna,A,pinnacle,5.79,0.16629,6.4,matchbook,17,5.5,
2026-10-07T21:12:14+00:00,soccer_spain_la_liga,984691837d31fd0c59c088f377f55f75,2026-10-11T16:30:00Z,Real Betis,CA Osasuna,H,pinnacle,1.55,0.62117,1.64,onexbet,17,1.51,
2026-10-07T21:12:14+00:00,soccer_spain_la_liga,984691837d31fd0c59c088f377f55f75,2026-10-11T16:30:00Z,Real Betis,CA Osasuna,Draw,pinnacle,4.53,0.21254,4.54,betonlineag,17,4.1,
2026-10-07T21:12:14+00:00,soccer_spain_la_liga,66a4f4201806b928c9007116727fdd61,2026-10-11T19:00:00Z,Real Racing Club de Santander,Valencia,H,pinnacle,2.34,0.41373,2.42,onexbet,17,2.2,
2026-10-07T21:12:14+00:00,soccer_spain_la_liga,66a4f4201806b928c9007116727fdd61,2026-10-11T19:00:00Z,Real Racing Club de Santander,Valencia,A,pinnacle,3.08,0.31433,3.15,unibet_nl,17,2.92,
2026-10-07T21:12:14+00:00,soccer_spain_la_liga,66a4f4201806b928c9007116727fdd61,2026-10-11T19:00:00Z,Real Racing Club de Santander,Valencia,Draw,pinnacle,3.56,0.27195,3.71,onexbet,17,3.45,
2026-10-07T21:12:14+00:00,soccer_spain_la_liga,529fc26c7774d5b469932e275c668921,2026-10-12T19:00:00Z,Levante,Sevilla,H,pinnacle,2.64,0.36618,2.8,coolbet,17,2.5,
2026-10-07T21:12:14+00:00,soccer_spain_la_liga,529fc26c7774d5b469932e275c668921,2026-10-12T19:00:00Z,Levante,Sevilla,A,pinnacle,2.8,0.34525,2.84,matchbook,17,2.63,
2026-10-07T21:12:14+00:00,soccer_spain_la_liga,529fc26c7774d5b469932e275c668921,2026-10-12T19:00:00Z,Levante,Sevilla,Draw,pinnacle,3.35,0.28857,3.41,onexbet,17,3.2,
2026-10-07T21:12:14+00:00,soccer_spain_la_liga,19ee731602634e5c9e3106630e087464,2026-10-16T19:00:00Z,Deportivo La Coruña,Levante,H,pinnacle,2.08,0.45761,2.17,onexbet,11,,
2026-10-07T21:12:14+00:00,soccer_spain_la_liga,19ee731602634e5c9e3106630e087464,2026-10-16T19:00:00Z,Deportivo La Coruña,Levante,A,pinnacle,3.54,0.26888,3.6,unibet_se,11,,
2026-10-07T21:12:14+00:00,soccer_spain_la_liga,19ee731602634e5c9e3106630e087464,2026-10-16T19:00:00Z,Deportivo La Coruña,Levante,Draw,pinnacle,3.48,0.27351,3.62,onexbet,11,,
2026-10-07T21:12:14+00:00,soccer_spain_la_liga,6436925dd15916d7041ba32b60000d48,2026-10-17T12:00:00Z,Espanyol,Atlético Madrid,A,pinnacle,1.85,0.51365,1.91,onexbet,11,1.75,
2026-10-07T21:12:14+00:00,soccer_spain_la_liga,6436925dd15916d7041ba32b60000d48,2026-10-17T12:00:00Z,Espanyol,Atlético Madrid,H,pinnacle,4.14,0.22953,4.32,onexbet,11,3.93,
2026-10-07T21:12:14+00:00,soccer_spain_la_liga,6436925dd15916d7041ba32b60000d48,2026-10-17T12:00:00Z,Espanyol,Atlético Madrid,Draw,pinnacle,3.7,0.25682,3.84,onexbet,11,3.63,
2026-10-07T21:12:14+00:00,soccer_spain_la_liga,aef660734585649651415961a9d177c6,2026-10-17T14:15:00Z,Villarreal,Elche CF,A,pinnacle,6.04,0.15662,6.73,onexbet,12,5.5,
2026-10-07T21:12:14+00:00,soccer_spain_la_liga,aef660734585649651415961a9d177c6,2026-10-17T14:15:00Z,Villarreal,Elche CF,H,pinnacle,1.46,0.64793,1.51,onexbet,12,1.43,
2026-10-07T21:12:14+00:00,soccer_spain_la_liga,aef660734585649651415961a9d177c6,2026-10-17T14:15:00Z,Villarreal,Elche CF,Draw,pinnacle,4.84,0.19545,5.0,unibet_se,12,4.6,
2026-10-07T21:12:14+00:00,soccer_spain_la_liga,846e496fc232b2fc20214754836727d0,2026-10-17T16:30:00Z,Real Betis,Barcelona,A,betfair_ex_eu,1.47,0.67114,1.49,onexbet,12,1.37,
2026-10-07T21:12:14+00:00,soccer_spain_la_liga,846e496fc232b2fc20214754836727d0,2026-10-17T16:30:00Z,Real Betis,Barcelona,H,betfair_ex_eu,6.0,0.16443,6.21,onexbet,12,5.6,
2026-10-07T21:12:14+00:00,soccer_spain_la_liga,846e496fc232b2fc20214754836727d0,2026-10-17T16:30:00Z,Real Betis,Barcelona,Draw,betfair_ex_eu,6.0,0.16443,5.9,winamax_de,12,5.25,
2026-10-07T21:12:14+00:00,soccer_spain_la_liga,f00cd1ea41fa39149729d14ebc07aa6c,2026-10-17T19:00:00Z,Valencia,Athletic Bilbao,A,pinnacle,2.08,0.45746,2.18,onexbet,12,2.02,
2026-10-07T21:12:14+00:00,soccer_spain_la_liga,f00cd1ea41fa39149729d14ebc07aa6c,2026-10-17T19:00:00Z,Valencia,Athletic Bilbao,H,pinnacle,3.6,0.26431,3.62,onexbet,12,3.3,
2026-10-07T21:12:14+00:00,soccer_spain_la_liga,f00cd1ea41fa39149729d14ebc07aa6c,2026-10-17T19:00:00Z,Valencia,Athletic Bilbao,Draw,pinnacle,3.42,0.27822,3.58,onexbet,12,3.32,
2026-10-07T21:12:14+00:00,soccer_spain_la_liga,1f566f17c50fe5162724ec2863d2207b,2026-10-18T12:00:00Z,CA Osasuna,Real Racing Club de Santander,H,pinnacle,1.91,0.49748,1.95,onexbet,12,1.82,
2026-10-07T21:12:14+00:00,soccer_spain_la_liga,1f566f17c50fe5162724ec2863d2207b,2026-10-18T12:00:00Z,CA Osasuna,Real Racing Club de Santander,A,pinnacle,4.26,0.22305,4.32,onexbet,12,3.75,
2026-10-07T21:12:14+00:00,soccer_spain_la_liga,1f566f17c50fe5162724ec2863d2207b,2026-10-18T12:00:00Z,CA Osasuna,Real Racing Club de Santander,Draw,pinnacle,3.4,0.27947,3.68,onexbet,12,3.53,
2026-10-07T21:12:14+00:00,soccer_spain_la_liga,aabe899ecc4c19a1fafe5440151b62e4,2026-10-18T14:15:00Z,Celta Vigo,Alavés,A,pinnacle,3.87,0.24551,3.95,unibet_se,12,3.63,
2026-10-07T21:12:14+00:00,soccer_spain_la_liga,aabe899ecc4c19a1fafe5440151b62e4,2026-10-18T14:15:00Z,Celta Vigo,Alavés,H,pinnacle,2.0,0.47505,2.08,onexbet,12,1.94,
2026-10-07T21:12:14+00:00,soccer_spain_la_liga,aabe899ecc4c19a1fafe5440151b62e4,2026-10-18T14:15:00Z,Celta Vigo,Alavés,Draw,pinnacle,3.4,0.27944,3.58,onexbet,12,3.23,
2026-10-07T21:12:14+00:00,soccer_spain_la_liga,1051298b4aca6f07113309bff598a5c1,2026-10-18T16:30:00Z,Málaga,Real Sociedad,H,pinnacle,3.23,0.29467,3.3,unibet_se,12,3.0,
2026-10-07T21:12:14+00:00,soccer_spain_la_liga,1051298b4aca6f07113309bff598a5c1,2026-10-18T16:30:00Z,Málaga,Real Sociedad,A,pinnacle,2.2,0.43262,2.29,onexbet,12,2.12,
2026-10-07T21:12:14+00:00,soccer_spain_la_liga,1051298b4aca6f07113309bff598a5c1,2026-10-18T16:30:00Z,Málaga,Real Sociedad,Draw,pinnacle,3.49,0.27271,3.63,onexbet,12,3.4,
2026-10-07T21:12:14+00:00,soccer_spain_la_liga,eccd63bf768e2f2a358b871d3f33a63d,2026-10-18T19:00:00Z,Real Madrid,Sevilla,H,betfair_ex_eu,1.24,0.78684,1.3,onexbet,12,1.22,
2026-10-07T21:12:14+00:00,soccer_spain_la_liga,eccd63bf768e2f2a358b871d3f33a63d,2026-10-18T19:00:00Z,Real Madrid,Sevilla,A,betfair_ex_eu,12.0,0.08131,11.5,nordicbet,12,8.75,
2026-10-07T21:12:14+00:00,soccer_spain_la_liga,eccd63bf768e2f2a358b871d3f33a63d,2026-10-18T19:00:00Z,Real Madrid,Sevilla,Draw,betfair_ex_eu,7.4,0.13185,7.2,tipico_de,12,6.0,
2026-10-07T21:12:14+00:00,soccer_spain_la_liga,4a88bc4de574d43ef34677fd8d78722f,2026-10-19T19:00:00Z,Getafe,Rayo Vallecano,H,pinnacle,2.71,0.33503,2.92,betsson,12,2.75,
2026-10-07T21:12:14+00:00,soccer_spain_la_liga,4a88bc4de574d43ef34677fd8d78722f,2026-10-19T19:00:00Z,Getafe,Rayo Vallecano,A,pinnacle,2.44,0.3721,2.82,onexbet,12,2.48,
2026-10-07T21:12:14+00:00,soccer_spain_la_liga,4a88bc4de574d43ef34677fd8d78722f,2026-10-19T19:00:00Z,Getafe,Rayo Vallecano,Draw,pinnacle,3.1,0.29288,3.21,onexbet,12,3.0,
2026-10-07T21:12:14+00:00,soccer_italy_serie_a,2f8e871a0f7f66ae22938028645e1066,2026-10-10T13:00:00Z,Genoa,Fiorentina,A,pinnacle,2.37,0.40851,2.39,onexbet,20,2.18,2.25
2026-10-07T21:12:14+00:00,soccer_italy_serie_a,2f8e871a0f7f66ae22938028645e1066,2026-10-10T13:00:00Z,Genoa,Fiorentina,H,pinnacle,3.34,0.28987,3.4,matchbook,20,3.12,3.0
2026-10-07T21:12:14+00:00,soccer_italy_serie_a,2f8e871a0f7f66ae22938028645e1066,2026-10-10T13:00:00Z,Genoa,Fiorentina,Draw,pinnacle,3.21,0.30161,3.48,onexbet,20,3.22,3.2
2026-10-07T21:12:14+00:00,soccer_italy_serie_a,1a01b0611dacd334e1558a5097e05023,2026-10-10T16:00:00Z,Inter Milan,Parma,H,pinnacle,1.15,0.83514,1.17,onexbet,20,1.12,1.14
2026-10-07T21:12:14+00:00,soccer_italy_serie_a,1a01b0611dacd334e1558a5097e05023,2026-10-10T16:00:00Z,Inter Milan,Parma,A,pinnacle,15.68,0.06125,21.0,betsson,20,14.5,15.0
2026-10-07T21:12:14+00:00,soccer_italy_serie_a,1a01b0611dacd334e1558a5097e05023,2026-10-10T16:00:00Z,Inter Milan,Parma,Draw,pinnacle,9.27,0.1036,9.8,matchbook,20,7.75,8.0
2026-10-07T21:12:14+00:00,soccer_italy_serie_a,40c1bd70fee927f9bfa8901edab02b48,2026-10-10T18:45:00Z,Napoli,Frosinone,A,pinnacle,6.28,0.15324,7.0,unibet_se,20,6.25,6.0
2026-10-07T21:12:14+00:00,soccer_italy_serie_a,40c1bd70fee927f9bfa8901edab02b48,2026-10-10T18:45:00Z,Napoli,Frosinone,H,pinnacle,1.47,0.65467,1.52,matchbook,20,1.38,1.44
2026-10-07T21:12:14+00:00,soccer_italy_serie_a,40c1bd70fee927f9bfa8901edab02b48,2026-10-10T18:45:00Z,Napoli,Frosinone,Draw,pinnacle,5.01,0.19209,5.2,winamax_de,20,4.9,4.5
2026-10-07T21:12:14+00:00,soccer_italy_serie_a,2547c0dbddd26d23fa532228e36348cb,2026-10-11T10:30:00Z,Como,AS Roma,A,pinnacle,2.74,0.3537,2.78,matchbook,20,2.6,2.5
2026-10-07T21:12:14+00:00,soccer_italy_serie_a,2547c0dbddd26d23fa532228e36348cb,2026-10-11T10:30:00Z,Como,AS Roma,H,pinnacle,2.57,0.3771,2.7,matchbook,20,2.4,2.5
2026-10-07T21:12:14+00:00,soccer_italy_serie_a,2547c0dbddd26d23fa532228e36348cb,2026-10-11T10:30:00Z,Como,AS Roma,Draw,pinnacle,3.6,0.2692,3.71,onexbet,20,3.5,3.4
2026-10-07T21:12:14+00:00,soccer_italy_serie_a,946716d7e5e52822f08be8cb95193d9d,2026-10-11T13:00:00Z,Lecce,Bologna,A,pinnacle,1.93,0.4998,1.98,onexbet,20,1.86,1.91
2026-10-07T21:12:14+00:00,soccer_italy_serie_a,946716d7e5e52822f08be8cb95193d9d,2026-10-11T13:00:00Z,Lecce,Bologna,H,pinnacle,4.68,0.20611,4.6,matchbook,20,4.05,3.9
2026-10-07T21:12:14+00:00,soccer_italy_serie_a,946716d7e5e52822f08be8cb95193d9d,2026-10-11T13:00:00Z,Lecce,Bologna,Draw,pinnacle,3.28,0.29409,3.55,unibet_se,20,3.28,3.25
2026-10-07T21:12:14+00:00,soccer_italy_serie_a,c0f72699f32ec193b64fd54092fe268d,2026-10-11T13:00:00Z,Lazio,Monza,H,pinnacle,1.59,0.6056,1.63,unibet_se,20,1.52,1.53
2026-10-07T21:12:14+00:00,soccer_italy_serie_a,c0f72699f32ec193b64fd54092fe268d,2026-10-11T13:00:00Z,Lazio,Monza,A,pinnacle,5.91,0.16293,6.3,betonlineag,20,5.6,5.5
2026-10-07T21:12:14+00:00,soccer_italy_serie_a,c0f72699f32ec193b64fd54092fe268d,2026-10-11T13:00:00Z,Lazio,Monza,Draw,pinnacle,4.16,0.23147,4.29,betonlineag,20,3.95,3.8
2026-10-07T21:12:14+00:00,soccer_italy_serie_a,1cf64166dda1e0da8b325161deb39662,2026-10-11T16:00:00Z,Sassuolo,AC Milan,A,pinnacle,1.82,0.53076,1.87,onexbet,20,1.74,1.8
2026-10-07T21:12:14+00:00,soccer_italy_serie_a,1cf64166dda1e0da8b325161deb39662,2026-10-11T16:00:00Z,Sassuolo,AC Milan,H,pinnacle,4.36,0.22155,4.5,betonlineag,20,4.1,4.0
2026-10-07T21:12:14+00:00,soccer_italy_serie_a,1cf64166dda1e0da8b325161deb39662,2026-10-11T16:00:00Z,Sassuolo,AC Milan,Draw,pinnacle,3.9,0.24769,3.95,matchbook,20,3.68,3.6
2026-10-07T21:12:14+00:00,soccer_italy_serie_a,407f7d03157d1dfad384876e6a6bc910,2026-10-11T18:45:00Z,Cagliari,Juventus,H,pinnacle,6.38,0.15112,6.8,matchbook,20,6.0,6.0
2026-10-07T21:12:14+00:00,soccer_italy_serie_a,407f7d03157d1dfad384876e6a6bc910,2026-10-11T18:45:00Z,Cagliari,Juventus,A,pinnacle,1.58,0.61023,1.62,onexbet,20,1.49,1.53
2026-10-07T21:12:14+00:00,soccer_italy_serie_a,407f7d03157d1dfad384876e6a6bc910,2026-10-11T18:45:00Z,Cagliari,Juventus,Draw,pinnacle,4.04,0.23865,4.09,onexbet,20,3.93,3.8
2026-10-07T21:12:14+00:00,soccer_italy_serie_a,0f2e7ff90b994f31d5cd48a9680943e1,2026-10-12T16:30:00Z,Atalanta BC,Venezia,H,pinnacle,1.57,0.61314,1.66,onexbet,20,1.51,1.53
2026-10-07T21:12:14+00:00,soccer_italy_serie_a,0f2e7ff90b994f31d5cd48a9680943e1,2026-10-12T16:30:00Z,Atalanta BC,Venezia,A,pinnacle,6.17,0.15602,6.0,tipico_de,20,5.25,5.0
2026-10-07T21:12:14+00:00,soccer_italy_serie_a,0f2e7ff90b994f31d5cd48a9680943e1,2026-10-12T16:30:00Z,Atalanta BC,Venezia,Draw,pinnacle,4.17,0.23085,4.4,unibet_se,20,4.2,4.2
2026-10-07T21:12:14+00:00,soccer_italy_serie_a,f4a28510bb0c835280a2aca709c19d50,2026-10-12T18:45:00Z,Torino,Udinese,H,pinnacle,2.35,0.41168,2.4,matchbook,20,2.25,2.3
2026-10-07T21:12:14+00:00,soccer_italy_serie_a,f4a28510bb0c835280a2aca709c19d50,2026-10-12T18:45:00Z,Torino,Udinese,A,pinnacle,3.35,0.28879,3.4,matchbook,20,3.02,3.1
2026-10-07T21:12:14+00:00,soccer_italy_serie_a,f4a28510bb0c835280a2aca709c19d50,2026-10-12T18:45:00Z,Torino,Udinese,Draw,pinnacle,3.23,0.29952,3.4,unibet_se,20,3.17,3.1
2026-10-07T21:12:14+00:00,soccer_italy_serie_a,7d3160040958fe21778fd5ee485666c3,2026-10-16T18:45:00Z,Frosinone,Sassuolo,H,pinnacle,2.42,0.3937,2.55,unibet_se,13,2.28,2.4
2026-10-07T21:12:14+00:00,soccer_italy_serie_a,7d3160040958fe21778fd5ee485666c3,2026-10-16T18:45:00Z,Frosinone,Sassuolo,A,pinnacle,2.9,0.32853,2.96,onexbet,13,2.68,2.75
2026-10-07T21:12:14+00:00,soccer_italy_serie_a,7d3160040958fe21778fd5ee485666c3,2026-10-16T18:45:00Z,Frosinone,Sassuolo,Draw,pinnacle,3.43,0.27777,3.55,winamax_de,13,3.45,3.3
2026-10-07T21:12:14+00:00,soccer_italy_serie_a,907639dade64cca45d1ab639195d201e,2026-10-17T13:00:00Z,Venezia,Napoli,A,pinnacle,1.7,0.55695,1.78,unibet_se,13,1.63,1.7
2026-10-07T21:12:14+00:00,soccer_italy_serie_a,907639dade64cca45d1ab639195d201e,2026-10-17T13:00:00Z,Venezia,Napoli,H,pinnacle,4.44,0.21325,4.74,onexbet,13,4.45,4.33
2026-10-07T21:12:14+00:00,soccer_italy_serie_a,907639dade64cca45d1ab639195d201e,2026-10-17T13:00:00Z,Venezia,Napoli,Draw,pinnacle,4.12,0.22981,4.22,onexbet,13,3.83,3.8
2026-10-07T21:12:14+00:00,soccer_italy_serie_a,bfefc309177723410230fee52f650315,2026-10-17T16:00:00Z,Bologna,Inter Milan,H,pinnacle,5.45,0.17367,5.7,tipico_de,13,4.8,4.8
2026-10-07T21:12:14+00:00,soccer_italy_serie_a,bfefc309177723410230fee52f650315,2026-10-17T16:00:00Z,Bologna,Inter Milan,A,pinnacle,1.62,0.58426,1.69,onexbet,13,1.57,1.65
2026-10-07T21:12:14+00:00,soccer_italy_serie_a,bfefc309177723410230fee52f650315,2026-10-17T16:00:00Z,Bologna,Inter Milan,Draw,pinnacle,3.91,0.24207,4.12,onexbet,13,3.9,3.75
2026-10-07T21:12:14+00:00,soccer_italy_serie_a,18d478f469da3bcc654dd4555b85c7e3,2026-10-17T18:45:00Z,AS Roma,Genoa,H,pinnacle,1.33,0.71264,1.36,onexbet,13,1.29,1.33
2026-10-07T21:12:14+00:00,soccer_italy_serie_a,18d478f469da3bcc654dd4555b85c7e3,2026-10-17T18:45:00Z,AS Roma,Genoa,A,pinnacle,8.5,0.11151,10.5,unibet_se,13,8.0,8.5
2026-10-07T21:12:14+00:00,soccer_italy_serie_a,18d478f469da3bcc654dd4555b85c7e3,2026-10-17T18:45:00Z,AS Roma,Genoa,Draw,pinnacle,5.39,0.17585,5.7,tipico_de,13,5.0,4.8
2026-10-07T21:12:14+00:00,soccer_italy_serie_a,367da93aa21a1e13eeafb94fd2263c75,2026-10-18T10:30:00Z,Udinese,Lecce,A,pinnacle,4.2,0.22603,4.4,tipico_de,13,4.05,3.9
2026-10-07T21:12:14+00:00,soccer_italy_serie_a,367da93aa21a1e13eeafb94fd2263c75,2026-10-18T10:30:00Z,Udinese,Lecce,H,pinnacle,1.85,0.51316,1.95,onexbet,13,1.78,1.85
2026-10-07T21:12:14+00:00,soccer_italy_serie_a,367da93aa21a1e13eeafb94fd2263c75,2026-10-18T10:30:00Z,Udinese,Lecce,Draw,pinnacle,3.64,0.26081,3.71,onexbet,13,3.42,3.4
2026-10-07T21:12:14+00:00,soccer_italy_serie_a,3ea32a0aa44a5f0ef7fd088155430087,2026-10-18T13:00:00Z,Fiorentina,Como,A,pinnacle,2.07,0.45966,2.13,onexbet,13,2.0,2.05
2026-10-07T21:12:14+00:00,soccer_italy_serie_a,3ea32a0aa44a5f0ef7fd088155430087,2026-10-18T13:00:00Z,Fiorentina,Como,H,pinnacle,3.36,0.28318,3.6,unibet_se,13,3.2,3.3
2026-10-07T21:12:14+00:00,soccer_italy_serie_a,3ea32a0aa44a5f0ef7fd088155430087,2026-10-18T13:00:00Z,Fiorentina,Como,Draw,pinnacle,3.7,0.25716,3.81,onexbet,13,3.5,3.5
2026-10-07T21:12:14+00:00,soccer_italy_serie_a,f9403dd597edbfaa73abdc974e55344c,2026-10-18T16:00:00Z,AC Milan,Atalanta BC,H,pinnacle,1.85,0.51386,1.95,onexbet,13,1.81,1.85
2026-10-07T21:12:14+00:00,soccer_italy_serie_a,f9403dd597edbfaa73abdc974e55344c,2026-10-18T16:00:00Z,AC Milan,Atalanta BC,A,pinnacle,4.16,0.22852,4.3,unibet_se,13,3.78,3.9
2026-10-07T21:12:14+00:00,soccer_italy_serie_a,f9403dd597edbfaa73abdc974e55344c,2026-10-18T16:00:00Z,AC Milan,Atalanta BC,Draw,pinnacle,3.69,0.25762,3.85,unibet_se,13,3.5,3.4
2026-10-07T21:12:14+00:00,soccer_italy_serie_a,4c4026e2782f09d6f0ff2bde2a390513,2026-10-18T18:45:00Z,Juventus,Lazio,H,pinnacle,1.64,0.57774,1.68,unibet_se,13,1.59,1.61
2026-10-07T21:12:14+00:00,soccer_italy_serie_a,4c4026e2782f09d6f0ff2bde2a390513,2026-10-18T18:45:00Z,Juventus,Lazio,A,pinnacle,5.34,0.17743,5.7,tipico_de,13,4.95,5.0
2026-10-07T21:12:14+00:00,soccer_italy_serie_a,4c4026e2782f09d6f0ff2bde2a390513,2026-10-18T18:45:00Z,Juventus,Lazio,Draw,pinnacle,3.87,0.24483,4.12,onexbet,13,3.7,3.8
2026-10-07T21:12:14+00:00,soccer_italy_serie_a,ce94aca384a20f6af459366da6e1dd21,2026-10-19T16:30:00Z,Monza,Cagliari,A,pinnacle,3.46,0.27528,3.65,unibet_se,13,3.22,3.3
2026-10-07T21:12:14+00:00,soccer_italy_serie_a,ce94aca384a20f6af459366da6e1dd21,2026-10-19T16:30:00Z,Monza,Cagliari,H,pinnacle,2.24,0.42521,2.32,onexbet,13,2.12,2.2
2026-10-07T21:12:14+00:00,soccer_italy_serie_a,ce94aca384a20f6af459366da6e1dd21,2026-10-19T16:30:00Z,Monza,Cagliari,Draw,pinnacle,3.18,0.29952,3.27,onexbet,13,3.15,3.0
2026-10-07T21:12:14+00:00,soccer_italy_serie_a,07014d9adc65ca39710bd9f0c7c0d3f0,2026-10-19T18:45:00Z,Parma,Torino,H,pinnacle,3.2,0.29774,3.25,onexbet,13,2.95,3.0
2026-10-07T21:12:14+00:00,soccer_italy_serie_a,07014d9adc65ca39710bd9f0c7c0d3f0,2026-10-19T18:45:00Z,Parma,Torino,A,pinnacle,2.47,0.38573,2.52,onexbet,13,2.3,2.4
2026-10-07T21:12:14+00:00,soccer_italy_serie_a,07014d9adc65ca39710bd9f0c7c0d3f0,2026-10-19T18:45:00Z,Parma,Torino,Draw,pinnacle,3.01,0.31653,3.25,unibet_se,13,3.05,3.0
2026-10-07T21:12:14+00:00,soccer_germany_bundesliga,3fb63658405d468954f57745cd115118,2026-10-09T18:30:00Z,Borussia Dortmund,Werder Bremen,H,pinnacle,1.37,0.70297,1.41,onexbet,20,1.32,1.33
2026-10-07T21:12:14+00:00,soccer_germany_bundesliga,3fb63658405d468954f57745cd115118,2026-10-09T18:30:00Z,Borussia Dortmund,Werder Bremen,A,pinnacle,7.52,0.12807,9.0,unibet_se,20,7.25,7.0
2026-10-07T21:12:14+00:00,soccer_germany_bundesliga,3fb63658405d468954f57745cd115118,2026-10-09T18:30:00Z,Borussia Dortmund,Werder Bremen,Draw,pinnacle,5.7,0.16896,6.0,unibet_se,20,5.5,5.0
2026-10-07T21:12:14+00:00,soccer_germany_bundesliga,3b71160ad20dba786c4f92e33c987d80,2026-10-10T13:30:00Z,Augsburg,Bayern Munich,H,pinnacle,10.09,0.09534,13.0,coolbet,20,10.25,10.0
2026-10-07T21:12:14+00:00,soccer_germany_bundesliga,3b71160ad20dba786c4f92e33c987d80,2026-10-10T13:30:00Z,Augsburg,Bayern Munich,A,pinnacle,1.2,0.80166,1.23,gtbets,20,1.15,1.18
2026-10-07T21:12:14+00:00,soccer_germany_bundesliga,3b71160ad20dba786c4f92e33c987d80,2026-10-10T13:30:00Z,Augsburg,Bayern Munich,Draw,pinnacle,9.34,0.103,9.8,matchbook,20,8.0,7.5
2026-10-07T21:12:14+00:00,soccer_germany_bundesliga,418f8c26d46eaabd829f2e265673b855,2026-10-10T13:30:00Z,FSV Mainz 05,Bayer Leverkusen,A,pinnacle,2.18,0.44325,2.31,onexbet,20,2.1,2.25
2026-10-07T21:12:14+00:00,soccer_germany_bundesliga,418f8c26d46eaabd829f2e265673b855,2026-10-10T13:30:00Z,FSV Mainz 05,Bayer Leverkusen,H,pinnacle,3.06,0.31578,3.2,matchbook,20,2.88,2.8
2026-10-07T21:12:14+00:00,soccer_germany_bundesliga,418f8c26d46eaabd829f2e265673b855,2026-10-10T13:30:00Z,FSV Mainz 05,Bayer Leverkusen,Draw,pinnacle,4.01,0.24097,4.2,coolbet,20,3.75,3.6
2026-10-07T21:12:14+00:00,soccer_germany_bundesliga,2fd48be0a24ed906187067d4170bf010,2026-10-10T13:30:00Z,Union Berlin,Elversberg,A,pinnacle,2.93,0.33019,3.0,matchbook,20,2.75,2.7
2026-10-07T21:12:14+00:00,soccer_germany_bundesliga,2fd48be0a24ed906187067d4170bf010,2026-10-10T13:30:00Z,Union Berlin,Elversberg,H,pinnacle,2.33,0.41522,2.4,tipico_de,20,2.22,2.25
2026-10-07T21:12:14+00:00,soccer_germany_bundesliga,2fd48be0a24ed906187067d4170bf010,2026-10-10T13:30:00Z,Union Berlin,Elversberg,Draw,pinnacle,3.8,0.25459,4.0,coolbet,20,3.65,3.6
2026-10-07T21:12:14+00:00,soccer_germany_bundesliga,f03c08c0ae5fd66c2d2df2053115bb94,2026-10-10T13:30:00Z,TSG Hoffenheim,Hamburger SV,A,pinnacle,7.03,0.13678,7.2,matchbook,20,6.1,6.5
2026-10-07T21:12:14+00:00,soccer_germany_bundesliga,f03c08c0ae5fd66c2d2df2053115bb94,2026-10-10T13:30:00Z,TSG Hoffenheim,Hamburger SV,H,pinnacle,1.44,0.66777,1.49,onexbet,20,1.37,1.4
2026-10-07T21:12:14+00:00,soccer_germany_bundesliga,f03c08c0ae5fd66c2d2df2053115bb94,2026-10-10T13:30:00Z,TSG Hoffenheim,Hamburger SV,Draw,pinnacle,4.92,0.19545,5.5,matchbook,20,5.1,4.5
2026-10-07T21:12:14+00:00,soccer_germany_bundesliga,9aade3e736c3d113dab19e641c43e272,2026-10-10T13:30:00Z,SC Paderborn,VfB Stuttgart,H,pinnacle,4.97,0.19449,5.08,onexbet,20,4.75,4.6
2026-10-07T21:12:14+00:00,soccer_germany_bundesliga,9aade3e736c3d113dab19e641c43e272,2026-10-10T13:30:00Z,SC Paderborn,VfB Stuttgart,A,pinnacle,1.6,0.60413,1.65,matchbook,20,1.52,1.57
2026-10-07T21:12:14+00:00,soccer_germany_bundesliga,9aade3e736c3d113dab19e641c43e272,2026-10-10T13:30:00Z,SC Paderborn,VfB Stuttgart,Draw,pinnacle,4.8,0.20138,4.83,onexbet,20,4.55,4.33
2026-10-07T21:12:14+00:00,soccer_germany_bundesliga,01cb7a67c8ae71201ec27297455fc0e8,2026-10-10T16:30:00Z,RB Leipzig,Eintracht Frankfurt,A,pinnacle,4.98,0.19312,5.4,unibet_se,20,4.8,4.8
2026-10-07T21:12:14+00:00,soccer_germany_bundesliga,01cb7a67c8ae71201ec27297455fc0e8,2026-10-10T16:30:00Z,RB Leipzig,Eintracht Frankfurt,H,pinnacle,1.57,0.61258,1.61,matchbook,20,1.49,1.5
2026-10-07T21:12:14+00:00,soccer_germany_bundesliga,01cb7a67c8ae71201ec27297455fc0e8,2026-10-10T16:30:00Z,RB Leipzig,Eintracht Frankfurt,Draw,pinnacle,4.95,0.19429,5.25,coolbet,20,4.75,4.6
2026-10-07T21:12:14+00:00,soccer_germany_bundesliga,a8801462cb97a43570956e4b3ef4aedf,2026-10-11T13:30:00Z,1. FC Köln,Borussia Monchengladbach,H,pinnacle,2.05,0.4715,2.08,matchbook,20,1.94,1.91
2026-10-07T21:12:14+00:00,soccer_germany_bundesliga,a8801462cb97a43570956e4b3ef4aedf,2026-10-11T13:30:00Z,1. FC Köln,Borussia Monchengladbach,A,pinnacle,3.27,0.29559,3.57,onexbet,20,3.18,3.3
2026-10-07T21:12:14+00:00,soccer_germany_bundesliga,a8801462cb97a43570956e4b3ef4aedf,2026-10-11T13:30:00Z,1. FC Köln,Borussia Monchengladbach,Draw,pinnacle,4.15,0.23291,4.2,winamax_de,20,3.85,3.8
2026-10-07T21:12:14+00:00,soccer_germany_bundesliga,eaf509fb37413b7d055cd394667792b3,2026-10-11T15:30:00Z,SC Freiburg,FC Schalke 04,A,pinnacle,5.35,0.18058,5.44,onexbet,20,4.85,4.8
2026-10-07T21:12:14+00:00,soccer_germany_bundesliga,eaf509fb37413b7d055cd394667792b3,2026-10-11T15:30:00Z,SC Freiburg,FC Schalke 04,H,pinnacle,1.67,0.5785,1.71,onexbet,20,1.58,1.65
2026-10-07T21:12:14+00:00,soccer_germany_bundesliga,eaf509fb37413b7d055cd394667792b3,2026-10-11T15:30:00Z,SC Freiburg,FC Schalke 04,Draw,pinnacle,4.01,0.24092,4.4,unibet_se,20,4.0,3.7
2026-10-07T21:12:14+00:00,soccer_germany_bundesliga,947bd5d924835af090d9cdc7bbdf10f6,2026-10-16T18:30:00Z,Eintracht Frankfurt,1. FC Köln,A,pinnacle,3.56,0.26686,3.65,unibet_se,14,3.28,3.3
2026-10-07T21:12:14+00:00,soccer_germany_bundesliga,947bd5d924835af090d9cdc7bbdf10f6,2026-10-16T18:30:00Z,Eintracht Frankfurt,1. FC Köln,H,pinnacle,1.88,0.50532,2.0,onexbet,14,1.85,1.91
2026-10-07T21:12:14+00:00,soccer_germany_bundesliga,947bd5d924835af090d9cdc7bbdf10f6,2026-10-16T18:30:00Z,Eintracht Frankfurt,1. FC Köln,Draw,pinnacle,4.17,0.22782,4.3,onexbet,14,3.9,3.9
2026-10-07T21:12:14+00:00,soccer_germany_bundesliga,0bf757f3bd903496ce2fa27bd0481869,2026-10-17T13:30:00Z,Elversberg,Augsburg,A,pinnacle,2.63,0.36216,2.8,unibet_se,14,2.5,2.6
2026-10-07T21:12:14+00:00,soccer_germany_bundesliga,0bf757f3bd903496ce2fa27bd0481869,2026-10-17T13:30:00Z,Elversberg,Augsburg,H,pinnacle,2.46,0.38719,2.55,onexbet,14,2.33,2.4
2026-10-07T21:12:14+00:00,soccer_germany_bundesliga,0bf757f3bd903496ce2fa27bd0481869,2026-10-17T13:30:00Z,Elversberg,Augsburg,Draw,pinnacle,3.8,0.25065,4.0,unibet_se,14,3.68,3.6
2026-10-07T21:12:14+00:00,soccer_germany_bundesliga,d8eac776adb07b0e7f01d8736d097291,2026-10-17T13:30:00Z,Union Berlin,Borussia Dortmund,A,pinnacle,1.65,0.57336,1.73,onexbet,14,1.6,1.67
2026-10-07T21:12:14+00:00,soccer_germany_bundesliga,d8eac776adb07b0e7f01d8736d097291,2026-10-17T13:30:00Z,Union Berlin,Borussia Dortmund,H,pinnacle,4.59,0.20611,5.4,unibet_se,14,4.35,4.33
2026-10-07T21:12:14+00:00,soccer_germany_bundesliga,d8eac776adb07b0e7f01d8736d097291,2026-10-17T13:30:00Z,Union Berlin,Borussia Dortmund,Draw,pinnacle,4.29,0.22052,4.5,unibet_se,14,4.1,4.0
2026-10-07T21:12:14+00:00,soccer_germany_bundesliga,606d65d57a9a6d8f9b53faee1ad10009,2026-10-17T13:30:00Z,FC Schalke 04,FSV Mainz 05,H,pinnacle,2.85,0.33411,3.0,unibet_se,14,2.75,2.8
2026-10-07T21:12:14+00:00,soccer_germany_bundesliga,606d65d57a9a6d8f9b53faee1ad10009,2026-10-17T13:30:00Z,FC Schalke 04,FSV Mainz 05,A,pinnacle,2.39,0.39842,2.44,onexbet,14,2.22,2.3
2026-10-07T21:12:14+00:00,soccer_germany_bundesliga,606d65d57a9a6d8f9b53faee1ad10009,2026-10-17T13:30:00Z,FC Schalke 04,FSV Mainz 05,Draw,pinnacle,3.56,0.26748,3.8,unibet_se,14,3.5,3.4
2026-10-07T21:12:14+00:00,soccer_germany_bundesliga,221916b8b36706ec52aa655a64e5f1d2,2026-10-17T13:30:00Z,Hamburger SV,VfB Stuttgart,H,pinnacle,4.04,0.2355,4.25,unibet_se,14,3.55,3.75
2026-10-07T21:12:14+00:00,soccer_germany_bundesliga,221916b8b36706ec52aa655a64e5f1d2,2026-10-17T13:30:00Z,Hamburger SV,VfB Stuttgart,A,pinnacle,1.83,0.51991,1.9,onexbet,14,1.77,1.83
2026-10-07T21:12:14+00:00,soccer_germany_bundesliga,221916b8b36706ec52aa655a64e5f1d2,2026-10-17T13:30:00Z,Hamburger SV,VfB Stuttgart,Draw,pinnacle,3.89,0.24459,4.35,unibet_se,14,3.95,3.75
2026-10-07T21:12:14+00:00,soccer_germany_bundesliga,9a422e1aad1053828eaf629a58d901de,2026-10-17T13:30:00Z,Werder Bremen,SC Paderborn,A,pinnacle,4.02,0.23612,4.25,nordicbet,14,3.75,3.75
2026-10-07T21:12:14+00:00,soccer_germany_bundesliga,9a422e1aad1053828eaf629a58d901de,2026-10-17T13:30:00Z,Werder Bremen,SC Paderborn,H,pinnacle,1.77,0.53626,1.91,unibet_se,14,1.75,1.8
2026-10-07T21:12:14+00:00,soccer_germany_bundesliga,9a422e1aad1053828eaf629a58d901de,2026-10-17T13:30:00Z,Werder Bremen,SC Paderborn,Draw,pinnacle,4.17,0.22762,4.26,onexbet,14,3.8,3.8
2026-10-07T21:12:14+00:00,soccer_germany_bundesliga,9a64448205fdc4b95f45641bb946706c,2026-10-17T16:30:00Z,Bayern Munich,RB Leipzig,H,betfair_ex_eu,1.25,0.77551,1.27,onexbet,14,1.2,1.25
2026-10-07T21:12:14+00:00,soccer_germany_bundesliga,9a64448205fdc4b95f45641bb946706c,2026-10-17T16:30:00Z,Bayern Munich,RB Leipzig,A,betfair_ex_eu,10.0,0.09694,11.5,unibet_se,14,8.5,9.5
2026-10-07T21:12:14+00:00,soccer_germany_bundesliga,9a64448205fdc4b95f45641bb946706c,2026-10-17T16:30:00Z,Bayern Munich,RB Leipzig,Draw,betfair_ex_eu,7.6,0.12755,8.5,unibet_se,14,6.6,6.0
2026-10-07T21:12:14+00:00,soccer_germany_bundesliga,096d800bcc95c547ef592cbef624d080,2026-10-18T13:30:00Z,Bayer Leverkusen,SC Freiburg,H,pinnacle,1.65,0.57392,1.7,onexbet,11,1.61,1.61
2026-10-07T21:12:14+00:00,soccer_germany_bundesliga,096d800bcc95c547ef592cbef624d080,2026-10-18T13:30:00Z,Bayer Leverkusen,SC Freiburg,A,pinnacle,4.46,0.21232,4.83,onexbet,11,4.25,4.4
2026-10-07T21:12:14+00:00,soccer_germany_bundesliga,096d800bcc95c547ef592cbef624d080,2026-10-18T13:30:00Z,Bayer Leverkusen,SC Freiburg,Draw,pinnacle,4.43,0.21376,4.51,onexbet,11,4.1,4.2
2026-10-07T21:12:14+00:00,soccer_germany_bundesliga,fd9b8c185737a15615aa0c9daaa3dfbf,2026-10-18T15:30:00Z,Borussia Monchengladbach,TSG Hoffenheim,H,pinnacle,3.25,0.29225,3.58,onexbet,11,3.2,3.3
2026-10-07T21:12:14+00:00,soccer_germany_bundesliga,fd9b8c185737a15615aa0c9daaa3dfbf,2026-10-18T15:30:00Z,Borussia Monchengladbach,TSG Hoffenheim,A,pinnacle,1.97,0.48214,1.99,onexbet,11,1.89,1.91
2026-10-07T21:12:14+00:00,soccer_germany_bundesliga,fd9b8c185737a15615aa0c9daaa3dfbf,2026-10-18T15:30:00Z,Borussia Monchengladbach,TSG Hoffenheim,Draw,pinnacle,4.21,0.22561,4.26,onexbet,11,3.88,3.9
2026-10-07T21:12:14+00:00,soccer_france_ligue_one,17694e68f399fdf9c5030021ec9bb595,2026-10-09T18:45:00Z,RC Lens,Lyon,A,pinnacle,2.7,0.35819,2.8,gtbets,19,2.67,2.62
2026-10-07T21:12:14+00:00,soccer_france_ligue_one,17694e68f399fdf9c5030021ec9bb595,2026-10-09T18:45:00Z,RC Lens,Lyon,H,pinnacle,2.48,0.38996,2.53,onexbet,19,2.32,2.4
2026-10-07T21:12:14+00:00,soccer_france_ligue_one,17694e68f399fdf9c5030021ec9bb595,2026-10-09T18:45:00Z,RC Lens,Lyon,Draw,pinnacle,3.84,0.25185,3.86,betonlineag,19,3.63,3.5
2026-10-07T21:12:14+00:00,soccer_france_ligue_one,2c173b3bd3a1491f17fcad1012019c4f,2026-10-10T15:15:00Z,Lille,Le Havre,A,pinnacle,6.79,0.14175,7.5,unibet_se,19,6.4,6.5
2026-10-07T21:12:14+00:00,soccer_france_ligue_one,2c173b3bd3a1491f17fcad1012019c4f,2026-10-10T15:15:00Z,Lille,Le Havre,H,pinnacle,1.45,0.6638,1.48,onexbet,19,1.39,1.4
2026-10-07T21:12:14+00:00,soccer_france_ligue_one,2c173b3bd3a1491f17fcad1012019c4f,2026-10-10T15:15:00Z,Lille,Le Havre,Draw,pinnacle,4.95,0.19445,5.0,winamax_de,19,4.65,4.4
2026-10-07T21:12:14+00:00,soccer_france_ligue_one,c2c64ebfc5810226f807c1920d580392,2026-10-10T18:45:00Z,AS Monaco,Toulouse,H,pinnacle,1.58,0.60936,1.65,onexbet,19,1.54,1.57
2026-10-07T21:12:14+00:00,soccer_france_ligue_one,c2c64ebfc5810226f807c1920d580392,2026-10-10T18:45:00Z,AS Monaco,Toulouse,A,pinnacle,5.35,0.17996,5.44,onexbet,19,5.0,5.0
2026-10-07T21:12:14+00:00,soccer_france_ligue_one,c2c64ebfc5810226f807c1920d580392,2026-10-10T18:45:00Z,AS Monaco,Toulouse,Draw,pinnacle,4.57,0.21068,4.5,winamax_de,19,4.2,4.2
2026-10-07T21:12:14+00:00,soccer_france_ligue_one,007dc2ff845c33e3e18f2bd2bc126304,2026-10-10T18:45:00Z,Brest,Angers,A,pinnacle,3.7,0.26127,3.85,unibet_se,19,3.45,3.5
2026-10-07T21:12:14+00:00,soccer_france_ligue_one,007dc2ff845c33e3e18f2bd2bc126304,2026-10-10T18:45:00Z,Brest,Angers,H,pinnacle,2.01,0.48094,2.04,onexbet,19,1.94,1.95
2026-10-07T21:12:14+00:00,soccer_france_ligue_one,007dc2ff845c33e3e18f2bd2bc126304,2026-10-10T18:45:00Z,Brest,Angers,Draw,pinnacle,3.75,0.25779,3.85,onexbet,19,3.53,3.5
2026-10-07T21:12:14+00:00,soccer_france_ligue_one,2849460eb4d15adbb20ec15927a0fd4a,2026-10-10T18:45:00Z,Paris Saint Germain,Le Mans FC,A,pinnacle,23.58,0.04078,34.0,onexbet,19,23.0,26.0
2026-10-07T21:12:14+00:00,soccer_france_ligue_one,2849460eb4d15adbb20ec15927a0fd4a,2026-10-10T18:45:00Z,Paris Saint Germain,Le Mans FC,H,pinnacle,1.08,0.89034,1.09,unibet_se,19,1.05,1.06
2026-10-07T21:12:14+00:00,soccer_france_ligue_one,2849460eb4d15adbb20ec15927a0fd4a,2026-10-10T18:45:00Z,Paris Saint Germain,Le Mans FC,Draw,pinnacle,13.96,0.06888,16.5,onexbet,19,10.5,13.0
2026-10-07T21:12:14+00:00,soccer_france_ligue_one,3aa72885e0aa107c62843749f7930a9a,2026-10-10T18:45:00Z,Lorient,Paris FC,H,pinnacle,3.35,0.28844,3.35,coolbet,19,3.17,3.1
2026-10-07T21:12:14+00:00,soccer_france_ligue_one,3aa72885e0aa107c62843749f7930a9a,2026-10-10T18:45:00Z,Lorient,Paris FC,A,pinnacle,2.27,0.42568,2.38,unibet_se,19,2.12,2.25
2026-10-07T21:12:14+00:00,soccer_france_ligue_one,3aa72885e0aa107c62843749f7930a9a,2026-10-10T18:45:00Z,Lorient,Paris FC,Draw,pinnacle,3.38,0.28588,3.45,unibet_se,19,3.3,3.1
2026-10-07T21:12:14+00:00,soccer_france_ligue_one,5d3606630a2d3a218a6340d082c1bdc6,2026-10-11T13:00:00Z,Nice,Strasbourg,H,pinnacle,2.35,0.41184,2.45,unibet_se,19,2.2,2.25
2026-10-07T21:12:14+00:00,soccer_france_ligue_one,5d3606630a2d3a218a6340d082c1bdc6,2026-10-11T13:00:00Z,Nice,Strasbourg,A,pinnacle,2.97,0.32587,3.07,onexbet,19,2.88,2.9
2026-10-07T21:12:14+00:00,soccer_france_ligue_one,5d3606630a2d3a218a6340d082c1bdc6,2026-10-11T13:00:00Z,Nice,Strasbourg,Draw,pinnacle,3.69,0.26229,3.75,onexbet,19,3.48,3.4
2026-10-07T21:12:14+00:00,soccer_france_ligue_one,34f584ab922e220dc4f3b81217959d6d,2026-10-11T15:15:00Z,Rennes,Auxerre,A,pinnacle,6.5,0.14793,7.5,unibet_se,19,6.0,6.0
2026-10-07T21:12:14+00:00,soccer_france_ligue_one,34f584ab922e220dc4f3b81217959d6d,2026-10-11T15:15:00Z,Rennes,Auxerre,H,pinnacle,1.45,0.66315,1.48,onexbet,19,1.4,1.4
2026-10-07T21:12:14+00:00,soccer_france_ligue_one,34f584ab922e220dc4f3b81217959d6d,2026-10-11T15:15:00Z,Rennes,Auxerre,Draw,pinnacle,5.09,0.18891,5.18,betonlineag,19,4.8,4.6
2026-10-07T21:12:14+00:00,soccer_france_ligue_one,cb7067ac191abf32ad49dad45e46f639,2026-10-11T18:45:00Z,Troyes,Marseille,A,pinnacle,1.93,0.5002,1.92,unibet_se,19,1.8,1.85
2026-10-07T21:12:14+00:00,soccer_france_ligue_one,cb7067ac191abf32ad49dad45e46f639,2026-10-11T18:45:00Z,Troyes,Marseille,H,pinnacle,3.78,0.25539,4.03,onexbet,19,3.7,3.6
2026-10-07T21:12:14+00:00,soccer_france_ligue_one,cb7067ac191abf32ad49dad45e46f639,2026-10-11T18:45:00Z,Troyes,Marseille,Draw,pinnacle,3.95,0.2444,4.05,onexbet,19,3.8,3.6
2026-10-07T21:12:14+00:00,soccer_france_ligue_one,66c168c030f3faad3983fcadc3060009,2026-10-16T18:45:00Z,Le Mans FC,Toulouse,H,pinnacle,3.12,0.30531,3.3,unibet_se,14,2.9,3.0
2026-10-07T21:12:14+00:00,soccer_france_ligue_one,66c168c030f3faad3983fcadc3060009,2026-10-16T18:45:00Z,Le Mans FC,Toulouse,A,pinnacle,2.28,0.41779,2.34,onexbet,14,2.18,2.2
2026-10-07T21:12:14+00:00,soccer_france_ligue_one,66c168c030f3faad3983fcadc3060009,2026-10-16T18:45:00Z,Le Mans FC,Toulouse,Draw,pinnacle,3.44,0.27691,3.57,onexbet,14,3.37,3.3
2026-10-07T21:12:14+00:00,soccer_france_ligue_one,f3034246520a2ee4ff0ac0d5074966f8,2026-10-17T15:15:00Z,Strasbourg,Paris Saint Germain,A,pinnacle,1.4,0.67671,1.46,onexbet,14,1.36,1.4
2026-10-07T21:12:14+00:00,soccer_france_ligue_one,f3034246520a2ee4ff0ac0d5074966f8,2026-10-17T15:15:00Z,Strasbourg,Paris Saint Germain,H,pinnacle,6.38,0.14849,6.8,nordicbet,14,5.6,6.0
2026-10-07T21:12:14+00:00,soccer_france_ligue_one,f3034246520a2ee4ff0ac0d5074966f8,2026-10-17T15:15:00Z,Strasbourg,Paris Saint Germain,Draw,pinnacle,5.42,0.1748,5.7,tipico_de,14,5.4,4.8
2026-10-07T21:12:14+00:00,soccer_france_ligue_one,ad25a350c89b64715e15c59cde5653d3,2026-10-17T18:45:00Z,Lille,Brest,A,pinnacle,5.42,0.17489,5.4,unibet_se,14,4.9,4.8
2026-10-07T21:12:14+00:00,soccer_france_ligue_one,ad25a350c89b64715e15c59cde5653d3,2026-10-17T18:45:00Z,Lille,Brest,H,pinnacle,1.58,0.59995,1.66,onexbet,14,1.53,1.61
2026-10-07T21:12:14+00:00,soccer_france_ligue_one,ad25a350c89b64715e15c59cde5653d3,2026-10-17T18:45:00Z,Lille,Brest,Draw,pinnacle,4.21,0.22516,4.37,onexbet,14,4.1,3.9
2026-10-07T21:12:14+00:00,soccer_france_ligue_one,b077aa049133c0358bcd643bfee48da3,2026-10-17T18:45:00Z,Troyes,RC Lens,A,pinnacle,1.81,0.52431,1.87,unibet_se,14,1.76,1.8
2026-10-07T21:12:14+00:00,soccer_france_ligue_one,b077aa049133c0358bcd643bfee48da3,2026-10-17T18:45:00Z,Troyes,RC Lens,H,pinnacle,4.0,0.23725,4.3,onexbet,14,3.75,3.9
2026-10-07T21:12:14+00:00,soccer_france_ligue_one,b077aa049133c0358bcd643bfee48da3,2026-10-17T18:45:00Z,Troyes,RC Lens,Draw,pinnacle,3.98,0.23844,4.04,onexbet,14,3.78,3.7
2026-10-07T21:12:14+00:00,soccer_france_ligue_one,c7a60aa94470fe959fbf6b0c68060fc1,2026-10-18T13:00:00Z,Angers,Marseille,H,pinnacle,3.21,0.29652,3.21,onexbet,14,3.0,3.0
2026-10-07T21:12:14+00:00,soccer_france_ligue_one,c7a60aa94470fe959fbf6b0c68060fc1,2026-10-18T13:00:00Z,Angers,Marseille,A,pinnacle,2.12,0.44898,2.28,onexbet,14,2.07,2.15
2026-10-07T21:12:14+00:00,soccer_france_ligue_one,c7a60aa94470fe959fbf6b0c68060fc1,2026-10-18T13:00:00Z,Angers,Marseille,Draw,pinnacle,3.74,0.2545,3.8,unibet_se,14,3.53,3.4
2026-10-07T21:12:14+00:00,soccer_france_ligue_one,53f5fe7ed0ba0fbf6345c73270e4cd00,2026-10-18T15:15:00Z,Lorient,AS Monaco,A,pinnacle,2.15,0.44264,2.17,onexbet,14,2.0,2.05
2026-10-07T21:12:14+00:00,soccer_france_ligue_one,53f5fe7ed0ba0fbf6345c73270e4cd00,2026-10-18T15:15:00Z,Lorient,AS Monaco,H,pinnacle,3.4,0.2799,3.75,unibet_se,14,3.25,3.4
2026-10-07T21:12:14+00:00,soccer_france_ligue_one,53f5fe7ed0ba0fbf6345c73270e4cd00,2026-10-18T15:15:00Z,Lorient,AS Monaco,Draw,pinnacle,3.43,0.27746,3.58,onexbet,14,3.42,3.3
2026-10-07T21:12:14+00:00,soccer_france_ligue_one,d637845b9760bb02b55bbbaa32b5c21e,2026-10-18T15:15:00Z,Le Havre,Auxerre,A,pinnacle,2.9,0.32826,3.0,unibet_se,14,2.77,2.8
2026-10-07T21:12:14+00:00,soccer_france_ligue_one,d637845b9760bb02b55bbbaa32b5c21e,2026-10-18T15:15:00Z,Le Havre,Auxerre,H,pinnacle,2.43,0.39175,2.52,onexbet,14,2.28,2.4
2026-10-07T21:12:14+00:00,soccer_france_ligue_one,d637845b9760bb02b55bbbaa32b5c21e,2026-10-18T15:15:00Z,Le Havre,Auxerre,Draw,pinnacle,3.4,0.27999,3.51,onexbet,14,3.32,3.25
2026-10-07T21:12:14+00:00,soccer_france_ligue_one,27f7222d2abde93fc6e8d17b5b05b272,2026-10-18T15:15:00Z,Paris FC,Rennes,H,pinnacle,2.35,0.40581,2.37,onexbet,14,2.13,2.25
2026-10-07T21:12:14+00:00,soccer_france_ligue_one,27f7222d2abde93fc6e8d17b5b05b272,2026-10-18T15:15:00Z,Paris FC,Rennes,A,pinnacle,3.19,0.29895,3.29,onexbet,14,2.95,2.88
2026-10-07T21:12:14+00:00,soccer_france_ligue_one,27f7222d2abde93fc6e8d17b5b05b272,2026-10-18T15:15:00Z,Paris FC,Rennes,Draw,pinnacle,3.23,0.29525,3.6,unibet_se,14,3.43,3.5
2026-10-07T21:12:14+00:00,soccer_france_ligue_one,471f891b1f6516a864ad94c8eb649f5e,2026-10-18T18:45:00Z,Lyon,Nice,H,pinnacle,1.64,0.5773,1.71,onexbet,14,1.6,1.65
2026-10-07T21:12:14+00:00,soccer_france_ligue_one,471f891b1f6516a864ad94c8eb649f5e,2026-10-18T18:45:00Z,Lyon,Nice,A,pinnacle,4.88,0.19401,5.25,unibet_se,14,4.55,4.8
2026-10-07T21:12:14+00:00,soccer_france_ligue_one,471f891b1f6516a864ad94c8eb649f5e,2026-10-18T18:45:00Z,Lyon,Nice,Draw,pinnacle,4.14,0.22869,4.2,tipico_de,14,3.9,3.8
2026-10-08T16:22:49+00:00,soccer_portugal_primeira_liga,0956c06cd173899e11422bece0fbf94f,2026-10-09T17:45:00Z,Moreirense FC,Gil Vicente,A,pinnacle,2.3,0.41418,2.38,matchbook,15,2.17,2.2
2026-10-08T16:22:49+00:00,soccer_portugal_primeira_liga,0956c06cd173899e11422bece0fbf94f,2026-10-09T17:45:00Z,Moreirense FC,Gil Vicente,H,pinnacle,3.35,0.28436,3.45,matchbook,15,3.17,3.2
2026-10-08T16:22:49+00:00,soccer_portugal_primeira_liga,0956c06cd173899e11422bece0fbf94f,2026-10-09T17:45:00Z,Moreirense FC,Gil Vicente,Draw,pinnacle,3.16,0.30146,3.25,matchbook,15,3.08,3.1
2026-10-08T16:22:49+00:00,soccer_portugal_primeira_liga,b4d52d1abd5efcd669a093139239c7b0,2026-10-09T19:15:00Z,Braga,Sporting Lisbon,H,pinnacle,3.33,0.28576,3.5,tipico_de,14,3.2,3.25
2026-10-08T16:22:49+00:00,soccer_portugal_primeira_liga,b4d52d1abd5efcd669a093139239c7b0,2026-10-09T19:15:00Z,Braga,Sporting Lisbon,A,pinnacle,2.14,0.44467,2.24,matchbook,14,2.05,2.1
2026-10-08T16:22:49+00:00,soccer_portugal_primeira_liga,b4d52d1abd5efcd669a093139239c7b0,2026-10-09T19:15:00Z,Braga,Sporting Lisbon,Draw,pinnacle,3.53,0.26957,3.65,matchbook,14,3.35,3.3
2026-10-08T16:22:49+00:00,soccer_portugal_primeira_liga,710dd3ffd365c610f1969a86cd70e074,2026-10-10T14:30:00Z,Casa Pia,Santa Clara,H,pinnacle,4.57,0.20761,4.8,matchbook,15,4.2,4.2
2026-10-08T16:22:49+00:00,soccer_portugal_primeira_liga,710dd3ffd365c610f1969a86cd70e074,2026-10-10T14:30:00Z,Casa Pia,Santa Clara,A,pinnacle,1.82,0.52131,1.89,matchbook,15,1.82,1.85
2026-10-08T16:22:49+00:00,soccer_portugal_primeira_liga,710dd3ffd365c610f1969a86cd70e074,2026-10-10T14:30:00Z,Casa Pia,Santa Clara,Draw,pinnacle,3.5,0.27108,3.5,matchbook,15,3.2,3.2
2026-10-08T16:22:49+00:00,soccer_portugal_primeira_liga,d9bfec13c112810701ee7e60f02bffa5,2026-10-10T17:00:00Z,CS Maritimo,FC Porto,H,pinnacle,8.73,0.10826,11.0,matchbook,15,8.5,9.0
2026-10-08T16:22:49+00:00,soccer_portugal_primeira_liga,d9bfec13c112810701ee7e60f02bffa5,2026-10-10T17:00:00Z,CS Maritimo,FC Porto,A,pinnacle,1.34,0.70532,1.36,gtbets,15,1.26,1.3
2026-10-08T16:22:49+00:00,soccer_portugal_primeira_liga,d9bfec13c112810701ee7e60f02bffa5,2026-10-10T17:00:00Z,CS Maritimo,FC Porto,Draw,pinnacle,5.07,0.18642,5.7,matchbook,15,4.8,5.0
2026-10-08T16:22:49+00:00,soccer_portugal_primeira_liga,2444214363711d31867a9df8c712ec8d,2026-10-10T19:30:00Z,Académico de Viseu,Estoril,H,pinnacle,2.28,0.41798,2.34,matchbook,15,2.08,2.25
2026-10-08T16:22:49+00:00,soccer_portugal_primeira_liga,2444214363711d31867a9df8c712ec8d,2026-10-10T19:30:00Z,Académico de Viseu,Estoril,A,pinnacle,3.15,0.30254,3.2,matchbook,15,2.98,2.9
2026-10-08T16:22:49+00:00,soccer_portugal_primeira_liga,2444214363711d31867a9df8c712ec8d,2026-10-10T19:30:00Z,Académico de Viseu,Estoril,Draw,pinnacle,3.41,0.27947,3.45,matchbook,15,3.3,3.3
2026-10-08T16:22:49+00:00,soccer_portugal_primeira_liga,5ecd75456d38ef4c394e502ecdd8937c,2026-10-11T14:30:00Z,Rio Ave FC,Nacional,A,pinnacle,3.19,0.29897,3.22,gtbets,15,3.02,3.1
2026-10-08T16:22:49+00:00,soccer_portugal_primeira_liga,5ecd75456d38ef4c394e502ecdd8937c,2026-10-11T14:30:00Z,Rio Ave FC,Nacional,H,pinnacle,2.34,0.40757,2.38,matchbook,15,2.12,2.25
2026-10-08T16:22:49+00:00,soccer_portugal_primeira_liga,5ecd75456d38ef4c394e502ecdd8937c,2026-10-11T14:30:00Z,Rio Ave FC,Nacional,Draw,pinnacle,3.25,0.29345,3.28,gtbets,15,3.15,3.2
2026-10-08T16:22:49+00:00,soccer_portugal_primeira_liga,5696ee371ba00ede3dc8a64d24ce79f1,2026-10-11T17:00:00Z,Benfica,Vitória SC,H,pinnacle,1.22,0.77317,1.27,gtbets,14,1.16,1.22
2026-10-08T16:22:49+00:00,soccer_portugal_primeira_liga,5696ee371ba00ede3dc8a64d24ce79f1,2026-10-11T17:00:00Z,Benfica,Vitória SC,A,pinnacle,10.99,0.08583,12.5,nordicbet,14,10.75,11.0
2026-10-08T16:22:49+00:00,soccer_portugal_primeira_liga,5696ee371ba00ede3dc8a64d24ce79f1,2026-10-11T17:00:00Z,Benfica,Vitória SC,Draw,pinnacle,6.69,0.141,7.2,tipico_de,14,6.0,6.0
2026-10-08T16:22:49+00:00,soccer_portugal_primeira_liga,2aa9808e7e84598f45ccf338a9b8912a,2026-10-11T19:30:00Z,Arouca,CF Estrela,H,pinnacle,2.08,0.45726,2.18,gtbets,14,1.96,2.1
2026-10-08T16:22:49+00:00,soccer_portugal_primeira_liga,2aa9808e7e84598f45ccf338a9b8912a,2026-10-11T19:30:00Z,Arouca,CF Estrela,A,pinnacle,3.48,0.27331,3.5,tipico_de,14,3.28,3.25
2026-10-08T16:22:49+00:00,soccer_portugal_primeira_liga,2aa9808e7e84598f45ccf338a9b8912a,2026-10-11T19:30:00Z,Arouca,CF Estrela,Draw,pinnacle,3.53,0.26943,3.5,tipico_de,14,3.28,3.3
2026-10-08T16:22:49+00:00,soccer_portugal_primeira_liga,789c3dd95a7fcef675ce5a40b07371a2,2026-10-12T19:15:00Z,Famalicão,Alverca,A,pinnacle,4.83,0.19652,4.53,gtbets,14,4.35,4.2
2026-10-08T16:22:49+00:00,soccer_portugal_primeira_liga,789c3dd95a7fcef675ce5a40b07371a2,2026-10-12T19:15:00Z,Famalicão,Alverca,H,pinnacle,1.84,0.51586,1.83,betonlineag,14,1.72,1.8
2026-10-08T16:22:49+00:00,soccer_portugal_primeira_liga,789c3dd95a7fcef675ce5a40b07371a2,2026-10-12T19:15:00Z,Famalicão,Alverca,Draw,pinnacle,3.3,0.28763,3.5,tipico_de,14,3.25,3.4
2026-10-08T16:22:49+00:00,soccer_epl,b870dcfba5e5920d3f1551a3aa1ea435,2026-10-10T11:30:00Z,Arsenal,Leeds United,H,pinnacle,1.38,0.69693,1.44,onexbet,21,1.36,1.4
2026-10-08T16:22:49+00:00,soccer_epl,b870dcfba5e5920d3f1551a3aa1ea435,2026-10-10T11:30:00Z,Arsenal,Leeds United,A,pinnacle,8.4,0.11449,9.4,matchbook,21,7.5,7.5
2026-10-08T16:22:49+00:00,soccer_epl,b870dcfba5e5920d3f1551a3aa1ea435,2026-10-10T11:30:00Z,Arsenal,Leeds United,Draw,pinnacle,5.1,0.18858,5.3,matchbook,21,4.8,4.6
2026-10-08T16:22:49+00:00,soccer_epl,02e6c0ccb11bb7ce78989ce49d67110b,2026-10-10T14:00:00Z,Aston Villa,Brentford,H,pinnacle,2.69,0.35945,2.8,matchbook,21,2.6,2.62
2026-10-08T16:22:49+00:00,soccer_epl,02e6c0ccb11bb7ce78989ce49d67110b,2026-10-10T14:00:00Z,Aston Villa,Brentford,A,pinnacle,2.61,0.37046,2.68,onexbet,21,2.45,2.5
2026-10-08T16:22:49+00:00,soccer_epl,02e6c0ccb11bb7ce78989ce49d67110b,2026-10-10T14:00:00Z,Aston Villa,Brentford,Draw,pinnacle,3.58,0.27009,3.7,unibet_se,21,3.5,3.3
2026-10-08T16:22:49+00:00,soccer_epl,45d4a466e32cd2b4ea535207923ceaf5,2026-10-10T14:00:00Z,Chelsea,Bournemouth,A,pinnacle,4.67,0.20615,4.9,matchbook,21,4.4,4.2
2026-10-08T16:22:49+00:00,soccer_epl,45d4a466e32cd2b4ea535207923ceaf5,2026-10-10T14:00:00Z,Chelsea,Bournemouth,H,pinnacle,1.71,0.56299,1.79,onexbet,21,1.64,1.73
2026-10-08T16:22:49+00:00,soccer_epl,45d4a466e32cd2b4ea535207923ceaf5,2026-10-10T14:00:00Z,Chelsea,Bournemouth,Draw,pinnacle,4.17,0.23087,4.4,matchbook,21,4.1,3.9
2026-10-08T16:22:49+00:00,soccer_epl,380b8f24ec5430fb545a7490c1017285,2026-10-10T14:00:00Z,Sunderland,Brighton and Hove Albion,A,pinnacle,2.35,0.41185,2.39,gtbets,21,2.22,2.3
2026-10-08T16:22:49+00:00,soccer_epl,380b8f24ec5430fb545a7490c1017285,2026-10-10T14:00:00Z,Sunderland,Brighton and Hove Albion,H,pinnacle,3.06,0.31629,3.25,matchbook,21,2.95,2.9
2026-10-08T16:22:49+00:00,soccer_epl,380b8f24ec5430fb545a7490c1017285,2026-10-10T14:00:00Z,Sunderland,Brighton and Hove Albion,Draw,pinnacle,3.56,0.27187,3.65,unibet_se,21,3.45,3.3
2026-10-08T16:22:49+00:00,soccer_epl,288b4ff00c79daa712c911c564fe1be7,2026-10-10T14:00:00Z,Ipswich Town,Fulham,A,pinnacle,2.47,0.39202,2.6,unibet_se,21,2.3,2.4
2026-10-08T16:22:49+00:00,soccer_epl,288b4ff00c79daa712c911c564fe1be7,2026-10-10T14:00:00Z,Ipswich Town,Fulham,H,pinnacle,2.85,0.33975,2.96,matchbook,21,2.78,2.75
2026-10-08T16:22:49+00:00,soccer_epl,288b4ff00c79daa712c911c564fe1be7,2026-10-10T14:00:00Z,Ipswich Town,Fulham,Draw,pinnacle,3.61,0.26823,3.65,matchbook,21,3.47,3.4
2026-10-08T16:22:49+00:00,soccer_epl,22c9b2c43cbe1334381269550dab78e6,2026-10-10T16:30:00Z,Manchester United,Tottenham Hotspur,H,pinnacle,1.71,0.56292,1.76,onexbet,21,1.65,1.7
2026-10-08T16:22:49+00:00,soccer_epl,22c9b2c43cbe1334381269550dab78e6,2026-10-10T16:30:00Z,Manchester United,Tottenham Hotspur,A,pinnacle,4.44,0.2168,4.8,matchbook,21,4.2,4.33
2026-10-08T16:22:49+00:00,soccer_epl,22c9b2c43cbe1334381269550dab78e6,2026-10-10T16:30:00Z,Manchester United,Tottenham Hotspur,Draw,pinnacle,4.37,0.22027,4.5,matchbook,21,4.0,3.9
2026-10-08T16:22:49+00:00,soccer_epl,86effab5c6e7bfd58c8e88b1fb7c6ba9,2026-10-11T13:00:00Z,Crystal Palace,Nottingham Forest,H,pinnacle,2.69,0.35956,2.78,matchbook,21,2.5,2.62
2026-10-08T16:22:49+00:00,soccer_epl,86effab5c6e7bfd58c8e88b1fb7c6ba9,2026-10-11T13:00:00Z,Crystal Palace,Nottingham Forest,A,pinnacle,2.68,0.3609,2.8,matchbook,21,2.58,2.62
2026-10-08T16:22:49+00:00,soccer_epl,86effab5c6e7bfd58c8e88b1fb7c6ba9,2026-10-11T13:00:00Z,Crystal Palace,Nottingham Forest,Draw,pinnacle,3.46,0.27954,3.5,unibet_se,21,3.3,3.1
2026-10-08T16:22:49+00:00,soccer_epl,0bdae4d304810578e47386606bff7106,2026-10-11T13:00:00Z,Hull City,Everton,A,pinnacle,2.05,0.47174,2.14,matchbook,21,1.98,2.05
2026-10-08T16:22:49+00:00,soccer_epl,0bdae4d304810578e47386606bff7106,2026-10-11T13:00:00Z,Hull City,Everton,H,pinnacle,3.78,0.25584,3.9,matchbook,21,3.5,3.5
2026-10-08T16:22:49+00:00,soccer_epl,0bdae4d304810578e47386606bff7106,2026-10-11T13:00:00Z,Hull City,Everton,Draw,pinnacle,3.55,0.27242,3.62,onexbet,21,3.33,3.3
2026-10-08T16:22:49+00:00,soccer_epl,6dbab232dd8d2aed0cb1d6f7978fb7b1,2026-10-11T15:30:00Z,Liverpool,Manchester City,H,pinnacle,2.7,0.35818,2.82,matchbook,21,2.63,2.5
2026-10-08T16:22:49+00:00,soccer_epl,6dbab232dd8d2aed0cb1d6f7978fb7b1,2026-10-11T15:30:00Z,Liverpool,Manchester City,A,pinnacle,2.51,0.3853,2.67,onexbet,21,2.33,2.5
2026-10-08T16:22:49+00:00,soccer_epl,6dbab232dd8d2aed0cb1d6f7978fb7b1,2026-10-11T15:30:00Z,Liverpool,Manchester City,Draw,pinnacle,3.77,0.25652,3.9,unibet_se,21,3.55,3.5
2026-10-08T16:22:49+00:00,soccer_epl,acd5bd945dd953ad1e300df5bfe696f9,2026-10-12T19:00:00Z,Coventry City,Newcastle United,H,pinnacle,3.55,0.27257,3.6,matchbook,21,3.2,3.2
2026-10-08T16:22:49+00:00,soccer_epl,acd5bd945dd953ad1e300df5bfe696f9,2026-10-12T19:00:00Z,Coventry City,Newcastle United,A,pinnacle,2.08,0.4652,2.18,onexbet,21,2.02,2.1
2026-10-08T16:22:49+00:00,soccer_epl,acd5bd945dd953ad1e300df5bfe696f9,2026-10-12T19:00:00Z,Coventry City,Newcastle United,Draw,pinnacle,3.69,0.26223,3.8,unibet_se,21,3.53,3.4
2026-10-08T16:22:49+00:00,soccer_epl,764e6513cb3f348881503df70ccb90e0,2026-10-17T11:30:00Z,Everton,Chelsea,A,pinnacle,2.38,0.40004,2.45,onexbet,14,2.18,2.3
2026-10-08T16:22:49+00:00,soccer_epl,764e6513cb3f348881503df70ccb90e0,2026-10-17T11:30:00Z,Everton,Chelsea,H,pinnacle,2.73,0.34875,2.95,unibet_se,14,2.78,2.7
2026-10-08T16:22:49+00:00,soccer_epl,764e6513cb3f348881503df70ccb90e0,2026-10-17T11:30:00Z,Everton,Chelsea,Draw,pinnacle,3.79,0.25121,3.86,onexbet,14,3.53,3.5
2026-10-08T16:22:49+00:00,soccer_epl,8f1945e7272bc7e89016439f5ab321c7,2026-10-17T14:00:00Z,Brentford,Liverpool,H,pinnacle,2.77,0.34346,2.88,onexbet,14,2.67,2.75
2026-10-08T16:22:49+00:00,soccer_epl,8f1945e7272bc7e89016439f5ab321c7,2026-10-17T14:00:00Z,Brentford,Liverpool,A,pinnacle,2.43,0.39152,2.5,onexbet,14,2.25,2.3
2026-10-08T16:22:49+00:00,soccer_epl,8f1945e7272bc7e89016439f5ab321c7,2026-10-17T14:00:00Z,Brentford,Liverpool,Draw,pinnacle,3.59,0.26501,3.8,unibet_se,14,3.58,3.5
2026-10-08T16:22:49+00:00,soccer_epl,7895f97f2f9577f3b13287a3d086859d,2026-10-17T14:00:00Z,Fulham,Hull City,H,pinnacle,1.67,0.56759,1.73,onexbet,14,1.62,1.65
2026-10-08T16:22:49+00:00,soccer_epl,7895f97f2f9577f3b13287a3d086859d,2026-10-17T14:00:00Z,Fulham,Hull City,A,pinnacle,4.85,0.19544,5.18,onexbet,14,4.5,4.8
2026-10-08T16:22:49+00:00,soccer_epl,7895f97f2f9577f3b13287a3d086859d,2026-10-17T14:00:00Z,Fulham,Hull City,Draw,pinnacle,4.0,0.23697,4.11,onexbet,14,3.83,3.9
2026-10-08T16:22:49+00:00,soccer_epl,bf2142d1ca76ba2fc9e61afce80f86c0,2026-10-17T14:00:00Z,Manchester City,Ipswich Town,A,pinnacle,10.39,0.09036,12.51,betsson,14,10.5,10.0
2026-10-08T16:22:49+00:00,soccer_epl,bf2142d1ca76ba2fc9e61afce80f86c0,2026-10-17T14:00:00Z,Manchester City,Ipswich Town,H,pinnacle,1.21,0.7759,1.26,onexbet,14,1.17,1.22
2026-10-08T16:22:49+00:00,soccer_epl,bf2142d1ca76ba2fc9e61afce80f86c0,2026-10-17T14:00:00Z,Manchester City,Ipswich Town,Draw,pinnacle,7.02,0.13374,7.8,tipico_de,14,6.75,6.0
2026-10-08T16:22:49+00:00,soccer_epl,d1bbbdcd3d430e70091b518369b559cf,2026-10-17T16:30:00Z,Newcastle United,Aston Villa,A,pinnacle,3.22,0.29535,3.35,onexbet,14,3.18,3.1
2026-10-08T16:22:49+00:00,soccer_epl,d1bbbdcd3d430e70091b518369b559cf,2026-10-17T16:30:00Z,Newcastle United,Aston Villa,H,pinnacle,2.09,0.45504,2.17,onexbet,14,1.98,2.05
2026-10-08T16:22:49+00:00,soccer_epl,d1bbbdcd3d430e70091b518369b559cf,2026-10-17T16:30:00Z,Newcastle United,Aston Villa,Draw,pinnacle,3.81,0.24961,3.92,onexbet,14,3.58,3.6
2026-10-08T16:22:49+00:00,soccer_epl,dfd5d6648be46426e418801584d46a68,2026-10-18T13:00:00Z,Bournemouth,Sunderland,H,pinnacle,2.01,0.47345,2.04,onexbet,14,1.94,1.95
2026-10-08T16:22:49+00:00,soccer_epl,dfd5d6648be46426e418801584d46a68,2026-10-18T13:00:00Z,Bournemouth,Sunderland,A,pinnacle,3.65,0.26072,3.85,onexbet,14,3.42,3.6
2026-10-08T16:22:49+00:00,soccer_epl,dfd5d6648be46426e418801584d46a68,2026-10-18T13:00:00Z,Bournemouth,Sunderland,Draw,pinnacle,3.58,0.26582,3.75,onexbet,14,3.43,3.4
2026-10-08T16:22:49+00:00,soccer_epl,9fc08b390a49c4434f7cf631a0bb88fb,2026-10-18T13:00:00Z,Brighton and Hove Albion,Crystal Palace,H,pinnacle,1.63,0.58094,1.67,onexbet,14,1.57,1.61
2026-10-08T16:22:49+00:00,soccer_epl,9fc08b390a49c4434f7cf631a0bb88fb,2026-10-18T13:00:00Z,Brighton and Hove Albion,Crystal Palace,A,pinnacle,4.75,0.19935,5.3,unibet_se,14,4.65,4.75
2026-10-08T16:22:49+00:00,soccer_epl,9fc08b390a49c4434f7cf631a0bb88fb,2026-10-18T13:00:00Z,Brighton and Hove Albion,Crystal Palace,Draw,pinnacle,4.31,0.21971,4.45,onexbet,14,4.05,4.0
2026-10-08T16:22:49+00:00,soccer_epl,676b3b0b609e9cf565da450786618d26,2026-10-18T13:00:00Z,Leeds United,Manchester United,H,pinnacle,2.83,0.33657,2.95,unibet_se,14,2.77,2.75
2026-10-08T16:22:49+00:00,soccer_epl,676b3b0b609e9cf565da450786618d26,2026-10-18T13:00:00Z,Leeds United,Manchester United,A,pinnacle,2.35,0.40531,2.44,onexbet,14,2.2,2.38
2026-10-08T16:22:49+00:00,soccer_epl,676b3b0b609e9cf565da450786618d26,2026-10-18T13:00:00Z,Leeds United,Manchester United,Draw,pinnacle,3.69,0.25812,3.8,winamax_de,14,3.5,3.4
2026-10-08T16:22:49+00:00,soccer_epl,f696a248965373d9071dc0662e5c58a8,2026-10-18T15:30:00Z,Nottingham Forest,Arsenal,A,pinnacle,1.61,0.58865,1.66,onexbet,14,1.55,1.61
2026-10-08T16:22:49+00:00,soccer_epl,f696a248965373d9071dc0662e5c58a8,2026-10-18T15:30:00Z,Nottingham Forest,Arsenal,H,pinnacle,6.0,0.15795,6.2,tipico_de,14,5.1,5.5
2026-10-08T16:22:49+00:00,soccer_epl,f696a248965373d9071dc0662e5c58a8,2026-10-18T15:30:00Z,Nottingham Forest,Arsenal,Draw,pinnacle,3.74,0.2534,4.1,unibet_se,14,3.83,3.7
2026-10-08T16:22:49+00:00,soccer_epl,9baaf4e48b041cfef04e70e42532502e,2026-10-19T19:00:00Z,Tottenham Hotspur,Coventry City,A,pinnacle,5.82,0.16297,6.47,onexbet,14,5.6,5.75
2026-10-08T16:22:49+00:00,soccer_epl,9baaf4e48b041cfef04e70e42532502e,2026-10-19T19:00:00Z,Tottenham Hotspur,Coventry City,H,pinnacle,1.51,0.62812,1.54,onexbet,14,1.43,1.5
2026-10-08T16:22:49+00:00,soccer_epl,9baaf4e48b041cfef04e70e42532502e,2026-10-19T19:00:00Z,Tottenham Hotspur,Coventry City,Draw,pinnacle,4.54,0.20891,4.72,onexbet,14,4.45,4.2
2026-10-08T16:22:49+00:00,soccer_spain_la_liga,4e4c6763037ffc0e1dfe92ed16287b6d,2026-10-09T19:00:00Z,Málaga,Espanyol,A,pinnacle,2.75,0.35237,2.84,matchbook,17,2.55,
2026-10-08T16:22:49+00:00,soccer_spain_la_liga,4e4c6763037ffc0e1dfe92ed16287b6d,2026-10-09T19:00:00Z,Málaga,Espanyol,H,pinnacle,2.85,0.34001,2.9,matchbook,17,2.7,
2026-10-08T16:22:49+00:00,soccer_spain_la_liga,4e4c6763037ffc0e1dfe92ed16287b6d,2026-10-09T19:00:00Z,Málaga,Espanyol,Draw,pinnacle,3.15,0.30762,3.37,onexbet,17,3.15,
2026-10-08T16:22:49+00:00,soccer_spain_la_liga,349c47668fdd909039a9408c14cad8bc,2026-10-10T12:00:00Z,Rayo Vallecano,Athletic Bilbao,A,pinnacle,2.65,0.36548,2.74,matchbook,17,2.45,
2026-10-08T16:22:49+00:00,soccer_spain_la_liga,349c47668fdd909039a9408c14cad8bc,2026-10-10T12:00:00Z,Rayo Vallecano,Athletic Bilbao,H,pinnacle,2.77,0.34965,2.88,onexbet,17,2.68,
2026-10-08T16:22:49+00:00,soccer_spain_la_liga,349c47668fdd909039a9408c14cad8bc,2026-10-10T12:00:00Z,Rayo Vallecano,Athletic Bilbao,Draw,pinnacle,3.4,0.28486,3.5,matchbook,17,3.33,
2026-10-08T16:22:49+00:00,soccer_spain_la_liga,3869391e3dbdcaa74153b11df56a3fe5,2026-10-10T14:15:00Z,Alavés,Atlético Madrid,H,pinnacle,4.39,0.21991,4.7,matchbook,16,4.25,
2026-10-08T16:22:49+00:00,soccer_spain_la_liga,3869391e3dbdcaa74153b11df56a3fe5,2026-10-10T14:15:00Z,Alavés,Atlético Madrid,A,pinnacle,1.84,0.52468,1.87,coolbet,16,1.74,
2026-10-08T16:22:49+00:00,soccer_spain_la_liga,3869391e3dbdcaa74153b11df56a3fe5,2026-10-10T14:15:00Z,Alavés,Atlético Madrid,Draw,pinnacle,3.78,0.2554,3.92,onexbet,16,3.7,
2026-10-08T16:22:49+00:00,soccer_spain_la_liga,edb80d633a1906e5865ab70cc9b540ea,2026-10-10T16:30:00Z,Barcelona,Getafe,H,pinnacle,1.07,0.89798,1.1,matchbook,17,1.06,
2026-10-08T16:22:49+00:00,soccer_spain_la_liga,edb80d633a1906e5865ab70cc9b540ea,2026-10-10T16:30:00Z,Barcelona,Getafe,A,pinnacle,23.7,0.04054,37.0,onexbet,17,21.0,
2026-10-08T16:22:49+00:00,soccer_spain_la_liga,edb80d633a1906e5865ab70cc9b540ea,2026-10-10T16:30:00Z,Barcelona,Getafe,Draw,pinnacle,15.63,0.06147,16.5,matchbook,17,9.75,
2026-10-08T16:22:49+00:00,soccer_spain_la_liga,551f242223b1625f458d1a2ea212a0c3,2026-10-10T19:00:00Z,Real Madrid,Villarreal,H,pinnacle,1.36,0.70945,1.37,onexbet,17,1.31,
2026-10-08T16:22:49+00:00,soccer_spain_la_liga,551f242223b1625f458d1a2ea212a0c3,2026-10-10T19:00:00Z,Real Madrid,Villarreal,A,pinnacle,7.26,0.1329,8.45,onexbet,17,6.5,
2026-10-08T16:22:49+00:00,soccer_spain_la_liga,551f242223b1625f458d1a2ea212a0c3,2026-10-10T19:00:00Z,Real Madrid,Villarreal,Draw,pinnacle,6.12,0.15765,6.4,matchbook,17,5.75,
2026-10-08T16:22:49+00:00,soccer_spain_la_liga,7daf7edaf572eba3ac86196c663d67d3,2026-10-11T12:00:00Z,Elche CF,Celta Vigo,A,pinnacle,2.62,0.36916,2.75,coolbet,17,2.43,
2026-10-08T16:22:49+00:00,soccer_spain_la_liga,7daf7edaf572eba3ac86196c663d67d3,2026-10-11T12:00:00Z,Elche CF,Celta Vigo,H,pinnacle,2.82,0.34298,2.93,onexbet,17,2.73,
2026-10-08T16:22:49+00:00,soccer_spain_la_liga,7daf7edaf572eba3ac86196c663d67d3,2026-10-11T12:00:00Z,Elche CF,Celta Vigo,Draw,pinnacle,3.36,0.28786,3.4,matchbook,17,3.2,
2026-10-08T16:22:49+00:00,soccer_spain_la_liga,2997b68cc93f62d8a1dee9f06bedbefd,2026-10-11T14:15:00Z,Real Sociedad,Deportivo La Coruña,A,pinnacle,5.51,0.17509,6.0,matchbook,16,,
2026-10-08T16:22:49+00:00,soccer_spain_la_liga,2997b68cc93f62d8a1dee9f06bedbefd,2026-10-11T14:15:00Z,Real Sociedad,Deportivo La Coruña,H,pinnacle,1.63,0.59188,1.69,onexbet,16,,
2026-10-08T16:22:49+00:00,soccer_spain_la_liga,2997b68cc93f62d8a1dee9f06bedbefd,2026-10-11T14:15:00Z,Real Sociedad,Deportivo La Coruña,Draw,pinnacle,4.14,0.23303,4.3,unibet_nl,16,,
2026-10-08T16:22:49+00:00,soccer_spain_la_liga,984691837d31fd0c59c088f377f55f75,2026-10-11T16:30:00Z,Real Betis,CA Osasuna,A,pinnacle,5.89,0.16377,6.4,matchbook,17,5.5,
2026-10-08T16:22:49+00:00,soccer_spain_la_liga,984691837d31fd0c59c088f377f55f75,2026-10-11T16:30:00Z,Real Betis,CA Osasuna,H,pinnacle,1.55,0.62234,1.61,unibet_se,17,1.5,
2026-10-08T16:22:49+00:00,soccer_spain_la_liga,984691837d31fd0c59c088f377f55f75,2026-10-11T16:30:00Z,Real Betis,CA Osasuna,Draw,pinnacle,4.51,0.21389,4.6,matchbook,17,4.15,
2026-10-08T16:22:49+00:00,soccer_spain_la_liga,66a4f4201806b928c9007116727fdd61,2026-10-11T19:00:00Z,Real Racing Club de Santander,Valencia,H,pinnacle,2.34,0.41373,2.42,onexbet,17,2.2,
2026-10-08T16:22:49+00:00,soccer_spain_la_liga,66a4f4201806b928c9007116727fdd61,2026-10-11T19:00:00Z,Real Racing Club de Santander,Valencia,A,pinnacle,3.08,0.31433,3.1,unibet_nl,17,2.88,
2026-10-08T16:22:49+00:00,soccer_spain_la_liga,66a4f4201806b928c9007116727fdd61,2026-10-11T19:00:00Z,Real Racing Club de Santander,Valencia,Draw,pinnacle,3.56,0.27195,3.71,onexbet,17,3.45,
2026-10-08T16:22:49+00:00,soccer_spain_la_liga,529fc26c7774d5b469932e275c668921,2026-10-12T19:00:00Z,Levante,Sevilla,H,pinnacle,2.83,0.34189,2.88,matchbook,17,2.65,
2026-10-08T16:22:49+00:00,soccer_spain_la_liga,529fc26c7774d5b469932e275c668921,2026-10-12T19:00:00Z,Levante,Sevilla,A,pinnacle,2.62,0.36929,2.85,unibet_nl,17,2.48,
2026-10-08T16:22:49+00:00,soccer_spain_la_liga,529fc26c7774d5b469932e275c668921,2026-10-12T19:00:00Z,Levante,Sevilla,Draw,pinnacle,3.35,0.28882,3.41,onexbet,17,3.22,
2026-10-08T16:22:49+00:00,soccer_spain_la_liga,19ee731602634e5c9e3106630e087464,2026-10-16T19:00:00Z,Deportivo La Coruña,Levante,H,pinnacle,2.08,0.45761,2.17,onexbet,11,,
2026-10-08T16:22:49+00:00,soccer_spain_la_liga,19ee731602634e5c9e3106630e087464,2026-10-16T19:00:00Z,Deportivo La Coruña,Levante,A,pinnacle,3.54,0.26888,3.6,unibet_se,11,,
2026-10-08T16:22:49+00:00,soccer_spain_la_liga,19ee731602634e5c9e3106630e087464,2026-10-16T19:00:00Z,Deportivo La Coruña,Levante,Draw,pinnacle,3.48,0.27351,3.62,onexbet,11,,
2026-10-08T16:22:49+00:00,soccer_spain_la_liga,6436925dd15916d7041ba32b60000d48,2026-10-17T12:00:00Z,Espanyol,Atlético Madrid,A,pinnacle,1.85,0.51365,1.91,onexbet,11,1.75,
2026-10-08T16:22:49+00:00,soccer_spain_la_liga,6436925dd15916d7041ba32b60000d48,2026-10-17T12:00:00Z,Espanyol,Atlético Madrid,H,pinnacle,4.14,0.22953,4.32,onexbet,11,3.93,
2026-10-08T16:22:49+00:00,soccer_spain_la_liga,6436925dd15916d7041ba32b60000d48,2026-10-17T12:00:00Z,Espanyol,Atlético Madrid,Draw,pinnacle,3.7,0.25682,3.84,onexbet,11,3.63,
2026-10-08T16:22:49+00:00,soccer_spain_la_liga,aef660734585649651415961a9d177c6,2026-10-17T14:15:00Z,Villarreal,Elche CF,A,pinnacle,6.04,0.15662,6.73,onexbet,12,5.5,
2026-10-08T16:22:49+00:00,soccer_spain_la_liga,aef660734585649651415961a9d177c6,2026-10-17T14:15:00Z,Villarreal,Elche CF,H,pinnacle,1.46,0.64793,1.51,onexbet,12,1.42,
2026-10-08T16:22:49+00:00,soccer_spain_la_liga,aef660734585649651415961a9d177c6,2026-10-17T14:15:00Z,Villarreal,Elche CF,Draw,pinnacle,4.84,0.19545,5.0,unibet_se,12,4.6,
2026-10-08T16:22:49+00:00,soccer_spain_la_liga,846e496fc232b2fc20214754836727d0,2026-10-17T16:30:00Z,Real Betis,Barcelona,A,betfair_ex_eu,1.47,0.67114,1.49,onexbet,12,1.36,
2026-10-08T16:22:49+00:00,soccer_spain_la_liga,846e496fc232b2fc20214754836727d0,2026-10-17T16:30:00Z,Real Betis,Barcelona,H,betfair_ex_eu,6.0,0.16443,6.21,onexbet,12,5.6,
2026-10-08T16:22:49+00:00,soccer_spain_la_liga,846e496fc232b2fc20214754836727d0,2026-10-17T16:30:00Z,Real Betis,Barcelona,Draw,betfair_ex_eu,6.0,0.16443,5.9,winamax_de,12,5.25,
2026-10-08T16:22:49+00:00,soccer_spain_la_liga,f00cd1ea41fa39149729d14ebc07aa6c,2026-10-17T19:00:00Z,Valencia,Athletic Bilbao,A,pinnacle,2.08,0.45746,2.18,onexbet,12,2.02,
2026-10-08T16:22:49+00:00,soccer_spain_la_liga,f00cd1ea41fa39149729d14ebc07aa6c,2026-10-17T19:00:00Z,Valencia,Athletic Bilbao,H,pinnacle,3.6,0.26431,3.62,onexbet,12,3.32,
2026-10-08T16:22:49+00:00,soccer_spain_la_liga,f00cd1ea41fa39149729d14ebc07aa6c,2026-10-17T19:00:00Z,Valencia,Athletic Bilbao,Draw,pinnacle,3.42,0.27822,3.58,onexbet,12,3.28,
2026-10-08T16:22:49+00:00,soccer_spain_la_liga,1f566f17c50fe5162724ec2863d2207b,2026-10-18T12:00:00Z,CA Osasuna,Real Racing Club de Santander,H,pinnacle,1.91,0.49748,1.95,onexbet,12,1.82,
2026-10-08T16:22:49+00:00,soccer_spain_la_liga,1f566f17c50fe5162724ec2863d2207b,2026-10-18T12:00:00Z,CA Osasuna,Real Racing Club de Santander,A,pinnacle,4.26,0.22305,4.32,onexbet,12,3.75,
2026-10-08T16:22:49+00:00,soccer_spain_la_liga,1f566f17c50fe5162724ec2863d2207b,2026-10-18T12:00:00Z,CA Osasuna,Real Racing Club de Santander,Draw,pinnacle,3.4,0.27947,3.68,onexbet,12,3.5,
2026-10-08T16:22:49+00:00,soccer_spain_la_liga,aabe899ecc4c19a1fafe5440151b62e4,2026-10-18T14:15:00Z,Celta Vigo,Alavés,A,pinnacle,3.87,0.24551,3.95,unibet_se,12,3.63,
2026-10-08T16:22:49+00:00,soccer_spain_la_liga,aabe899ecc4c19a1fafe5440151b62e4,2026-10-18T14:15:00Z,Celta Vigo,Alavés,H,pinnacle,2.0,0.47505,2.08,onexbet,12,1.94,
2026-10-08T16:22:49+00:00,soccer_spain_la_liga,aabe899ecc4c19a1fafe5440151b62e4,2026-10-18T14:15:00Z,Celta Vigo,Alavés,Draw,pinnacle,3.4,0.27944,3.58,onexbet,12,3.25,
2026-10-08T16:22:49+00:00,soccer_spain_la_liga,1051298b4aca6f07113309bff598a5c1,2026-10-18T16:30:00Z,Málaga,Real Sociedad,H,pinnacle,3.23,0.29467,3.3,unibet_se,12,3.0,
2026-10-08T16:22:49+00:00,soccer_spain_la_liga,1051298b4aca6f07113309bff598a5c1,2026-10-18T16:30:00Z,Málaga,Real Sociedad,A,pinnacle,2.2,0.43262,2.29,onexbet,12,2.12,
2026-10-08T16:22:49+00:00,soccer_spain_la_liga,1051298b4aca6f07113309bff598a5c1,2026-10-18T16:30:00Z,Málaga,Real Sociedad,Draw,pinnacle,3.49,0.27271,3.63,onexbet,12,3.4,
2026-10-08T16:22:49+00:00,soccer_spain_la_liga,eccd63bf768e2f2a358b871d3f33a63d,2026-10-18T19:00:00Z,Real Madrid,Sevilla,H,betfair_ex_eu,1.24,0.79217,1.3,onexbet,12,1.21,
2026-10-08T16:22:49+00:00,soccer_spain_la_liga,eccd63bf768e2f2a358b871d3f33a63d,2026-10-18T19:00:00Z,Real Madrid,Sevilla,A,betfair_ex_eu,12.5,0.07858,11.5,unibet_se,12,9.0,
2026-10-08T16:22:49+00:00,soccer_spain_la_liga,eccd63bf768e2f2a358b871d3f33a63d,2026-10-18T19:00:00Z,Real Madrid,Sevilla,Draw,betfair_ex_eu,7.6,0.12925,7.5,tipico_de,12,6.1,
2026-10-08T16:22:49+00:00,soccer_spain_la_liga,4a88bc4de574d43ef34677fd8d78722f,2026-10-19T19:00:00Z,Getafe,Rayo Vallecano,H,pinnacle,2.71,0.33503,2.92,betsson,12,2.75,
2026-10-08T16:22:49+00:00,soccer_spain_la_liga,4a88bc4de574d43ef34677fd8d78722f,2026-10-19T19:00:00Z,Getafe,Rayo Vallecano,A,pinnacle,2.44,0.3721,2.82,onexbet,12,2.48,
2026-10-08T16:22:49+00:00,soccer_spain_la_liga,4a88bc4de574d43ef34677fd8d78722f,2026-10-19T19:00:00Z,Getafe,Rayo Vallecano,Draw,pinnacle,3.1,0.29288,3.21,onexbet,12,3.0,
2026-10-08T16:22:49+00:00,soccer_italy_serie_a,2f8e871a0f7f66ae22938028645e1066,2026-10-10T13:00:00Z,Genoa,Fiorentina,A,pinnacle,2.36,0.40992,2.39,onexbet,20,2.23,2.25
2026-10-08T16:22:49+00:00,soccer_italy_serie_a,2f8e871a0f7f66ae22938028645e1066,2026-10-10T13:00:00Z,Genoa,Fiorentina,H,pinnacle,3.34,0.28964,3.4,matchbook,20,3.12,3.0
2026-10-08T16:22:49+00:00,soccer_italy_serie_a,2f8e871a0f7f66ae22938028645e1066,2026-10-10T13:00:00Z,Genoa,Fiorentina,Draw,pinnacle,3.22,0.30044,3.48,onexbet,20,3.2,3.2
2026-10-08T16:22:49+00:00,soccer_italy_serie_a,1a01b0611dacd334e1558a5097e05023,2026-10-10T16:00:00Z,Inter Milan,Parma,H,pinnacle,1.13,0.849,1.17,onexbet,20,1.12,1.14
2026-10-08T16:22:49+00:00,soccer_italy_serie_a,1a01b0611dacd334e1558a5097e05023,2026-10-10T16:00:00Z,Inter Milan,Parma,A,pinnacle,17.64,0.05439,25.0,matchbook,20,16.25,15.0
2026-10-08T16:22:49+00:00,soccer_italy_serie_a,1a01b0611dacd334e1558a5097e05023,2026-10-10T16:00:00Z,Inter Milan,Parma,Draw,pinnacle,9.93,0.09661,10.0,matchbook,20,8.0,8.0
2026-10-08T16:22:49+00:00,soccer_italy_serie_a,40c1bd70fee927f9bfa8901edab02b48,2026-10-10T18:45:00Z,Napoli,Frosinone,A,pinnacle,6.23,0.15485,7.5,unibet_se,20,5.9,6.0
2026-10-08T16:22:49+00:00,soccer_italy_serie_a,40c1bd70fee927f9bfa8901edab02b48,2026-10-10T18:45:00Z,Napoli,Frosinone,H,pinnacle,1.48,0.65183,1.49,onexbet,20,1.41,1.44
2026-10-08T16:22:49+00:00,soccer_italy_serie_a,40c1bd70fee927f9bfa8901edab02b48,2026-10-10T18:45:00Z,Napoli,Frosinone,Draw,pinnacle,4.99,0.19333,5.2,tipico_de,20,4.75,4.5
2026-10-08T16:22:49+00:00,soccer_italy_serie_a,2547c0dbddd26d23fa532228e36348cb,2026-10-11T10:30:00Z,Como,AS Roma,A,pinnacle,2.71,0.35726,2.77,coolbet,20,2.57,2.5
2026-10-08T16:22:49+00:00,soccer_italy_serie_a,2547c0dbddd26d23fa532228e36348cb,2026-10-11T10:30:00Z,Como,AS Roma,H,pinnacle,2.59,0.37381,2.74,matchbook,20,2.42,2.5
2026-10-08T16:22:49+00:00,soccer_italy_serie_a,2547c0dbddd26d23fa532228e36348cb,2026-10-11T10:30:00Z,Como,AS Roma,Draw,pinnacle,3.6,0.26893,3.71,onexbet,20,3.47,3.4
2026-10-08T16:22:49+00:00,soccer_italy_serie_a,946716d7e5e52822f08be8cb95193d9d,2026-10-11T13:00:00Z,Lecce,Bologna,A,pinnacle,1.93,0.4998,1.98,onexbet,20,1.84,1.91
2026-10-08T16:22:49+00:00,soccer_italy_serie_a,946716d7e5e52822f08be8cb95193d9d,2026-10-11T13:00:00Z,Lecce,Bologna,H,pinnacle,4.68,0.20611,4.7,matchbook,20,4.1,3.9
2026-10-08T16:22:49+00:00,soccer_italy_serie_a,946716d7e5e52822f08be8cb95193d9d,2026-10-11T13:00:00Z,Lecce,Bologna,Draw,pinnacle,3.28,0.29409,3.5,unibet_se,20,3.3,3.25
2026-10-08T16:22:49+00:00,soccer_italy_serie_a,c0f72699f32ec193b64fd54092fe268d,2026-10-11T13:00:00Z,Lazio,Monza,H,pinnacle,1.6,0.60259,1.64,unibet_se,20,1.53,1.53
2026-10-08T16:22:49+00:00,soccer_italy_serie_a,c0f72699f32ec193b64fd54092fe268d,2026-10-11T13:00:00Z,Lazio,Monza,A,pinnacle,5.84,0.16509,6.4,matchbook,20,5.5,5.5
2026-10-08T16:22:49+00:00,soccer_italy_serie_a,c0f72699f32ec193b64fd54092fe268d,2026-10-11T13:00:00Z,Lazio,Monza,Draw,pinnacle,4.15,0.23232,4.2,matchbook,20,3.93,3.8
2026-10-08T16:22:49+00:00,soccer_italy_serie_a,1cf64166dda1e0da8b325161deb39662,2026-10-11T16:00:00Z,Sassuolo,AC Milan,A,pinnacle,1.82,0.53076,1.89,matchbook,20,1.74,1.8
2026-10-08T16:22:49+00:00,soccer_italy_serie_a,1cf64166dda1e0da8b325161deb39662,2026-10-11T16:00:00Z,Sassuolo,AC Milan,H,pinnacle,4.36,0.22155,4.5,matchbook,20,4.15,4.0
2026-10-08T16:22:49+00:00,soccer_italy_serie_a,1cf64166dda1e0da8b325161deb39662,2026-10-11T16:00:00Z,Sassuolo,AC Milan,Draw,pinnacle,3.9,0.24769,3.91,onexbet,20,3.68,3.6
2026-10-08T16:22:49+00:00,soccer_italy_serie_a,407f7d03157d1dfad384876e6a6bc910,2026-10-11T18:45:00Z,Cagliari,Juventus,H,pinnacle,6.39,0.15101,7.0,matchbook,20,6.1,6.0
2026-10-08T16:22:49+00:00,soccer_italy_serie_a,407f7d03157d1dfad384876e6a6bc910,2026-10-11T18:45:00Z,Cagliari,Juventus,A,pinnacle,1.58,0.61073,1.62,onexbet,20,1.5,1.53
2026-10-08T16:22:49+00:00,soccer_italy_serie_a,407f7d03157d1dfad384876e6a6bc910,2026-10-11T18:45:00Z,Cagliari,Juventus,Draw,pinnacle,4.05,0.23826,4.1,winamax_de,20,3.85,3.8
2026-10-08T16:22:49+00:00,soccer_italy_serie_a,0f2e7ff90b994f31d5cd48a9680943e1,2026-10-12T16:30:00Z,Atalanta BC,Venezia,H,pinnacle,1.57,0.61236,1.66,onexbet,20,1.51,1.53
2026-10-08T16:22:49+00:00,soccer_italy_serie_a,0f2e7ff90b994f31d5cd48a9680943e1,2026-10-12T16:30:00Z,Atalanta BC,Venezia,A,pinnacle,6.12,0.15709,6.0,tipico_de,20,5.25,5.0
2026-10-08T16:22:49+00:00,soccer_italy_serie_a,0f2e7ff90b994f31d5cd48a9680943e1,2026-10-12T16:30:00Z,Atalanta BC,Venezia,Draw,pinnacle,4.17,0.23055,4.5,matchbook,20,4.2,4.2
2026-10-08T16:22:49+00:00,soccer_italy_serie_a,f4a28510bb0c835280a2aca709c19d50,2026-10-12T18:45:00Z,Torino,Udinese,H,pinnacle,2.36,0.4103,2.43,unibet_se,20,2.25,2.3
2026-10-08T16:22:49+00:00,soccer_italy_serie_a,f4a28510bb0c835280a2aca709c19d50,2026-10-12T18:45:00Z,Torino,Udinese,A,pinnacle,3.34,0.28991,3.4,matchbook,20,3.08,3.1
2026-10-08T16:22:49+00:00,soccer_italy_serie_a,f4a28510bb0c835280a2aca709c19d50,2026-10-12T18:45:00Z,Torino,Udinese,Draw,pinnacle,3.23,0.29979,3.35,onexbet,20,3.12,3.1
2026-10-08T16:22:49+00:00,soccer_italy_serie_a,7d3160040958fe21778fd5ee485666c3,2026-10-16T18:45:00Z,Frosinone,Sassuolo,H,pinnacle,2.42,0.39338,2.55,unibet_se,13,2.28,2.4
2026-10-08T16:22:49+00:00,soccer_italy_serie_a,7d3160040958fe21778fd5ee485666c3,2026-10-16T18:45:00Z,Frosinone,Sassuolo,A,pinnacle,2.9,0.32827,2.96,onexbet,13,2.68,2.75
2026-10-08T16:22:49+00:00,soccer_italy_serie_a,7d3160040958fe21778fd5ee485666c3,2026-10-16T18:45:00Z,Frosinone,Sassuolo,Draw,pinnacle,3.42,0.27836,3.55,winamax_de,13,3.45,3.3
2026-10-08T16:22:49+00:00,soccer_italy_serie_a,907639dade64cca45d1ab639195d201e,2026-10-17T13:00:00Z,Venezia,Napoli,A,pinnacle,1.7,0.55695,1.78,unibet_se,13,1.63,1.7
2026-10-08T16:22:49+00:00,soccer_italy_serie_a,907639dade64cca45d1ab639195d201e,2026-10-17T13:00:00Z,Venezia,Napoli,H,pinnacle,4.44,0.21325,4.74,onexbet,13,4.45,4.33
2026-10-08T16:22:49+00:00,soccer_italy_serie_a,907639dade64cca45d1ab639195d201e,2026-10-17T13:00:00Z,Venezia,Napoli,Draw,pinnacle,4.12,0.22981,4.22,onexbet,13,3.83,3.8
2026-10-08T16:22:49+00:00,soccer_italy_serie_a,bfefc309177723410230fee52f650315,2026-10-17T16:00:00Z,Bologna,Inter Milan,H,pinnacle,5.45,0.17367,5.7,tipico_de,13,4.8,4.8
2026-10-08T16:22:49+00:00,soccer_italy_serie_a,bfefc309177723410230fee52f650315,2026-10-17T16:00:00Z,Bologna,Inter Milan,A,pinnacle,1.62,0.58426,1.69,onexbet,13,1.57,1.65
2026-10-08T16:22:49+00:00,soccer_italy_serie_a,bfefc309177723410230fee52f650315,2026-10-17T16:00:00Z,Bologna,Inter Milan,Draw,pinnacle,3.91,0.24207,4.12,onexbet,13,3.9,3.75
2026-10-08T16:22:49+00:00,soccer_italy_serie_a,18d478f469da3bcc654dd4555b85c7e3,2026-10-17T18:45:00Z,AS Roma,Genoa,H,pinnacle,1.33,0.71264,1.36,onexbet,13,1.29,1.33
2026-10-08T16:22:49+00:00,soccer_italy_serie_a,18d478f469da3bcc654dd4555b85c7e3,2026-10-17T18:45:00Z,AS Roma,Genoa,A,pinnacle,8.5,0.11151,10.5,unibet_se,13,7.75,8.5
2026-10-08T16:22:49+00:00,soccer_italy_serie_a,18d478f469da3bcc654dd4555b85c7e3,2026-10-17T18:45:00Z,AS Roma,Genoa,Draw,pinnacle,5.39,0.17585,5.7,tipico_de,13,5.0,4.8
2026-10-08T16:22:49+00:00,soccer_italy_serie_a,367da93aa21a1e13eeafb94fd2263c75,2026-10-18T10:30:00Z,Udinese,Lecce,A,pinnacle,4.2,0.22603,4.4,tipico_de,13,4.05,3.9
2026-10-08T16:22:49+00:00,soccer_italy_serie_a,367da93aa21a1e13eeafb94fd2263c75,2026-10-18T10:30:00Z,Udinese,Lecce,H,pinnacle,1.85,0.51316,1.95,onexbet,13,1.78,1.85
2026-10-08T16:22:49+00:00,soccer_italy_serie_a,367da93aa21a1e13eeafb94fd2263c75,2026-10-18T10:30:00Z,Udinese,Lecce,Draw,pinnacle,3.64,0.26081,3.71,onexbet,13,3.42,3.4
2026-10-08T16:22:49+00:00,soccer_italy_serie_a,3ea32a0aa44a5f0ef7fd088155430087,2026-10-18T13:00:00Z,Fiorentina,Como,A,pinnacle,2.07,0.45966,2.13,onexbet,13,2.0,2.05
2026-10-08T16:22:49+00:00,soccer_italy_serie_a,3ea32a0aa44a5f0ef7fd088155430087,2026-10-18T13:00:00Z,Fiorentina,Como,H,pinnacle,3.36,0.28318,3.65,unibet_se,13,3.2,3.3
2026-10-08T16:22:49+00:00,soccer_italy_serie_a,3ea32a0aa44a5f0ef7fd088155430087,2026-10-18T13:00:00Z,Fiorentina,Como,Draw,pinnacle,3.7,0.25716,3.81,onexbet,13,3.5,3.5
2026-10-08T16:22:49+00:00,soccer_italy_serie_a,f9403dd597edbfaa73abdc974e55344c,2026-10-18T16:00:00Z,AC Milan,Atalanta BC,H,pinnacle,1.85,0.51386,1.93,onexbet,13,1.81,1.85
2026-10-08T16:22:49+00:00,soccer_italy_serie_a,f9403dd597edbfaa73abdc974e55344c,2026-10-18T16:00:00Z,AC Milan,Atalanta BC,A,pinnacle,4.16,0.22852,4.3,unibet_se,13,3.78,3.9
2026-10-08T16:22:49+00:00,soccer_italy_serie_a,f9403dd597edbfaa73abdc974e55344c,2026-10-18T16:00:00Z,AC Milan,Atalanta BC,Draw,pinnacle,3.69,0.25762,3.86,onexbet,13,3.53,3.4
2026-10-08T16:22:49+00:00,soccer_italy_serie_a,4c4026e2782f09d6f0ff2bde2a390513,2026-10-18T18:45:00Z,Juventus,Lazio,H,pinnacle,1.64,0.57774,1.68,unibet_se,13,1.59,1.61
2026-10-08T16:22:49+00:00,soccer_italy_serie_a,4c4026e2782f09d6f0ff2bde2a390513,2026-10-18T18:45:00Z,Juventus,Lazio,A,pinnacle,5.34,0.17743,5.66,onexbet,13,4.95,5.0
2026-10-08T16:22:49+00:00,soccer_italy_serie_a,4c4026e2782f09d6f0ff2bde2a390513,2026-10-18T18:45:00Z,Juventus,Lazio,Draw,pinnacle,3.87,0.24483,4.12,onexbet,13,3.7,3.8
2026-10-08T16:22:49+00:00,soccer_italy_serie_a,ce94aca384a20f6af459366da6e1dd21,2026-10-19T16:30:00Z,Monza,Cagliari,A,pinnacle,3.45,0.27586,3.65,unibet_se,13,3.22,3.3
2026-10-08T16:22:49+00:00,soccer_italy_serie_a,ce94aca384a20f6af459366da6e1dd21,2026-10-19T16:30:00Z,Monza,Cagliari,H,pinnacle,2.24,0.42487,2.32,onexbet,13,2.12,2.2
2026-10-08T16:22:49+00:00,soccer_italy_serie_a,ce94aca384a20f6af459366da6e1dd21,2026-10-19T16:30:00Z,Monza,Cagliari,Draw,pinnacle,3.18,0.29928,3.27,onexbet,13,3.15,3.0
2026-10-08T16:22:49+00:00,soccer_italy_serie_a,07014d9adc65ca39710bd9f0c7c0d3f0,2026-10-19T18:45:00Z,Parma,Torino,H,pinnacle,3.18,0.29951,3.25,onexbet,13,2.93,3.0
2026-10-08T16:22:49+00:00,soccer_italy_serie_a,07014d9adc65ca39710bd9f0c7c0d3f0,2026-10-19T18:45:00Z,Parma,Torino,A,pinnacle,2.48,0.38405,2.54,onexbet,13,2.32,2.4
2026-10-08T16:22:49+00:00,soccer_italy_serie_a,07014d9adc65ca39710bd9f0c7c0d3f0,2026-10-19T18:45:00Z,Parma,Torino,Draw,pinnacle,3.01,0.31643,3.25,unibet_se,13,3.05,3.0
2026-10-08T16:22:49+00:00,soccer_germany_bundesliga,3fb63658405d468954f57745cd115118,2026-10-09T18:30:00Z,Borussia Dortmund,Werder Bremen,H,pinnacle,1.34,0.71884,1.37,gtbets,19,1.3,1.33
2026-10-08T16:22:49+00:00,soccer_germany_bundesliga,3fb63658405d468954f57745cd115118,2026-10-09T18:30:00Z,Borussia Dortmund,Werder Bremen,A,pinnacle,8.37,0.11508,9.6,matchbook,19,7.5,7.5
2026-10-08T16:22:49+00:00,soccer_germany_bundesliga,3fb63658405d468954f57745cd115118,2026-10-09T18:30:00Z,Borussia Dortmund,Werder Bremen,Draw,pinnacle,5.8,0.16608,6.25,unibet_se,19,5.6,5.0
2026-10-08T16:22:49+00:00,soccer_germany_bundesliga,3b71160ad20dba786c4f92e33c987d80,2026-10-10T13:30:00Z,Augsburg,Bayern Munich,H,pinnacle,10.48,0.09153,13.8,onexbet,19,10.25,10.0
2026-10-08T16:22:49+00:00,soccer_germany_bundesliga,3b71160ad20dba786c4f92e33c987d80,2026-10-10T13:30:00Z,Augsburg,Bayern Munich,A,pinnacle,1.19,0.80609,1.23,gtbets,19,1.17,1.18
2026-10-08T16:22:49+00:00,soccer_germany_bundesliga,3b71160ad20dba786c4f92e33c987d80,2026-10-10T13:30:00Z,Augsburg,Bayern Munich,Draw,pinnacle,9.37,0.10237,10.0,matchbook,19,8.0,8.0
2026-10-08T16:22:49+00:00,soccer_germany_bundesliga,418f8c26d46eaabd829f2e265673b855,2026-10-10T13:30:00Z,FSV Mainz 05,Bayer Leverkusen,A,pinnacle,2.18,0.44325,2.31,onexbet,19,2.15,2.25
2026-10-08T16:22:49+00:00,soccer_germany_bundesliga,418f8c26d46eaabd829f2e265673b855,2026-10-10T13:30:00Z,FSV Mainz 05,Bayer Leverkusen,H,pinnacle,3.06,0.31578,3.1,tipico_de,19,2.87,2.8
2026-10-08T16:22:49+00:00,soccer_germany_bundesliga,418f8c26d46eaabd829f2e265673b855,2026-10-10T13:30:00Z,FSV Mainz 05,Bayer Leverkusen,Draw,pinnacle,4.01,0.24097,4.2,coolbet,19,3.73,3.6
2026-10-08T16:22:49+00:00,soccer_germany_bundesliga,2fd48be0a24ed906187067d4170bf010,2026-10-10T13:30:00Z,Union Berlin,Elversberg,A,pinnacle,2.85,0.33973,2.96,matchbook,19,2.73,2.7
2026-10-08T16:22:49+00:00,soccer_germany_bundesliga,2fd48be0a24ed906187067d4170bf010,2026-10-10T13:30:00Z,Union Berlin,Elversberg,H,pinnacle,2.38,0.40681,2.44,matchbook,19,2.28,2.25
2026-10-08T16:22:49+00:00,soccer_germany_bundesliga,2fd48be0a24ed906187067d4170bf010,2026-10-10T13:30:00Z,Union Berlin,Elversberg,Draw,pinnacle,3.82,0.25346,3.96,onexbet,19,3.63,3.6
2026-10-08T16:22:49+00:00,soccer_germany_bundesliga,f03c08c0ae5fd66c2d2df2053115bb94,2026-10-10T13:30:00Z,TSG Hoffenheim,Hamburger SV,A,pinnacle,6.83,0.14117,7.4,matchbook,19,6.0,6.5
2026-10-08T16:22:49+00:00,soccer_germany_bundesliga,f03c08c0ae5fd66c2d2df2053115bb94,2026-10-10T13:30:00Z,TSG Hoffenheim,Hamburger SV,H,pinnacle,1.46,0.66043,1.49,onexbet,19,1.41,1.4
2026-10-08T16:22:49+00:00,soccer_germany_bundesliga,f03c08c0ae5fd66c2d2df2053115bb94,2026-10-10T13:30:00Z,TSG Hoffenheim,Hamburger SV,Draw,pinnacle,4.86,0.1984,5.4,matchbook,19,4.9,4.5
2026-10-08T16:22:49+00:00,soccer_germany_bundesliga,9aade3e736c3d113dab19e641c43e272,2026-10-10T13:30:00Z,SC Paderborn,VfB Stuttgart,H,pinnacle,4.94,0.19519,5.2,matchbook,19,4.55,4.6
2026-10-08T16:22:49+00:00,soccer_germany_bundesliga,9aade3e736c3d113dab19e641c43e272,2026-10-10T13:30:00Z,SC Paderborn,VfB Stuttgart,A,pinnacle,1.6,0.60266,1.65,matchbook,19,1.55,1.57
2026-10-08T16:22:49+00:00,soccer_germany_bundesliga,9aade3e736c3d113dab19e641c43e272,2026-10-10T13:30:00Z,SC Paderborn,VfB Stuttgart,Draw,pinnacle,4.77,0.20215,4.9,matchbook,19,4.7,4.33
2026-10-08T16:22:49+00:00,soccer_germany_bundesliga,01cb7a67c8ae71201ec27297455fc0e8,2026-10-10T16:30:00Z,RB Leipzig,Eintracht Frankfurt,A,pinnacle,4.9,0.19673,5.4,unibet_se,19,4.8,4.8
2026-10-08T16:22:49+00:00,soccer_germany_bundesliga,01cb7a67c8ae71201ec27297455fc0e8,2026-10-10T16:30:00Z,RB Leipzig,Eintracht Frankfurt,H,pinnacle,1.58,0.6101,1.6,matchbook,19,1.49,1.5
2026-10-08T16:22:49+00:00,soccer_germany_bundesliga,01cb7a67c8ae71201ec27297455fc0e8,2026-10-10T16:30:00Z,RB Leipzig,Eintracht Frankfurt,Draw,pinnacle,4.99,0.19318,5.2,winamax_de,19,4.75,4.6
2026-10-08T16:22:49+00:00,soccer_germany_bundesliga,a8801462cb97a43570956e4b3ef4aedf,2026-10-11T13:30:00Z,1. FC Köln,Borussia Monchengladbach,H,pinnacle,2.1,0.46036,2.15,coolbet,19,1.97,2.0
2026-10-08T16:22:49+00:00,soccer_germany_bundesliga,a8801462cb97a43570956e4b3ef4aedf,2026-10-11T13:30:00Z,1. FC Köln,Borussia Monchengladbach,A,pinnacle,3.2,0.30211,3.45,unibet_se,19,3.13,3.1
2026-10-08T16:22:49+00:00,soccer_germany_bundesliga,a8801462cb97a43570956e4b3ef4aedf,2026-10-11T13:30:00Z,1. FC Köln,Borussia Monchengladbach,Draw,pinnacle,4.07,0.23753,4.2,unibet_se,19,3.83,3.8
2026-10-08T16:22:49+00:00,soccer_germany_bundesliga,eaf509fb37413b7d055cd394667792b3,2026-10-11T15:30:00Z,SC Freiburg,FC Schalke 04,A,pinnacle,5.36,0.1797,5.5,matchbook,19,4.7,4.5
2026-10-08T16:22:49+00:00,soccer_germany_bundesliga,eaf509fb37413b7d055cd394667792b3,2026-10-11T15:30:00Z,SC Freiburg,FC Schalke 04,H,pinnacle,1.68,0.57333,1.71,onexbet,19,1.6,1.65
2026-10-08T16:22:49+00:00,soccer_germany_bundesliga,eaf509fb37413b7d055cd394667792b3,2026-10-11T15:30:00Z,SC Freiburg,FC Schalke 04,Draw,pinnacle,3.9,0.24697,4.4,unibet_se,19,3.98,4.0
2026-10-08T16:22:49+00:00,soccer_germany_bundesliga,947bd5d924835af090d9cdc7bbdf10f6,2026-10-16T18:30:00Z,Eintracht Frankfurt,1. FC Köln,A,pinnacle,3.56,0.26686,3.65,unibet_se,13,3.25,3.3
2026-10-08T16:22:49+00:00,soccer_germany_bundesliga,947bd5d924835af090d9cdc7bbdf10f6,2026-10-16T18:30:00Z,Eintracht Frankfurt,1. FC Köln,H,pinnacle,1.88,0.50532,2.0,onexbet,13,1.86,1.91
2026-10-08T16:22:49+00:00,soccer_germany_bundesliga,947bd5d924835af090d9cdc7bbdf10f6,2026-10-16T18:30:00Z,Eintracht Frankfurt,1. FC Köln,Draw,pinnacle,4.17,0.22782,4.3,onexbet,13,3.9,3.9
2026-10-08T16:22:49+00:00,soccer_germany_bundesliga,0bf757f3bd903496ce2fa27bd0481869,2026-10-17T13:30:00Z,Elversberg,Augsburg,A,pinnacle,2.63,0.36216,2.8,unibet_se,13,2.5,2.6
2026-10-08T16:22:49+00:00,soccer_germany_bundesliga,0bf757f3bd903496ce2fa27bd0481869,2026-10-17T13:30:00Z,Elversberg,Augsburg,H,pinnacle,2.46,0.38719,2.55,onexbet,13,2.33,2.4
2026-10-08T16:22:49+00:00,soccer_germany_bundesliga,0bf757f3bd903496ce2fa27bd0481869,2026-10-17T13:30:00Z,Elversberg,Augsburg,Draw,pinnacle,3.8,0.25065,4.0,unibet_se,13,3.68,3.6
2026-10-08T16:22:49+00:00,soccer_germany_bundesliga,d8eac776adb07b0e7f01d8736d097291,2026-10-17T13:30:00Z,Union Berlin,Borussia Dortmund,A,pinnacle,1.65,0.57336,1.73,onexbet,13,1.6,1.67
2026-10-08T16:22:49+00:00,soccer_germany_bundesliga,d8eac776adb07b0e7f01d8736d097291,2026-10-17T13:30:00Z,Union Berlin,Borussia Dortmund,H,pinnacle,4.59,0.20611,5.4,unibet_se,13,4.35,4.33
2026-10-08T16:22:49+00:00,soccer_germany_bundesliga,d8eac776adb07b0e7f01d8736d097291,2026-10-17T13:30:00Z,Union Berlin,Borussia Dortmund,Draw,pinnacle,4.29,0.22052,4.5,unibet_se,13,4.1,4.0
2026-10-08T16:22:49+00:00,soccer_germany_bundesliga,606d65d57a9a6d8f9b53faee1ad10009,2026-10-17T13:30:00Z,FC Schalke 04,FSV Mainz 05,H,pinnacle,2.85,0.33411,3.0,unibet_se,13,2.75,2.8
2026-10-08T16:22:49+00:00,soccer_germany_bundesliga,606d65d57a9a6d8f9b53faee1ad10009,2026-10-17T13:30:00Z,FC Schalke 04,FSV Mainz 05,A,pinnacle,2.39,0.39842,2.44,onexbet,13,2.22,2.3
2026-10-08T16:22:49+00:00,soccer_germany_bundesliga,606d65d57a9a6d8f9b53faee1ad10009,2026-10-17T13:30:00Z,FC Schalke 04,FSV Mainz 05,Draw,pinnacle,3.56,0.26748,3.8,unibet_se,13,3.5,3.4
2026-10-08T16:22:49+00:00,soccer_germany_bundesliga,221916b8b36706ec52aa655a64e5f1d2,2026-10-17T13:30:00Z,Hamburger SV,VfB Stuttgart,H,pinnacle,4.04,0.2355,4.25,unibet_se,13,3.55,3.75
2026-10-08T16:22:49+00:00,soccer_germany_bundesliga,221916b8b36706ec52aa655a64e5f1d2,2026-10-17T13:30:00Z,Hamburger SV,VfB Stuttgart,A,pinnacle,1.83,0.51991,1.9,onexbet,13,1.77,1.83
2026-10-08T16:22:49+00:00,soccer_germany_bundesliga,221916b8b36706ec52aa655a64e5f1d2,2026-10-17T13:30:00Z,Hamburger SV,VfB Stuttgart,Draw,pinnacle,3.89,0.24459,4.35,unibet_se,13,3.95,3.75
2026-10-08T16:22:49+00:00,soccer_germany_bundesliga,9a422e1aad1053828eaf629a58d901de,2026-10-17T13:30:00Z,Werder Bremen,SC Paderborn,A,pinnacle,4.02,0.23612,4.25,nordicbet,13,3.75,3.75
2026-10-08T16:22:49+00:00,soccer_germany_bundesliga,9a422e1aad1053828eaf629a58d901de,2026-10-17T13:30:00Z,Werder Bremen,SC Paderborn,H,pinnacle,1.77,0.53626,1.91,unibet_se,13,1.75,1.8
2026-10-08T16:22:49+00:00,soccer_germany_bundesliga,9a422e1aad1053828eaf629a58d901de,2026-10-17T13:30:00Z,Werder Bremen,SC Paderborn,Draw,pinnacle,4.17,0.22762,4.26,onexbet,13,3.8,3.8
2026-10-08T16:22:49+00:00,soccer_germany_bundesliga,9a64448205fdc4b95f45641bb946706c,2026-10-17T16:30:00Z,Bayern Munich,RB Leipzig,H,betfair_ex_eu,1.25,0.77551,1.27,onexbet,13,1.2,1.25
2026-10-08T16:22:49+00:00,soccer_germany_bundesliga,9a64448205fdc4b95f45641bb946706c,2026-10-17T16:30:00Z,Bayern Munich,RB Leipzig,A,betfair_ex_eu,10.0,0.09694,11.2,onexbet,13,8.25,9.5
2026-10-08T16:22:49+00:00,soccer_germany_bundesliga,9a64448205fdc4b95f45641bb946706c,2026-10-17T16:30:00Z,Bayern Munich,RB Leipzig,Draw,betfair_ex_eu,7.6,0.12755,8.0,unibet_se,13,6.9,6.0
2026-10-08T16:22:49+00:00,soccer_germany_bundesliga,096d800bcc95c547ef592cbef624d080,2026-10-18T13:30:00Z,Bayer Leverkusen,SC Freiburg,H,pinnacle,1.65,0.57392,1.7,unibet_se,13,1.61,1.61
2026-10-08T16:22:49+00:00,soccer_germany_bundesliga,096d800bcc95c547ef592cbef624d080,2026-10-18T13:30:00Z,Bayer Leverkusen,SC Freiburg,A,pinnacle,4.46,0.21232,4.83,onexbet,13,4.25,4.4
2026-10-08T16:22:49+00:00,soccer_germany_bundesliga,096d800bcc95c547ef592cbef624d080,2026-10-18T13:30:00Z,Bayer Leverkusen,SC Freiburg,Draw,pinnacle,4.43,0.21376,4.6,tipico_de,13,4.1,4.2
2026-10-08T16:22:49+00:00,soccer_germany_bundesliga,fd9b8c185737a15615aa0c9daaa3dfbf,2026-10-18T15:30:00Z,Borussia Monchengladbach,TSG Hoffenheim,H,pinnacle,3.24,0.29345,3.58,onexbet,13,3.2,3.3
2026-10-08T16:22:49+00:00,soccer_germany_bundesliga,fd9b8c185737a15615aa0c9daaa3dfbf,2026-10-18T15:30:00Z,Borussia Monchengladbach,TSG Hoffenheim,A,pinnacle,1.98,0.48018,2.0,unibet_se,13,1.89,1.91
2026-10-08T16:22:49+00:00,soccer_germany_bundesliga,fd9b8c185737a15615aa0c9daaa3dfbf,2026-10-18T15:30:00Z,Borussia Monchengladbach,TSG Hoffenheim,Draw,pinnacle,4.2,0.22637,4.26,onexbet,13,3.88,3.9
2026-10-08T16:22:49+00:00,soccer_france_ligue_one,17694e68f399fdf9c5030021ec9bb595,2026-10-09T18:45:00Z,RC Lens,Lyon,A,pinnacle,2.77,0.34932,2.8,gtbets,18,2.67,2.62
2026-10-08T16:22:49+00:00,soccer_france_ligue_one,17694e68f399fdf9c5030021ec9bb595,2026-10-09T18:45:00Z,RC Lens,Lyon,H,pinnacle,2.46,0.39334,2.53,onexbet,18,2.33,2.4
2026-10-08T16:22:49+00:00,soccer_france_ligue_one,17694e68f399fdf9c5030021ec9bb595,2026-10-09T18:45:00Z,RC Lens,Lyon,Draw,pinnacle,3.76,0.25734,3.86,betonlineag,18,3.63,3.5
2026-10-08T16:22:49+00:00,soccer_france_ligue_one,2c173b3bd3a1491f17fcad1012019c4f,2026-10-10T15:15:00Z,Lille,Le Havre,A,pinnacle,6.79,0.14153,7.5,unibet_se,18,6.5,6.5
2026-10-08T16:22:49+00:00,soccer_france_ligue_one,2c173b3bd3a1491f17fcad1012019c4f,2026-10-10T15:15:00Z,Lille,Le Havre,H,pinnacle,1.45,0.66275,1.48,onexbet,18,1.4,1.4
2026-10-08T16:22:49+00:00,soccer_france_ligue_one,2c173b3bd3a1491f17fcad1012019c4f,2026-10-10T15:15:00Z,Lille,Le Havre,Draw,pinnacle,4.91,0.19572,5.0,unibet_se,18,4.7,4.4
2026-10-08T16:22:49+00:00,soccer_france_ligue_one,c2c64ebfc5810226f807c1920d580392,2026-10-10T18:45:00Z,AS Monaco,Toulouse,H,pinnacle,1.58,0.60888,1.65,onexbet,18,1.53,1.57
2026-10-08T16:22:49+00:00,soccer_france_ligue_one,c2c64ebfc5810226f807c1920d580392,2026-10-10T18:45:00Z,AS Monaco,Toulouse,A,pinnacle,5.34,0.18015,5.44,onexbet,18,5.0,5.0
2026-10-08T16:22:49+00:00,soccer_france_ligue_one,c2c64ebfc5810226f807c1920d580392,2026-10-10T18:45:00Z,AS Monaco,Toulouse,Draw,pinnacle,4.56,0.21097,4.5,winamax_de,18,4.2,4.2
2026-10-08T16:22:49+00:00,soccer_france_ligue_one,007dc2ff845c33e3e18f2bd2bc126304,2026-10-10T18:45:00Z,Brest,Angers,A,pinnacle,3.71,0.26039,3.9,unibet_se,18,3.47,3.5
2026-10-08T16:22:49+00:00,soccer_france_ligue_one,007dc2ff845c33e3e18f2bd2bc126304,2026-10-10T18:45:00Z,Brest,Angers,H,pinnacle,2.01,0.48062,2.04,onexbet,18,1.93,1.95
2026-10-08T16:22:49+00:00,soccer_france_ligue_one,007dc2ff845c33e3e18f2bd2bc126304,2026-10-10T18:45:00Z,Brest,Angers,Draw,pinnacle,3.73,0.25899,3.85,unibet_se,18,3.53,3.5
2026-10-08T16:22:49+00:00,soccer_france_ligue_one,2849460eb4d15adbb20ec15927a0fd4a,2026-10-10T18:45:00Z,Paris Saint Germain,Le Mans FC,A,pinnacle,23.41,0.04104,34.0,onexbet,18,23.0,26.0
2026-10-08T16:22:49+00:00,soccer_france_ligue_one,2849460eb4d15adbb20ec15927a0fd4a,2026-10-10T18:45:00Z,Paris Saint Germain,Le Mans FC,H,pinnacle,1.08,0.88968,1.09,unibet_se,18,1.05,1.06
2026-10-08T16:22:49+00:00,soccer_france_ligue_one,2849460eb4d15adbb20ec15927a0fd4a,2026-10-10T18:45:00Z,Paris Saint Germain,Le Mans FC,Draw,pinnacle,13.87,0.06928,16.5,onexbet,18,10.5,13.0
2026-10-08T16:22:49+00:00,soccer_france_ligue_one,3aa72885e0aa107c62843749f7930a9a,2026-10-10T18:45:00Z,Lorient,Paris FC,H,pinnacle,3.35,0.28844,3.35,coolbet,18,3.1,3.1
2026-10-08T16:22:49+00:00,soccer_france_ligue_one,3aa72885e0aa107c62843749f7930a9a,2026-10-10T18:45:00Z,Lorient,Paris FC,A,pinnacle,2.27,0.42568,2.36,onexbet,18,2.17,2.25
2026-10-08T16:22:49+00:00,soccer_france_ligue_one,3aa72885e0aa107c62843749f7930a9a,2026-10-10T18:45:00Z,Lorient,Paris FC,Draw,pinnacle,3.38,0.28588,3.45,unibet_se,18,3.27,3.1
2026-10-08T16:22:49+00:00,soccer_france_ligue_one,5d3606630a2d3a218a6340d082c1bdc6,2026-10-11T13:00:00Z,Nice,Strasbourg,H,pinnacle,2.35,0.41184,2.43,unibet_se,18,2.25,2.25
2026-10-08T16:22:49+00:00,soccer_france_ligue_one,5d3606630a2d3a218a6340d082c1bdc6,2026-10-11T13:00:00Z,Nice,Strasbourg,A,pinnacle,2.97,0.32587,3.07,onexbet,18,2.82,2.9
2026-10-08T16:22:49+00:00,soccer_france_ligue_one,5d3606630a2d3a218a6340d082c1bdc6,2026-10-11T13:00:00Z,Nice,Strasbourg,Draw,pinnacle,3.69,0.26229,3.75,onexbet,18,3.45,3.4
2026-10-08T16:22:49+00:00,soccer_france_ligue_one,34f584ab922e220dc4f3b81217959d6d,2026-10-11T15:15:00Z,Rennes,Auxerre,A,pinnacle,6.5,0.14793,7.5,unibet_se,18,6.0,6.0
2026-10-08T16:22:49+00:00,soccer_france_ligue_one,34f584ab922e220dc4f3b81217959d6d,2026-10-11T15:15:00Z,Rennes,Auxerre,H,pinnacle,1.45,0.66315,1.48,onexbet,18,1.4,1.4
2026-10-08T16:22:49+00:00,soccer_france_ligue_one,34f584ab922e220dc4f3b81217959d6d,2026-10-11T15:15:00Z,Rennes,Auxerre,Draw,pinnacle,5.09,0.18891,5.2,tipico_de,18,4.8,4.6
2026-10-08T16:22:49+00:00,soccer_france_ligue_one,cb7067ac191abf32ad49dad45e46f639,2026-10-11T18:45:00Z,Troyes,Marseille,A,pinnacle,1.93,0.5002,1.92,onexbet,18,1.81,1.85
2026-10-08T16:22:49+00:00,soccer_france_ligue_one,cb7067ac191abf32ad49dad45e46f639,2026-10-11T18:45:00Z,Troyes,Marseille,H,pinnacle,3.78,0.25539,4.03,onexbet,18,3.65,3.6
2026-10-08T16:22:49+00:00,soccer_france_ligue_one,cb7067ac191abf32ad49dad45e46f639,2026-10-11T18:45:00Z,Troyes,Marseille,Draw,pinnacle,3.95,0.2444,4.05,onexbet,18,3.78,3.6
2026-10-08T16:22:49+00:00,soccer_france_ligue_one,66c168c030f3faad3983fcadc3060009,2026-10-16T18:45:00Z,Le Mans FC,Toulouse,H,pinnacle,3.12,0.30531,3.3,unibet_se,13,2.9,3.0
2026-10-08T16:22:49+00:00,soccer_france_ligue_one,66c168c030f3faad3983fcadc3060009,2026-10-16T18:45:00Z,Le Mans FC,Toulouse,A,pinnacle,2.28,0.41779,2.34,onexbet,13,2.18,2.2
2026-10-08T16:22:49+00:00,soccer_france_ligue_one,66c168c030f3faad3983fcadc3060009,2026-10-16T18:45:00Z,Le Mans FC,Toulouse,Draw,pinnacle,3.44,0.27691,3.57,onexbet,13,3.37,3.3
2026-10-08T16:22:49+00:00,soccer_france_ligue_one,f3034246520a2ee4ff0ac0d5074966f8,2026-10-17T15:15:00Z,Strasbourg,Paris Saint Germain,A,pinnacle,1.4,0.67447,1.46,onexbet,13,1.35,1.4
2026-10-08T16:22:49+00:00,soccer_france_ligue_one,f3034246520a2ee4ff0ac0d5074966f8,2026-10-17T15:15:00Z,Strasbourg,Paris Saint Germain,H,pinnacle,6.35,0.1487,6.8,nordicbet,13,5.6,6.0
2026-10-08T16:22:49+00:00,soccer_france_ligue_one,f3034246520a2ee4ff0ac0d5074966f8,2026-10-17T15:15:00Z,Strasbourg,Paris Saint Germain,Draw,pinnacle,5.34,0.17683,5.5,unibet_se,13,5.5,4.8
2026-10-08T16:22:49+00:00,soccer_france_ligue_one,ad25a350c89b64715e15c59cde5653d3,2026-10-17T18:45:00Z,Lille,Brest,A,pinnacle,5.42,0.17489,5.4,unibet_se,13,4.9,4.8
2026-10-08T16:22:49+00:00,soccer_france_ligue_one,ad25a350c89b64715e15c59cde5653d3,2026-10-17T18:45:00Z,Lille,Brest,H,pinnacle,1.58,0.59995,1.66,onexbet,13,1.53,1.61
2026-10-08T16:22:49+00:00,soccer_france_ligue_one,ad25a350c89b64715e15c59cde5653d3,2026-10-17T18:45:00Z,Lille,Brest,Draw,pinnacle,4.21,0.22516,4.37,onexbet,13,4.1,3.9
2026-10-08T16:22:49+00:00,soccer_france_ligue_one,b077aa049133c0358bcd643bfee48da3,2026-10-17T18:45:00Z,Troyes,RC Lens,A,pinnacle,1.81,0.52431,1.87,unibet_se,13,1.76,1.8
2026-10-08T16:22:49+00:00,soccer_france_ligue_one,b077aa049133c0358bcd643bfee48da3,2026-10-17T18:45:00Z,Troyes,RC Lens,H,pinnacle,4.0,0.23725,4.3,onexbet,13,3.75,3.9
2026-10-08T16:22:49+00:00,soccer_france_ligue_one,b077aa049133c0358bcd643bfee48da3,2026-10-17T18:45:00Z,Troyes,RC Lens,Draw,pinnacle,3.98,0.23844,4.04,onexbet,13,3.78,3.7
2026-10-08T16:22:49+00:00,soccer_france_ligue_one,c7a60aa94470fe959fbf6b0c68060fc1,2026-10-18T13:00:00Z,Angers,Marseille,H,pinnacle,3.21,0.29652,3.25,unibet_se,13,3.0,3.0
2026-10-08T16:22:49+00:00,soccer_france_ligue_one,c7a60aa94470fe959fbf6b0c68060fc1,2026-10-18T13:00:00Z,Angers,Marseille,A,pinnacle,2.12,0.44898,2.28,onexbet,13,2.07,2.15
2026-10-08T16:22:49+00:00,soccer_france_ligue_one,c7a60aa94470fe959fbf6b0c68060fc1,2026-10-18T13:00:00Z,Angers,Marseille,Draw,pinnacle,3.74,0.2545,3.85,unibet_se,13,3.53,3.4
2026-10-08T16:22:49+00:00,soccer_france_ligue_one,53f5fe7ed0ba0fbf6345c73270e4cd00,2026-10-18T15:15:00Z,Lorient,AS Monaco,A,pinnacle,2.15,0.44264,2.17,onexbet,13,2.02,2.05
2026-10-08T16:22:49+00:00,soccer_france_ligue_one,53f5fe7ed0ba0fbf6345c73270e4cd00,2026-10-18T15:15:00Z,Lorient,AS Monaco,H,pinnacle,3.4,0.2799,3.75,unibet_se,13,3.22,3.4
2026-10-08T16:22:49+00:00,soccer_france_ligue_one,53f5fe7ed0ba0fbf6345c73270e4cd00,2026-10-18T15:15:00Z,Lorient,AS Monaco,Draw,pinnacle,3.43,0.27746,3.58,onexbet,13,3.42,3.3
2026-10-08T16:22:49+00:00,soccer_france_ligue_one,d637845b9760bb02b55bbbaa32b5c21e,2026-10-18T15:15:00Z,Le Havre,Auxerre,A,pinnacle,2.9,0.32826,3.0,unibet_se,13,2.77,2.8
2026-10-08T16:22:49+00:00,soccer_france_ligue_one,d637845b9760bb02b55bbbaa32b5c21e,2026-10-18T15:15:00Z,Le Havre,Auxerre,H,pinnacle,2.43,0.39175,2.52,onexbet,13,2.28,2.4
2026-10-08T16:22:49+00:00,soccer_france_ligue_one,d637845b9760bb02b55bbbaa32b5c21e,2026-10-18T15:15:00Z,Le Havre,Auxerre,Draw,pinnacle,3.4,0.27999,3.51,onexbet,13,3.32,3.25
2026-10-08T16:22:49+00:00,soccer_france_ligue_one,27f7222d2abde93fc6e8d17b5b05b272,2026-10-18T15:15:00Z,Paris FC,Rennes,H,pinnacle,2.35,0.40581,2.37,onexbet,13,2.15,2.25
2026-10-08T16:22:49+00:00,soccer_france_ligue_one,27f7222d2abde93fc6e8d17b5b05b272,2026-10-18T15:15:00Z,Paris FC,Rennes,A,pinnacle,3.19,0.29895,3.29,onexbet,13,2.95,2.88
2026-10-08T16:22:49+00:00,soccer_france_ligue_one,27f7222d2abde93fc6e8d17b5b05b272,2026-10-18T15:15:00Z,Paris FC,Rennes,Draw,pinnacle,3.23,0.29525,3.6,unibet_se,13,3.42,3.5
2026-10-08T16:22:49+00:00,soccer_france_ligue_one,471f891b1f6516a864ad94c8eb649f5e,2026-10-18T18:45:00Z,Lyon,Nice,H,pinnacle,1.64,0.5773,1.71,onexbet,13,1.6,1.65
2026-10-08T16:22:49+00:00,soccer_france_ligue_one,471f891b1f6516a864ad94c8eb649f5e,2026-10-18T18:45:00Z,Lyon,Nice,A,pinnacle,4.88,0.19401,5.25,unibet_se,13,4.55,4.8
2026-10-08T16:22:49+00:00,soccer_france_ligue_one,471f891b1f6516a864ad94c8eb649f5e,2026-10-18T18:45:00Z,Lyon,Nice,Draw,pinnacle,4.14,0.22869,4.2,tipico_de,13,3.9,3.8
2026-10-08T21:14:51+00:00,soccer_portugal_primeira_liga,0956c06cd173899e11422bece0fbf94f,2026-10-09T17:45:00Z,Moreirense FC,Gil Vicente,A,pinnacle,2.32,0.41466,2.4,matchbook,15,2.17,2.2
2026-10-08T21:14:51+00:00,soccer_portugal_primeira_liga,0956c06cd173899e11422bece0fbf94f,2026-10-09T17:45:00Z,Moreirense FC,Gil Vicente,H,pinnacle,3.39,0.28378,3.45,matchbook,15,3.17,3.2
2026-10-08T21:14:51+00:00,soccer_portugal_primeira_liga,0956c06cd173899e11422bece0fbf94f,2026-10-09T17:45:00Z,Moreirense FC,Gil Vicente,Draw,pinnacle,3.19,0.30157,3.3,matchbook,15,3.08,3.1
2026-10-08T21:14:51+00:00,soccer_portugal_primeira_liga,b4d52d1abd5efcd669a093139239c7b0,2026-10-09T19:15:00Z,Braga,Sporting Lisbon,H,pinnacle,3.37,0.28559,3.45,matchbook,14,3.2,3.25
2026-10-08T21:14:51+00:00,soccer_portugal_primeira_liga,b4d52d1abd5efcd669a093139239c7b0,2026-10-09T19:15:00Z,Braga,Sporting Lisbon,A,pinnacle,2.16,0.44557,2.24,matchbook,14,2.05,2.1
2026-10-08T21:14:51+00:00,soccer_portugal_primeira_liga,b4d52d1abd5efcd669a093139239c7b0,2026-10-09T19:15:00Z,Braga,Sporting Lisbon,Draw,pinnacle,3.58,0.26884,3.65,matchbook,14,3.35,3.4
2026-10-08T21:14:51+00:00,soccer_portugal_primeira_liga,710dd3ffd365c610f1969a86cd70e074,2026-10-10T14:30:00Z,Casa Pia,Santa Clara,H,pinnacle,4.57,0.20761,4.7,tipico_de,15,4.2,4.2
2026-10-08T21:14:51+00:00,soccer_portugal_primeira_liga,710dd3ffd365c610f1969a86cd70e074,2026-10-10T14:30:00Z,Casa Pia,Santa Clara,A,pinnacle,1.82,0.52131,1.88,matchbook,15,1.82,1.85
2026-10-08T21:14:51+00:00,soccer_portugal_primeira_liga,710dd3ffd365c610f1969a86cd70e074,2026-10-10T14:30:00Z,Casa Pia,Santa Clara,Draw,pinnacle,3.5,0.27108,3.45,matchbook,15,3.2,3.2
2026-10-08T21:14:51+00:00,soccer_portugal_primeira_liga,d9bfec13c112810701ee7e60f02bffa5,2026-10-10T17:00:00Z,CS Maritimo,FC Porto,H,pinnacle,8.87,0.10652,11.0,matchbook,15,8.5,9.0
2026-10-08T21:14:51+00:00,soccer_portugal_primeira_liga,d9bfec13c112810701ee7e60f02bffa5,2026-10-10T17:00:00Z,CS Maritimo,FC Porto,A,pinnacle,1.33,0.71038,1.36,gtbets,15,1.28,1.3
2026-10-08T21:14:51+00:00,soccer_portugal_primeira_liga,d9bfec13c112810701ee7e60f02bffa5,2026-10-10T17:00:00Z,CS Maritimo,FC Porto,Draw,pinnacle,5.16,0.1831,5.7,matchbook,15,4.9,5.0
2026-10-08T21:14:51+00:00,soccer_portugal_primeira_liga,2444214363711d31867a9df8c712ec8d,2026-10-10T19:30:00Z,Académico de Viseu,Estoril,H,pinnacle,2.28,0.41798,2.32,matchbook,15,2.13,2.25
2026-10-08T21:14:51+00:00,soccer_portugal_primeira_liga,2444214363711d31867a9df8c712ec8d,2026-10-10T19:30:00Z,Académico de Viseu,Estoril,A,pinnacle,3.15,0.30254,3.2,matchbook,15,3.0,2.9
2026-10-08T21:14:51+00:00,soccer_portugal_primeira_liga,2444214363711d31867a9df8c712ec8d,2026-10-10T19:30:00Z,Académico de Viseu,Estoril,Draw,pinnacle,3.41,0.27947,3.43,gtbets,15,3.33,3.3
2026-10-08T21:14:51+00:00,soccer_portugal_primeira_liga,5ecd75456d38ef4c394e502ecdd8937c,2026-10-11T14:30:00Z,Rio Ave FC,Nacional,A,pinnacle,3.19,0.29897,3.22,gtbets,15,3.02,3.1
2026-10-08T21:14:51+00:00,soccer_portugal_primeira_liga,5ecd75456d38ef4c394e502ecdd8937c,2026-10-11T14:30:00Z,Rio Ave FC,Nacional,H,pinnacle,2.34,0.40757,2.38,matchbook,15,2.12,2.25
2026-10-08T21:14:51+00:00,soccer_portugal_primeira_liga,5ecd75456d38ef4c394e502ecdd8937c,2026-10-11T14:30:00Z,Rio Ave FC,Nacional,Draw,pinnacle,3.25,0.29345,3.28,gtbets,15,3.15,3.2
2026-10-08T21:14:51+00:00,soccer_portugal_primeira_liga,5696ee371ba00ede3dc8a64d24ce79f1,2026-10-11T17:00:00Z,Benfica,Vitória SC,H,pinnacle,1.22,0.77317,1.27,gtbets,15,1.16,1.22
2026-10-08T21:14:51+00:00,soccer_portugal_primeira_liga,5696ee371ba00ede3dc8a64d24ce79f1,2026-10-11T17:00:00Z,Benfica,Vitória SC,A,pinnacle,10.99,0.08583,15.5,matchbook,15,10.75,11.0
2026-10-08T21:14:51+00:00,soccer_portugal_primeira_liga,5696ee371ba00ede3dc8a64d24ce79f1,2026-10-11T17:00:00Z,Benfica,Vitória SC,Draw,pinnacle,6.69,0.141,7.6,matchbook,15,6.0,6.0
2026-10-08T21:14:51+00:00,soccer_portugal_primeira_liga,2aa9808e7e84598f45ccf338a9b8912a,2026-10-11T19:30:00Z,Arouca,CF Estrela,H,pinnacle,2.08,0.45726,2.18,gtbets,15,1.96,2.1
2026-10-08T21:14:51+00:00,soccer_portugal_primeira_liga,2aa9808e7e84598f45ccf338a9b8912a,2026-10-11T19:30:00Z,Arouca,CF Estrela,A,pinnacle,3.48,0.27331,3.5,tipico_de,15,3.28,3.25
2026-10-08T21:14:51+00:00,soccer_portugal_primeira_liga,2aa9808e7e84598f45ccf338a9b8912a,2026-10-11T19:30:00Z,Arouca,CF Estrela,Draw,pinnacle,3.53,0.26943,3.5,tipico_de,15,3.28,3.3
2026-10-08T21:14:51+00:00,soccer_portugal_primeira_liga,789c3dd95a7fcef675ce5a40b07371a2,2026-10-12T19:15:00Z,Famalicão,Alverca,A,pinnacle,4.83,0.19652,4.6,betonlineag,14,4.35,4.2
2026-10-08T21:14:51+00:00,soccer_portugal_primeira_liga,789c3dd95a7fcef675ce5a40b07371a2,2026-10-12T19:15:00Z,Famalicão,Alverca,H,pinnacle,1.84,0.51586,1.83,betonlineag,14,1.72,1.8
2026-10-08T21:14:51+00:00,soccer_portugal_primeira_liga,789c3dd95a7fcef675ce5a40b07371a2,2026-10-12T19:15:00Z,Famalicão,Alverca,Draw,pinnacle,3.3,0.28763,3.5,tipico_de,14,3.25,3.4
2026-10-08T21:14:51+00:00,soccer_epl,b870dcfba5e5920d3f1551a3aa1ea435,2026-10-10T11:30:00Z,Arsenal,Leeds United,H,pinnacle,1.38,0.69693,1.44,onexbet,21,1.35,1.4
2026-10-08T21:14:51+00:00,soccer_epl,b870dcfba5e5920d3f1551a3aa1ea435,2026-10-10T11:30:00Z,Arsenal,Leeds United,A,pinnacle,8.4,0.11449,9.2,matchbook,21,7.5,7.5
2026-10-08T21:14:51+00:00,soccer_epl,b870dcfba5e5920d3f1551a3aa1ea435,2026-10-10T11:30:00Z,Arsenal,Leeds United,Draw,pinnacle,5.1,0.18858,5.3,matchbook,21,4.8,4.6
2026-10-08T21:14:51+00:00,soccer_epl,02e6c0ccb11bb7ce78989ce49d67110b,2026-10-10T14:00:00Z,Aston Villa,Brentford,H,pinnacle,2.7,0.35886,2.76,matchbook,21,2.6,2.6
2026-10-08T21:14:51+00:00,soccer_epl,02e6c0ccb11bb7ce78989ce49d67110b,2026-10-10T14:00:00Z,Aston Villa,Brentford,A,pinnacle,2.61,0.37124,2.7,matchbook,21,2.45,2.5
2026-10-08T21:14:51+00:00,soccer_epl,02e6c0ccb11bb7ce78989ce49d67110b,2026-10-10T14:00:00Z,Aston Villa,Brentford,Draw,pinnacle,3.59,0.2699,3.7,unibet_se,21,3.5,3.3
2026-10-08T21:14:51+00:00,soccer_epl,45d4a466e32cd2b4ea535207923ceaf5,2026-10-10T14:00:00Z,Chelsea,Bournemouth,A,pinnacle,4.66,0.20706,4.9,matchbook,21,4.4,4.2
2026-10-08T21:14:51+00:00,soccer_epl,45d4a466e32cd2b4ea535207923ceaf5,2026-10-10T14:00:00Z,Chelsea,Bournemouth,H,pinnacle,1.72,0.56099,1.79,onexbet,21,1.64,1.73
2026-10-08T21:14:51+00:00,soccer_epl,45d4a466e32cd2b4ea535207923ceaf5,2026-10-10T14:00:00Z,Chelsea,Bournemouth,Draw,pinnacle,4.16,0.23195,4.5,matchbook,21,4.1,3.9
2026-10-08T21:14:51+00:00,soccer_epl,380b8f24ec5430fb545a7490c1017285,2026-10-10T14:00:00Z,Sunderland,Brighton and Hove Albion,A,pinnacle,2.36,0.40996,2.44,matchbook,21,2.22,2.3
2026-10-08T21:14:51+00:00,soccer_epl,380b8f24ec5430fb545a7490c1017285,2026-10-10T14:00:00Z,Sunderland,Brighton and Hove Albion,H,pinnacle,3.04,0.31826,3.18,coolbet,21,2.95,2.9
2026-10-08T21:14:51+00:00,soccer_epl,380b8f24ec5430fb545a7490c1017285,2026-10-10T14:00:00Z,Sunderland,Brighton and Hove Albion,Draw,pinnacle,3.56,0.27177,3.65,unibet_se,21,3.45,3.3
2026-10-08T21:14:51+00:00,soccer_epl,288b4ff00c79daa712c911c564fe1be7,2026-10-10T14:00:00Z,Ipswich Town,Fulham,A,pinnacle,2.47,0.39155,2.53,onexbet,21,2.3,2.4
2026-10-08T21:14:51+00:00,soccer_epl,288b4ff00c79daa712c911c564fe1be7,2026-10-10T14:00:00Z,Ipswich Town,Fulham,H,pinnacle,2.84,0.34054,2.96,matchbook,21,2.78,2.75
2026-10-08T21:14:51+00:00,soccer_epl,288b4ff00c79daa712c911c564fe1be7,2026-10-10T14:00:00Z,Ipswich Town,Fulham,Draw,pinnacle,3.61,0.26791,3.65,matchbook,21,3.47,3.4
2026-10-08T21:14:51+00:00,soccer_epl,22c9b2c43cbe1334381269550dab78e6,2026-10-10T16:30:00Z,Manchester United,Tottenham Hotspur,H,pinnacle,1.71,0.56319,1.76,onexbet,21,1.66,1.7
2026-10-08T21:14:51+00:00,soccer_epl,22c9b2c43cbe1334381269550dab78e6,2026-10-10T16:30:00Z,Manchester United,Tottenham Hotspur,A,pinnacle,4.46,0.21593,4.8,matchbook,21,4.35,4.33
2026-10-08T21:14:51+00:00,soccer_epl,22c9b2c43cbe1334381269550dab78e6,2026-10-10T16:30:00Z,Manchester United,Tottenham Hotspur,Draw,pinnacle,4.36,0.22088,4.5,unibet_se,21,4.1,3.9
2026-10-08T21:14:51+00:00,soccer_epl,86effab5c6e7bfd58c8e88b1fb7c6ba9,2026-10-11T13:00:00Z,Crystal Palace,Nottingham Forest,H,pinnacle,2.69,0.36014,2.78,matchbook,21,2.5,2.62
2026-10-08T21:14:51+00:00,soccer_epl,86effab5c6e7bfd58c8e88b1fb7c6ba9,2026-10-11T13:00:00Z,Crystal Palace,Nottingham Forest,A,pinnacle,2.68,0.36148,2.82,matchbook,21,2.58,2.62
2026-10-08T21:14:51+00:00,soccer_epl,86effab5c6e7bfd58c8e88b1fb7c6ba9,2026-10-11T13:00:00Z,Crystal Palace,Nottingham Forest,Draw,pinnacle,3.48,0.27838,3.45,winamax_de,21,3.3,3.1
2026-10-08T21:14:51+00:00,soccer_epl,0bdae4d304810578e47386606bff7106,2026-10-11T13:00:00Z,Hull City,Everton,A,pinnacle,2.05,0.47179,2.14,matchbook,21,2.0,2.05
2026-10-08T21:14:51+00:00,soccer_epl,0bdae4d304810578e47386606bff7106,2026-10-11T13:00:00Z,Hull City,Everton,H,pinnacle,3.77,0.25654,3.9,matchbook,21,3.48,3.5
2026-10-08T21:14:51+00:00,soccer_epl,0bdae4d304810578e47386606bff7106,2026-10-11T13:00:00Z,Hull City,Everton,Draw,pinnacle,3.56,0.27167,3.62,onexbet,21,3.32,3.3
2026-10-08T21:14:51+00:00,soccer_epl,6dbab232dd8d2aed0cb1d6f7978fb7b1,2026-10-11T15:30:00Z,Liverpool,Manchester City,H,pinnacle,2.69,0.35983,2.8,matchbook,21,2.63,2.62
2026-10-08T21:14:51+00:00,soccer_epl,6dbab232dd8d2aed0cb1d6f7978fb7b1,2026-10-11T15:30:00Z,Liverpool,Manchester City,A,pinnacle,2.52,0.3841,2.57,onexbet,21,2.33,2.4
2026-10-08T21:14:51+00:00,soccer_epl,6dbab232dd8d2aed0cb1d6f7978fb7b1,2026-10-11T15:30:00Z,Liverpool,Manchester City,Draw,pinnacle,3.78,0.25607,3.9,unibet_se,21,3.55,3.5
2026-10-08T21:14:51+00:00,soccer_epl,acd5bd945dd953ad1e300df5bfe696f9,2026-10-12T19:00:00Z,Coventry City,Newcastle United,H,pinnacle,3.53,0.27411,3.6,matchbook,21,3.2,3.3
2026-10-08T21:14:51+00:00,soccer_epl,acd5bd945dd953ad1e300df5bfe696f9,2026-10-12T19:00:00Z,Coventry City,Newcastle United,A,pinnacle,2.09,0.46296,2.18,onexbet,21,2.02,2.05
2026-10-08T21:14:51+00:00,soccer_epl,acd5bd945dd953ad1e300df5bfe696f9,2026-10-12T19:00:00Z,Coventry City,Newcastle United,Draw,pinnacle,3.68,0.26293,3.8,unibet_se,21,3.53,3.4
2026-10-08T21:14:51+00:00,soccer_epl,764e6513cb3f348881503df70ccb90e0,2026-10-17T11:30:00Z,Everton,Chelsea,A,pinnacle,2.38,0.40004,2.45,onexbet,14,2.2,2.3
2026-10-08T21:14:51+00:00,soccer_epl,764e6513cb3f348881503df70ccb90e0,2026-10-17T11:30:00Z,Everton,Chelsea,H,pinnacle,2.73,0.34875,2.95,unibet_se,14,2.78,2.7
2026-10-08T21:14:51+00:00,soccer_epl,764e6513cb3f348881503df70ccb90e0,2026-10-17T11:30:00Z,Everton,Chelsea,Draw,pinnacle,3.79,0.25121,3.86,onexbet,14,3.5,3.5
2026-10-08T21:14:51+00:00,soccer_epl,8f1945e7272bc7e89016439f5ab321c7,2026-10-17T14:00:00Z,Brentford,Liverpool,H,pinnacle,2.77,0.34346,2.88,onexbet,14,2.67,2.75
2026-10-08T21:14:51+00:00,soccer_epl,8f1945e7272bc7e89016439f5ab321c7,2026-10-17T14:00:00Z,Brentford,Liverpool,A,pinnacle,2.43,0.39152,2.5,onexbet,14,2.25,2.3
2026-10-08T21:14:51+00:00,soccer_epl,8f1945e7272bc7e89016439f5ab321c7,2026-10-17T14:00:00Z,Brentford,Liverpool,Draw,pinnacle,3.59,0.26501,3.8,unibet_se,14,3.58,3.5
2026-10-08T21:14:51+00:00,soccer_epl,7895f97f2f9577f3b13287a3d086859d,2026-10-17T14:00:00Z,Fulham,Hull City,H,pinnacle,1.67,0.56759,1.73,onexbet,14,1.62,1.65
2026-10-08T21:14:51+00:00,soccer_epl,7895f97f2f9577f3b13287a3d086859d,2026-10-17T14:00:00Z,Fulham,Hull City,A,pinnacle,4.85,0.19544,5.18,onexbet,14,4.5,4.8
2026-10-08T21:14:51+00:00,soccer_epl,7895f97f2f9577f3b13287a3d086859d,2026-10-17T14:00:00Z,Fulham,Hull City,Draw,pinnacle,4.0,0.23697,4.11,onexbet,14,3.83,3.9
2026-10-08T21:14:51+00:00,soccer_epl,bf2142d1ca76ba2fc9e61afce80f86c0,2026-10-17T14:00:00Z,Manchester City,Ipswich Town,A,pinnacle,10.39,0.09036,12.51,betsson,14,10.5,10.0
2026-10-08T21:14:51+00:00,soccer_epl,bf2142d1ca76ba2fc9e61afce80f86c0,2026-10-17T14:00:00Z,Manchester City,Ipswich Town,H,pinnacle,1.21,0.7759,1.26,onexbet,14,1.17,1.22
2026-10-08T21:14:51+00:00,soccer_epl,bf2142d1ca76ba2fc9e61afce80f86c0,2026-10-17T14:00:00Z,Manchester City,Ipswich Town,Draw,pinnacle,7.02,0.13374,7.8,tipico_de,14,6.75,6.0
2026-10-08T21:14:51+00:00,soccer_epl,d1bbbdcd3d430e70091b518369b559cf,2026-10-17T16:30:00Z,Newcastle United,Aston Villa,A,pinnacle,3.22,0.29535,3.35,onexbet,14,3.18,3.1
2026-10-08T21:14:51+00:00,soccer_epl,d1bbbdcd3d430e70091b518369b559cf,2026-10-17T16:30:00Z,Newcastle United,Aston Villa,H,pinnacle,2.09,0.45504,2.17,onexbet,14,1.98,2.05
2026-10-08T21:14:51+00:00,soccer_epl,d1bbbdcd3d430e70091b518369b559cf,2026-10-17T16:30:00Z,Newcastle United,Aston Villa,Draw,pinnacle,3.81,0.24961,3.92,onexbet,14,3.58,3.6
2026-10-08T21:14:51+00:00,soccer_epl,dfd5d6648be46426e418801584d46a68,2026-10-18T13:00:00Z,Bournemouth,Sunderland,H,pinnacle,2.01,0.47345,2.04,onexbet,14,1.94,1.95
2026-10-08T21:14:51+00:00,soccer_epl,dfd5d6648be46426e418801584d46a68,2026-10-18T13:00:00Z,Bournemouth,Sunderland,A,pinnacle,3.65,0.26072,3.85,onexbet,14,3.42,3.6
2026-10-08T21:14:51+00:00,soccer_epl,dfd5d6648be46426e418801584d46a68,2026-10-18T13:00:00Z,Bournemouth,Sunderland,Draw,pinnacle,3.58,0.26582,3.75,onexbet,14,3.43,3.4
2026-10-08T21:14:51+00:00,soccer_epl,9fc08b390a49c4434f7cf631a0bb88fb,2026-10-18T13:00:00Z,Brighton and Hove Albion,Crystal Palace,H,pinnacle,1.63,0.58094,1.67,onexbet,14,1.57,1.61
2026-10-08T21:14:51+00:00,soccer_epl,9fc08b390a49c4434f7cf631a0bb88fb,2026-10-18T13:00:00Z,Brighton and Hove Albion,Crystal Palace,A,pinnacle,4.75,0.19935,5.3,unibet_se,14,4.65,4.75
2026-10-08T21:14:51+00:00,soccer_epl,9fc08b390a49c4434f7cf631a0bb88fb,2026-10-18T13:00:00Z,Brighton and Hove Albion,Crystal Palace,Draw,pinnacle,4.31,0.21971,4.45,onexbet,14,4.05,4.0
2026-10-08T21:14:51+00:00,soccer_epl,676b3b0b609e9cf565da450786618d26,2026-10-18T13:00:00Z,Leeds United,Manchester United,H,pinnacle,2.83,0.33657,2.95,unibet_se,14,2.77,2.75
2026-10-08T21:14:51+00:00,soccer_epl,676b3b0b609e9cf565da450786618d26,2026-10-18T13:00:00Z,Leeds United,Manchester United,A,pinnacle,2.35,0.40531,2.44,onexbet,14,2.2,2.38
2026-10-08T21:14:51+00:00,soccer_epl,676b3b0b609e9cf565da450786618d26,2026-10-18T13:00:00Z,Leeds United,Manchester United,Draw,pinnacle,3.69,0.25812,3.8,winamax_de,14,3.5,3.4
2026-10-08T21:14:51+00:00,soccer_epl,f696a248965373d9071dc0662e5c58a8,2026-10-18T15:30:00Z,Nottingham Forest,Arsenal,A,pinnacle,1.61,0.58865,1.66,onexbet,14,1.55,1.61
2026-10-08T21:14:51+00:00,soccer_epl,f696a248965373d9071dc0662e5c58a8,2026-10-18T15:30:00Z,Nottingham Forest,Arsenal,H,pinnacle,6.0,0.15795,6.2,tipico_de,14,5.1,5.5
2026-10-08T21:14:51+00:00,soccer_epl,f696a248965373d9071dc0662e5c58a8,2026-10-18T15:30:00Z,Nottingham Forest,Arsenal,Draw,pinnacle,3.74,0.2534,4.1,unibet_se,14,3.83,3.7
2026-10-08T21:14:51+00:00,soccer_epl,9baaf4e48b041cfef04e70e42532502e,2026-10-19T19:00:00Z,Tottenham Hotspur,Coventry City,A,pinnacle,5.82,0.16297,6.47,onexbet,14,5.6,5.75
2026-10-08T21:14:51+00:00,soccer_epl,9baaf4e48b041cfef04e70e42532502e,2026-10-19T19:00:00Z,Tottenham Hotspur,Coventry City,H,pinnacle,1.51,0.62812,1.54,onexbet,14,1.44,1.5
2026-10-08T21:14:51+00:00,soccer_epl,9baaf4e48b041cfef04e70e42532502e,2026-10-19T19:00:00Z,Tottenham Hotspur,Coventry City,Draw,pinnacle,4.54,0.20891,4.72,onexbet,14,4.45,4.2
2026-10-08T21:14:51+00:00,soccer_spain_la_liga,4e4c6763037ffc0e1dfe92ed16287b6d,2026-10-09T19:00:00Z,Málaga,Espanyol,A,pinnacle,2.76,0.3507,2.82,onexbet,17,2.57,
2026-10-08T21:14:51+00:00,soccer_spain_la_liga,4e4c6763037ffc0e1dfe92ed16287b6d,2026-10-09T19:00:00Z,Málaga,Espanyol,H,pinnacle,2.83,0.34202,2.88,matchbook,17,2.7,
2026-10-08T21:14:51+00:00,soccer_spain_la_liga,4e4c6763037ffc0e1dfe92ed16287b6d,2026-10-09T19:00:00Z,Málaga,Espanyol,Draw,pinnacle,3.15,0.30728,3.37,onexbet,17,3.13,
2026-10-08T21:14:51+00:00,soccer_spain_la_liga,349c47668fdd909039a9408c14cad8bc,2026-10-10T12:00:00Z,Rayo Vallecano,Athletic Bilbao,A,pinnacle,2.65,0.36548,2.72,matchbook,17,2.45,
2026-10-08T21:14:51+00:00,soccer_spain_la_liga,349c47668fdd909039a9408c14cad8bc,2026-10-10T12:00:00Z,Rayo Vallecano,Athletic Bilbao,H,pinnacle,2.77,0.34965,2.88,onexbet,17,2.68,
2026-10-08T21:14:51+00:00,soccer_spain_la_liga,349c47668fdd909039a9408c14cad8bc,2026-10-10T12:00:00Z,Rayo Vallecano,Athletic Bilbao,Draw,pinnacle,3.4,0.28486,3.5,matchbook,17,3.33,
2026-10-08T21:14:51+00:00,soccer_spain_la_liga,3869391e3dbdcaa74153b11df56a3fe5,2026-10-10T14:15:00Z,Alavés,Atlético Madrid,H,pinnacle,4.39,0.21991,4.7,matchbook,16,4.25,
2026-10-08T21:14:51+00:00,soccer_spain_la_liga,3869391e3dbdcaa74153b11df56a3fe5,2026-10-10T14:15:00Z,Alavés,Atlético Madrid,A,pinnacle,1.84,0.52468,1.87,coolbet,16,1.74,
2026-10-08T21:14:51+00:00,soccer_spain_la_liga,3869391e3dbdcaa74153b11df56a3fe5,2026-10-10T14:15:00Z,Alavés,Atlético Madrid,Draw,pinnacle,3.78,0.2554,3.92,onexbet,16,3.7,
2026-10-08T21:14:51+00:00,soccer_spain_la_liga,edb80d633a1906e5865ab70cc9b540ea,2026-10-10T16:30:00Z,Barcelona,Getafe,H,pinnacle,1.07,0.89781,1.1,matchbook,17,1.07,
2026-10-08T21:14:51+00:00,soccer_spain_la_liga,edb80d633a1906e5865ab70cc9b540ea,2026-10-10T16:30:00Z,Barcelona,Getafe,A,pinnacle,23.52,0.04084,38.0,onexbet,17,22.0,
2026-10-08T21:14:51+00:00,soccer_spain_la_liga,edb80d633a1906e5865ab70cc9b540ea,2026-10-10T16:30:00Z,Barcelona,Getafe,Draw,pinnacle,15.66,0.06134,16.0,matchbook,17,10.25,
2026-10-08T21:14:51+00:00,soccer_spain_la_liga,551f242223b1625f458d1a2ea212a0c3,2026-10-10T19:00:00Z,Real Madrid,Villarreal,H,pinnacle,1.38,0.69878,1.4,onexbet,17,1.34,
2026-10-08T21:14:51+00:00,soccer_spain_la_liga,551f242223b1625f458d1a2ea212a0c3,2026-10-10T19:00:00Z,Real Madrid,Villarreal,A,pinnacle,6.93,0.13915,7.7,onexbet,17,6.4,
2026-10-08T21:14:51+00:00,soccer_spain_la_liga,551f242223b1625f458d1a2ea212a0c3,2026-10-10T19:00:00Z,Real Madrid,Villarreal,Draw,pinnacle,5.95,0.16207,6.2,tipico_de,17,5.75,
2026-10-08T21:14:51+00:00,soccer_spain_la_liga,7daf7edaf572eba3ac86196c663d67d3,2026-10-11T12:00:00Z,Elche CF,Celta Vigo,A,pinnacle,2.62,0.36961,2.75,coolbet,17,2.43,
2026-10-08T21:14:51+00:00,soccer_spain_la_liga,7daf7edaf572eba3ac86196c663d67d3,2026-10-11T12:00:00Z,Elche CF,Celta Vigo,H,pinnacle,2.83,0.34218,2.93,onexbet,17,2.73,
2026-10-08T21:14:51+00:00,soccer_spain_la_liga,7daf7edaf572eba3ac86196c663d67d3,2026-10-11T12:00:00Z,Elche CF,Celta Vigo,Draw,pinnacle,3.36,0.28821,3.4,matchbook,17,3.2,
2026-10-08T21:14:51+00:00,soccer_spain_la_liga,2997b68cc93f62d8a1dee9f06bedbefd,2026-10-11T14:15:00Z,Real Sociedad,Deportivo La Coruña,A,pinnacle,5.64,0.17087,6.0,matchbook,16,,
2026-10-08T21:14:51+00:00,soccer_spain_la_liga,2997b68cc93f62d8a1dee9f06bedbefd,2026-10-11T14:15:00Z,Real Sociedad,Deportivo La Coruña,H,pinnacle,1.61,0.59858,1.69,onexbet,16,,
2026-10-08T21:14:51+00:00,soccer_spain_la_liga,2997b68cc93f62d8a1dee9f06bedbefd,2026-10-11T14:15:00Z,Real Sociedad,Deportivo La Coruña,Draw,pinnacle,4.18,0.23055,4.3,unibet_nl,16,,
2026-10-08T21:14:51+00:00,soccer_spain_la_liga,984691837d31fd0c59c088f377f55f75,2026-10-11T16:30:00Z,Real Betis,CA Osasuna,A,pinnacle,5.89,0.16377,6.2,matchbook,17,5.5,
2026-10-08T21:14:51+00:00,soccer_spain_la_liga,984691837d31fd0c59c088f377f55f75,2026-10-11T16:30:00Z,Real Betis,CA Osasuna,H,pinnacle,1.55,0.62234,1.61,unibet_se,17,1.5,
2026-10-08T21:14:51+00:00,soccer_spain_la_liga,984691837d31fd0c59c088f377f55f75,2026-10-11T16:30:00Z,Real Betis,CA Osasuna,Draw,pinnacle,4.51,0.21389,4.54,betonlineag,17,4.1,
2026-10-08T21:14:51+00:00,soccer_spain_la_liga,66a4f4201806b928c9007116727fdd61,2026-10-11T19:00:00Z,Real Racing Club de Santander,Valencia,H,pinnacle,2.36,0.40965,2.42,onexbet,17,2.2,
2026-10-08T21:14:51+00:00,soccer_spain_la_liga,66a4f4201806b928c9007116727fdd61,2026-10-11T19:00:00Z,Real Racing Club de Santander,Valencia,A,pinnacle,3.04,0.31802,3.1,unibet_se,17,2.88,
2026-10-08T21:14:51+00:00,soccer_spain_la_liga,66a4f4201806b928c9007116727fdd61,2026-10-11T19:00:00Z,Real Racing Club de Santander,Valencia,Draw,pinnacle,3.55,0.27233,3.71,onexbet,17,3.45,
2026-10-08T21:14:51+00:00,soccer_spain_la_liga,529fc26c7774d5b469932e275c668921,2026-10-12T19:00:00Z,Levante,Sevilla,H,pinnacle,2.82,0.34317,2.88,matchbook,17,2.65,
2026-10-08T21:14:51+00:00,soccer_spain_la_liga,529fc26c7774d5b469932e275c668921,2026-10-12T19:00:00Z,Levante,Sevilla,A,pinnacle,2.63,0.36796,2.85,unibet_nl,17,2.48,
2026-10-08T21:14:51+00:00,soccer_spain_la_liga,529fc26c7774d5b469932e275c668921,2026-10-12T19:00:00Z,Levante,Sevilla,Draw,pinnacle,3.35,0.28887,3.41,onexbet,17,3.22,
2026-10-08T21:14:51+00:00,soccer_spain_la_liga,19ee731602634e5c9e3106630e087464,2026-10-16T19:00:00Z,Deportivo La Coruña,Levante,H,pinnacle,2.08,0.45761,2.17,onexbet,11,,
2026-10-08T21:14:51+00:00,soccer_spain_la_liga,19ee731602634e5c9e3106630e087464,2026-10-16T19:00:00Z,Deportivo La Coruña,Levante,A,pinnacle,3.54,0.26888,3.6,unibet_se,11,,
2026-10-08T21:14:51+00:00,soccer_spain_la_liga,19ee731602634e5c9e3106630e087464,2026-10-16T19:00:00Z,Deportivo La Coruña,Levante,Draw,pinnacle,3.48,0.27351,3.62,onexbet,11,,
2026-10-08T21:14:51+00:00,soccer_spain_la_liga,6436925dd15916d7041ba32b60000d48,2026-10-17T12:00:00Z,Espanyol,Atlético Madrid,A,pinnacle,1.85,0.51365,1.91,onexbet,11,1.75,
2026-10-08T21:14:51+00:00,soccer_spain_la_liga,6436925dd15916d7041ba32b60000d48,2026-10-17T12:00:00Z,Espanyol,Atlético Madrid,H,pinnacle,4.14,0.22953,4.32,onexbet,11,3.93,
2026-10-08T21:14:51+00:00,soccer_spain_la_liga,6436925dd15916d7041ba32b60000d48,2026-10-17T12:00:00Z,Espanyol,Atlético Madrid,Draw,pinnacle,3.7,0.25682,3.84,onexbet,11,3.63,
2026-10-08T21:14:51+00:00,soccer_spain_la_liga,aef660734585649651415961a9d177c6,2026-10-17T14:15:00Z,Villarreal,Elche CF,A,pinnacle,6.04,0.15662,6.73,onexbet,12,5.75,
2026-10-08T21:14:51+00:00,soccer_spain_la_liga,aef660734585649651415961a9d177c6,2026-10-17T14:15:00Z,Villarreal,Elche CF,H,pinnacle,1.46,0.64793,1.51,onexbet,12,1.42,
2026-10-08T21:14:51+00:00,soccer_spain_la_liga,aef660734585649651415961a9d177c6,2026-10-17T14:15:00Z,Villarreal,Elche CF,Draw,pinnacle,4.84,0.19545,5.2,tipico_de,12,4.55,
2026-10-08T21:14:51+00:00,soccer_spain_la_liga,846e496fc232b2fc20214754836727d0,2026-10-17T16:30:00Z,Real Betis,Barcelona,A,betfair_ex_eu,1.47,0.67114,1.49,onexbet,12,1.36,
2026-10-08T21:14:51+00:00,soccer_spain_la_liga,846e496fc232b2fc20214754836727d0,2026-10-17T16:30:00Z,Real Betis,Barcelona,H,betfair_ex_eu,6.0,0.16443,6.21,onexbet,12,5.6,
2026-10-08T21:14:51+00:00,soccer_spain_la_liga,846e496fc232b2fc20214754836727d0,2026-10-17T16:30:00Z,Real Betis,Barcelona,Draw,betfair_ex_eu,6.0,0.16443,5.9,winamax_de,12,5.25,
2026-10-08T21:14:51+00:00,soccer_spain_la_liga,f00cd1ea41fa39149729d14ebc07aa6c,2026-10-17T19:00:00Z,Valencia,Athletic Bilbao,A,pinnacle,2.08,0.45746,2.18,onexbet,12,2.02,
2026-10-08T21:14:51+00:00,soccer_spain_la_liga,f00cd1ea41fa39149729d14ebc07aa6c,2026-10-17T19:00:00Z,Valencia,Athletic Bilbao,H,pinnacle,3.6,0.26431,3.62,onexbet,12,3.32,
2026-10-08T21:14:51+00:00,soccer_spain_la_liga,f00cd1ea41fa39149729d14ebc07aa6c,2026-10-17T19:00:00Z,Valencia,Athletic Bilbao,Draw,pinnacle,3.42,0.27822,3.58,onexbet,12,3.28,
2026-10-08T21:14:51+00:00,soccer_spain_la_liga,1f566f17c50fe5162724ec2863d2207b,2026-10-18T12:00:00Z,CA Osasuna,Real Racing Club de Santander,H,pinnacle,1.91,0.49748,1.95,onexbet,12,1.82,
2026-10-08T21:14:51+00:00,soccer_spain_la_liga,1f566f17c50fe5162724ec2863d2207b,2026-10-18T12:00:00Z,CA Osasuna,Real Racing Club de Santander,A,pinnacle,4.26,0.22305,4.32,onexbet,12,3.75,
2026-10-08T21:14:51+00:00,soccer_spain_la_liga,1f566f17c50fe5162724ec2863d2207b,2026-10-18T12:00:00Z,CA Osasuna,Real Racing Club de Santander,Draw,pinnacle,3.4,0.27947,3.68,onexbet,12,3.5,
2026-10-08T21:14:51+00:00,soccer_spain_la_liga,aabe899ecc4c19a1fafe5440151b62e4,2026-10-18T14:15:00Z,Celta Vigo,Alavés,A,pinnacle,3.87,0.24551,3.95,unibet_se,12,3.63,
2026-10-08T21:14:51+00:00,soccer_spain_la_liga,aabe899ecc4c19a1fafe5440151b62e4,2026-10-18T14:15:00Z,Celta Vigo,Alavés,H,pinnacle,2.0,0.47505,2.08,onexbet,12,1.94,
2026-10-08T21:14:51+00:00,soccer_spain_la_liga,aabe899ecc4c19a1fafe5440151b62e4,2026-10-18T14:15:00Z,Celta Vigo,Alavés,Draw,pinnacle,3.4,0.27944,3.58,onexbet,12,3.25,
2026-10-08T21:14:51+00:00,soccer_spain_la_liga,1051298b4aca6f07113309bff598a5c1,2026-10-18T16:30:00Z,Málaga,Real Sociedad,H,pinnacle,3.23,0.29467,3.3,unibet_se,12,3.0,
2026-10-08T21:14:51+00:00,soccer_spain_la_liga,1051298b4aca6f07113309bff598a5c1,2026-10-18T16:30:00Z,Málaga,Real Sociedad,A,pinnacle,2.2,0.43262,2.29,onexbet,12,2.12,
2026-10-08T21:14:51+00:00,soccer_spain_la_liga,1051298b4aca6f07113309bff598a5c1,2026-10-18T16:30:00Z,Málaga,Real Sociedad,Draw,pinnacle,3.49,0.27271,3.63,onexbet,12,3.4,
2026-10-08T21:14:51+00:00,soccer_spain_la_liga,eccd63bf768e2f2a358b871d3f33a63d,2026-10-18T19:00:00Z,Real Madrid,Sevilla,H,betfair_ex_eu,1.24,0.79457,1.3,onexbet,12,1.21,
2026-10-08T21:14:51+00:00,soccer_spain_la_liga,eccd63bf768e2f2a358b871d3f33a63d,2026-10-18T19:00:00Z,Real Madrid,Sevilla,A,betfair_ex_eu,13.0,0.07579,11.5,unibet_se,12,9.0,
2026-10-08T21:14:51+00:00,soccer_spain_la_liga,eccd63bf768e2f2a358b871d3f33a63d,2026-10-18T19:00:00Z,Real Madrid,Sevilla,Draw,betfair_ex_eu,7.6,0.12964,7.5,tipico_de,12,6.1,
2026-10-08T21:14:51+00:00,soccer_spain_la_liga,4a88bc4de574d43ef34677fd8d78722f,2026-10-19T19:00:00Z,Getafe,Rayo Vallecano,H,pinnacle,2.71,0.33503,2.92,betsson,12,2.75,
2026-10-08T21:14:51+00:00,soccer_spain_la_liga,4a88bc4de574d43ef34677fd8d78722f,2026-10-19T19:00:00Z,Getafe,Rayo Vallecano,A,pinnacle,2.44,0.3721,2.82,onexbet,12,2.48,
2026-10-08T21:14:51+00:00,soccer_spain_la_liga,4a88bc4de574d43ef34677fd8d78722f,2026-10-19T19:00:00Z,Getafe,Rayo Vallecano,Draw,pinnacle,3.1,0.29288,3.21,onexbet,12,3.0,
2026-10-08T21:14:51+00:00,soccer_italy_serie_a,2f8e871a0f7f66ae22938028645e1066,2026-10-10T13:00:00Z,Genoa,Fiorentina,A,pinnacle,2.36,0.4103,2.4,matchbook,20,2.23,2.25
2026-10-08T21:14:51+00:00,soccer_italy_serie_a,2f8e871a0f7f66ae22938028645e1066,2026-10-10T13:00:00Z,Genoa,Fiorentina,H,pinnacle,3.34,0.28991,3.4,matchbook,20,3.12,3.0
2026-10-08T21:14:51+00:00,soccer_italy_serie_a,2f8e871a0f7f66ae22938028645e1066,2026-10-10T13:00:00Z,Genoa,Fiorentina,Draw,pinnacle,3.23,0.29979,3.48,onexbet,20,3.2,3.2
2026-10-08T21:14:51+00:00,soccer_italy_serie_a,1a01b0611dacd334e1558a5097e05023,2026-10-10T16:00:00Z,Inter Milan,Parma,H,pinnacle,1.14,0.84583,1.17,onexbet,20,1.12,1.14
2026-10-08T21:14:51+00:00,soccer_italy_serie_a,1a01b0611dacd334e1558a5097e05023,2026-10-10T16:00:00Z,Inter Milan,Parma,A,pinnacle,17.38,0.05548,24.0,matchbook,20,16.0,15.0
2026-10-08T21:14:51+00:00,soccer_italy_serie_a,1a01b0611dacd334e1558a5097e05023,2026-10-10T16:00:00Z,Inter Milan,Parma,Draw,pinnacle,9.77,0.09869,10.0,matchbook,20,8.0,8.0
2026-10-08T21:14:51+00:00,soccer_italy_serie_a,40c1bd70fee927f9bfa8901edab02b48,2026-10-10T18:45:00Z,Napoli,Frosinone,A,pinnacle,6.23,0.15485,7.2,matchbook,20,5.9,6.0
2026-10-08T21:14:51+00:00,soccer_italy_serie_a,40c1bd70fee927f9bfa8901edab02b48,2026-10-10T18:45:00Z,Napoli,Frosinone,H,pinnacle,1.48,0.65183,1.49,onexbet,20,1.42,1.44
2026-10-08T21:14:51+00:00,soccer_italy_serie_a,40c1bd70fee927f9bfa8901edab02b48,2026-10-10T18:45:00Z,Napoli,Frosinone,Draw,pinnacle,4.99,0.19333,5.12,betonlineag,20,4.8,4.5
2026-10-08T21:14:51+00:00,soccer_italy_serie_a,2547c0dbddd26d23fa532228e36348cb,2026-10-11T10:30:00Z,Como,AS Roma,A,pinnacle,2.71,0.35723,2.77,coolbet,20,2.55,2.5
2026-10-08T21:14:51+00:00,soccer_italy_serie_a,2547c0dbddd26d23fa532228e36348cb,2026-10-11T10:30:00Z,Como,AS Roma,H,pinnacle,2.6,0.37235,2.74,matchbook,20,2.43,2.5
2026-10-08T21:14:51+00:00,soccer_italy_serie_a,2547c0dbddd26d23fa532228e36348cb,2026-10-11T10:30:00Z,Como,AS Roma,Draw,pinnacle,3.58,0.27042,3.71,onexbet,20,3.47,3.4
2026-10-08T21:14:51+00:00,soccer_italy_serie_a,946716d7e5e52822f08be8cb95193d9d,2026-10-11T13:00:00Z,Lecce,Bologna,A,pinnacle,1.93,0.4998,1.98,onexbet,20,1.84,1.91
2026-10-08T21:14:51+00:00,soccer_italy_serie_a,946716d7e5e52822f08be8cb95193d9d,2026-10-11T13:00:00Z,Lecce,Bologna,H,pinnacle,4.68,0.20611,4.6,matchbook,20,4.1,3.9
2026-10-08T21:14:51+00:00,soccer_italy_serie_a,946716d7e5e52822f08be8cb95193d9d,2026-10-11T13:00:00Z,Lecce,Bologna,Draw,pinnacle,3.28,0.29409,3.55,matchbook,20,3.3,3.25
2026-10-08T21:14:51+00:00,soccer_italy_serie_a,c0f72699f32ec193b64fd54092fe268d,2026-10-11T13:00:00Z,Lazio,Monza,H,pinnacle,1.6,0.60359,1.64,unibet_se,20,1.53,1.53
2026-10-08T21:14:51+00:00,soccer_italy_serie_a,c0f72699f32ec193b64fd54092fe268d,2026-10-11T13:00:00Z,Lazio,Monza,A,pinnacle,5.84,0.16537,6.4,matchbook,20,5.5,5.5
2026-10-08T21:14:51+00:00,soccer_italy_serie_a,c0f72699f32ec193b64fd54092fe268d,2026-10-11T13:00:00Z,Lazio,Monza,Draw,pinnacle,4.18,0.23104,4.2,matchbook,20,3.93,3.8
2026-10-08T21:14:51+00:00,soccer_italy_serie_a,1cf64166dda1e0da8b325161deb39662,2026-10-11T16:00:00Z,Sassuolo,AC Milan,A,pinnacle,1.82,0.53062,1.89,matchbook,20,1.74,1.8
2026-10-08T21:14:51+00:00,soccer_italy_serie_a,1cf64166dda1e0da8b325161deb39662,2026-10-11T16:00:00Z,Sassuolo,AC Milan,H,pinnacle,4.38,0.22048,4.45,betsson,20,4.15,4.0
2026-10-08T21:14:51+00:00,soccer_italy_serie_a,1cf64166dda1e0da8b325161deb39662,2026-10-11T16:00:00Z,Sassuolo,AC Milan,Draw,pinnacle,3.88,0.2489,3.91,onexbet,20,3.68,3.6
2026-10-08T21:14:51+00:00,soccer_italy_serie_a,407f7d03157d1dfad384876e6a6bc910,2026-10-11T18:45:00Z,Cagliari,Juventus,H,pinnacle,6.39,0.15101,7.0,matchbook,20,6.0,6.0
2026-10-08T21:14:51+00:00,soccer_italy_serie_a,407f7d03157d1dfad384876e6a6bc910,2026-10-11T18:45:00Z,Cagliari,Juventus,A,pinnacle,1.58,0.61073,1.62,onexbet,20,1.5,1.53
2026-10-08T21:14:51+00:00,soccer_italy_serie_a,407f7d03157d1dfad384876e6a6bc910,2026-10-11T18:45:00Z,Cagliari,Juventus,Draw,pinnacle,4.05,0.23826,4.1,winamax_de,20,3.88,3.8
2026-10-08T21:14:51+00:00,soccer_italy_serie_a,0f2e7ff90b994f31d5cd48a9680943e1,2026-10-12T16:30:00Z,Atalanta BC,Venezia,H,pinnacle,1.58,0.61087,1.66,onexbet,20,1.51,1.53
2026-10-08T21:14:51+00:00,soccer_italy_serie_a,0f2e7ff90b994f31d5cd48a9680943e1,2026-10-12T16:30:00Z,Atalanta BC,Venezia,A,pinnacle,6.1,0.15823,6.2,matchbook,20,5.25,5.0
2026-10-08T21:14:51+00:00,soccer_italy_serie_a,0f2e7ff90b994f31d5cd48a9680943e1,2026-10-12T16:30:00Z,Atalanta BC,Venezia,Draw,pinnacle,4.18,0.2309,4.5,matchbook,20,4.2,4.2
2026-10-08T21:14:51+00:00,soccer_italy_serie_a,f4a28510bb0c835280a2aca709c19d50,2026-10-12T18:45:00Z,Torino,Udinese,H,pinnacle,2.36,0.4103,2.44,matchbook,20,2.25,2.3
2026-10-08T21:14:51+00:00,soccer_italy_serie_a,f4a28510bb0c835280a2aca709c19d50,2026-10-12T18:45:00Z,Torino,Udinese,A,pinnacle,3.34,0.28991,3.35,onexbet,20,3.07,3.1
2026-10-08T21:14:51+00:00,soccer_italy_serie_a,f4a28510bb0c835280a2aca709c19d50,2026-10-12T18:45:00Z,Torino,Udinese,Draw,pinnacle,3.23,0.29979,3.35,onexbet,20,3.12,3.1
2026-10-08T21:14:51+00:00,soccer_italy_serie_a,7d3160040958fe21778fd5ee485666c3,2026-10-16T18:45:00Z,Frosinone,Sassuolo,H,pinnacle,2.42,0.39338,2.55,unibet_se,13,2.32,2.4
2026-10-08T21:14:51+00:00,soccer_italy_serie_a,7d3160040958fe21778fd5ee485666c3,2026-10-16T18:45:00Z,Frosinone,Sassuolo,A,pinnacle,2.9,0.32827,2.96,onexbet,13,2.7,2.75
2026-10-08T21:14:51+00:00,soccer_italy_serie_a,7d3160040958fe21778fd5ee485666c3,2026-10-16T18:45:00Z,Frosinone,Sassuolo,Draw,pinnacle,3.42,0.27836,3.55,winamax_de,13,3.48,3.3
2026-10-08T21:14:51+00:00,soccer_italy_serie_a,907639dade64cca45d1ab639195d201e,2026-10-17T13:00:00Z,Venezia,Napoli,A,pinnacle,1.7,0.55695,1.76,onexbet,13,1.63,1.7
2026-10-08T21:14:51+00:00,soccer_italy_serie_a,907639dade64cca45d1ab639195d201e,2026-10-17T13:00:00Z,Venezia,Napoli,H,pinnacle,4.44,0.21325,4.74,onexbet,13,4.45,4.33
2026-10-08T21:14:51+00:00,soccer_italy_serie_a,907639dade64cca45d1ab639195d201e,2026-10-17T13:00:00Z,Venezia,Napoli,Draw,pinnacle,4.12,0.22981,4.22,onexbet,13,3.83,3.8
2026-10-08T21:14:51+00:00,soccer_italy_serie_a,bfefc309177723410230fee52f650315,2026-10-17T16:00:00Z,Bologna,Inter Milan,H,pinnacle,5.45,0.17367,5.7,tipico_de,13,4.8,4.8
2026-10-08T21:14:51+00:00,soccer_italy_serie_a,bfefc309177723410230fee52f650315,2026-10-17T16:00:00Z,Bologna,Inter Milan,A,pinnacle,1.62,0.58426,1.69,onexbet,13,1.57,1.65
2026-10-08T21:14:51+00:00,soccer_italy_serie_a,bfefc309177723410230fee52f650315,2026-10-17T16:00:00Z,Bologna,Inter Milan,Draw,pinnacle,3.91,0.24207,4.12,onexbet,13,3.9,3.75
2026-10-08T21:14:51+00:00,soccer_italy_serie_a,18d478f469da3bcc654dd4555b85c7e3,2026-10-17T18:45:00Z,AS Roma,Genoa,H,pinnacle,1.33,0.71264,1.36,onexbet,13,1.29,1.33
2026-10-08T21:14:51+00:00,soccer_italy_serie_a,18d478f469da3bcc654dd4555b85c7e3,2026-10-17T18:45:00Z,AS Roma,Genoa,A,pinnacle,8.5,0.11151,10.5,unibet_se,13,7.75,8.5
2026-10-08T21:14:51+00:00,soccer_italy_serie_a,18d478f469da3bcc654dd4555b85c7e3,2026-10-17T18:45:00Z,AS Roma,Genoa,Draw,pinnacle,5.39,0.17585,5.7,tipico_de,13,5.0,4.8
2026-10-08T21:14:51+00:00,soccer_italy_serie_a,367da93aa21a1e13eeafb94fd2263c75,2026-10-18T10:30:00Z,Udinese,Lecce,A,pinnacle,4.2,0.22603,4.4,tipico_de,13,4.05,3.9
2026-10-08T21:14:51+00:00,soccer_italy_serie_a,367da93aa21a1e13eeafb94fd2263c75,2026-10-18T10:30:00Z,Udinese,Lecce,H,pinnacle,1.85,0.51316,1.95,onexbet,13,1.78,1.85
2026-10-08T21:14:51+00:00,soccer_italy_serie_a,367da93aa21a1e13eeafb94fd2263c75,2026-10-18T10:30:00Z,Udinese,Lecce,Draw,pinnacle,3.64,0.26081,3.71,onexbet,13,3.42,3.4
2026-10-08T21:14:51+00:00,soccer_italy_serie_a,3ea32a0aa44a5f0ef7fd088155430087,2026-10-18T13:00:00Z,Fiorentina,Como,A,pinnacle,2.07,0.45966,2.13,onexbet,13,2.0,2.05
2026-10-08T21:14:51+00:00,soccer_italy_serie_a,3ea32a0aa44a5f0ef7fd088155430087,2026-10-18T13:00:00Z,Fiorentina,Como,H,pinnacle,3.36,0.28318,3.65,unibet_se,13,3.2,3.3
2026-10-08T21:14:51+00:00,soccer_italy_serie_a,3ea32a0aa44a5f0ef7fd088155430087,2026-10-18T13:00:00Z,Fiorentina,Como,Draw,pinnacle,3.7,0.25716,3.81,onexbet,13,3.5,3.5
2026-10-08T21:14:51+00:00,soccer_italy_serie_a,f9403dd597edbfaa73abdc974e55344c,2026-10-18T16:00:00Z,AC Milan,Atalanta BC,H,pinnacle,1.85,0.51386,1.93,onexbet,13,1.81,1.85
2026-10-08T21:14:51+00:00,soccer_italy_serie_a,f9403dd597edbfaa73abdc974e55344c,2026-10-18T16:00:00Z,AC Milan,Atalanta BC,A,pinnacle,4.16,0.22852,4.3,unibet_se,13,3.78,3.9
2026-10-08T21:14:51+00:00,soccer_italy_serie_a,f9403dd597edbfaa73abdc974e55344c,2026-10-18T16:00:00Z,AC Milan,Atalanta BC,Draw,pinnacle,3.69,0.25762,3.86,onexbet,13,3.53,3.4
2026-10-08T21:14:51+00:00,soccer_italy_serie_a,4c4026e2782f09d6f0ff2bde2a390513,2026-10-18T18:45:00Z,Juventus,Lazio,H,pinnacle,1.64,0.57774,1.68,unibet_se,13,1.59,1.61
2026-10-08T21:14:51+00:00,soccer_italy_serie_a,4c4026e2782f09d6f0ff2bde2a390513,2026-10-18T18:45:00Z,Juventus,Lazio,A,pinnacle,5.34,0.17743,5.66,onexbet,13,4.95,5.0
2026-10-08T21:14:51+00:00,soccer_italy_serie_a,4c4026e2782f09d6f0ff2bde2a390513,2026-10-18T18:45:00Z,Juventus,Lazio,Draw,pinnacle,3.87,0.24483,4.12,onexbet,13,3.7,3.8
2026-10-08T21:14:51+00:00,soccer_italy_serie_a,ce94aca384a20f6af459366da6e1dd21,2026-10-19T16:30:00Z,Monza,Cagliari,A,pinnacle,3.43,0.27754,3.65,unibet_se,13,3.22,3.3
2026-10-08T21:14:51+00:00,soccer_italy_serie_a,ce94aca384a20f6af459366da6e1dd21,2026-10-19T16:30:00Z,Monza,Cagliari,H,pinnacle,2.25,0.4231,2.32,onexbet,13,2.12,2.2
2026-10-08T21:14:51+00:00,soccer_italy_serie_a,ce94aca384a20f6af459366da6e1dd21,2026-10-19T16:30:00Z,Monza,Cagliari,Draw,pinnacle,3.18,0.29936,3.27,onexbet,13,3.15,3.0
2026-10-08T21:14:51+00:00,soccer_italy_serie_a,07014d9adc65ca39710bd9f0c7c0d3f0,2026-10-19T18:45:00Z,Parma,Torino,H,pinnacle,3.18,0.29951,3.25,onexbet,13,2.93,3.0
2026-10-08T21:14:51+00:00,soccer_italy_serie_a,07014d9adc65ca39710bd9f0c7c0d3f0,2026-10-19T18:45:00Z,Parma,Torino,A,pinnacle,2.48,0.38405,2.54,onexbet,13,2.32,2.4
2026-10-08T21:14:51+00:00,soccer_italy_serie_a,07014d9adc65ca39710bd9f0c7c0d3f0,2026-10-19T18:45:00Z,Parma,Torino,Draw,pinnacle,3.01,0.31643,3.25,unibet_se,13,3.05,3.0
2026-10-08T21:14:51+00:00,soccer_germany_bundesliga,3fb63658405d468954f57745cd115118,2026-10-09T18:30:00Z,Borussia Dortmund,Werder Bremen,H,pinnacle,1.32,0.72765,1.37,gtbets,19,1.29,1.3
2026-10-08T21:14:51+00:00,soccer_germany_bundesliga,3fb63658405d468954f57745cd115118,2026-10-09T18:30:00Z,Borussia Dortmund,Werder Bremen,A,pinnacle,8.88,0.10816,9.8,matchbook,19,8.0,7.5
2026-10-08T21:14:51+00:00,soccer_germany_bundesliga,3fb63658405d468954f57745cd115118,2026-10-09T18:30:00Z,Borussia Dortmund,Werder Bremen,Draw,pinnacle,5.85,0.16419,6.25,unibet_se,19,5.6,5.0
2026-10-08T21:14:51+00:00,soccer_germany_bundesliga,3b71160ad20dba786c4f92e33c987d80,2026-10-10T13:30:00Z,Augsburg,Bayern Munich,H,pinnacle,10.49,0.09146,13.8,onexbet,19,10.25,10.0
2026-10-08T21:14:51+00:00,soccer_germany_bundesliga,3b71160ad20dba786c4f92e33c987d80,2026-10-10T13:30:00Z,Augsburg,Bayern Munich,A,pinnacle,1.19,0.80625,1.23,gtbets,19,1.17,1.18
2026-10-08T21:14:51+00:00,soccer_germany_bundesliga,3b71160ad20dba786c4f92e33c987d80,2026-10-10T13:30:00Z,Augsburg,Bayern Munich,Draw,pinnacle,9.38,0.10229,9.6,matchbook,19,8.0,8.0
2026-10-08T21:14:51+00:00,soccer_germany_bundesliga,418f8c26d46eaabd829f2e265673b855,2026-10-10T13:30:00Z,FSV Mainz 05,Bayer Leverkusen,A,pinnacle,2.19,0.4415,2.31,onexbet,19,2.15,2.2
2026-10-08T21:14:51+00:00,soccer_germany_bundesliga,418f8c26d46eaabd829f2e265673b855,2026-10-10T13:30:00Z,FSV Mainz 05,Bayer Leverkusen,H,pinnacle,3.07,0.31495,3.1,tipico_de,19,2.87,2.88
2026-10-08T21:14:51+00:00,soccer_germany_bundesliga,418f8c26d46eaabd829f2e265673b855,2026-10-10T13:30:00Z,FSV Mainz 05,Bayer Leverkusen,Draw,pinnacle,3.97,0.24355,4.2,matchbook,19,3.73,3.6
2026-10-08T21:14:51+00:00,soccer_germany_bundesliga,2fd48be0a24ed906187067d4170bf010,2026-10-10T13:30:00Z,Union Berlin,Elversberg,A,pinnacle,2.85,0.33973,2.96,matchbook,19,2.73,2.7
2026-10-08T21:14:51+00:00,soccer_germany_bundesliga,2fd48be0a24ed906187067d4170bf010,2026-10-10T13:30:00Z,Union Berlin,Elversberg,H,pinnacle,2.38,0.40681,2.44,matchbook,19,2.28,2.25
2026-10-08T21:14:51+00:00,soccer_germany_bundesliga,2fd48be0a24ed906187067d4170bf010,2026-10-10T13:30:00Z,Union Berlin,Elversberg,Draw,pinnacle,3.82,0.25346,3.96,onexbet,19,3.63,3.6
2026-10-08T21:14:51+00:00,soccer_germany_bundesliga,f03c08c0ae5fd66c2d2df2053115bb94,2026-10-10T13:30:00Z,TSG Hoffenheim,Hamburger SV,A,pinnacle,6.85,0.14088,7.4,matchbook,19,6.0,6.0
2026-10-08T21:14:51+00:00,soccer_germany_bundesliga,f03c08c0ae5fd66c2d2df2053115bb94,2026-10-10T13:30:00Z,TSG Hoffenheim,Hamburger SV,H,pinnacle,1.46,0.66097,1.49,onexbet,19,1.41,1.4
2026-10-08T21:14:51+00:00,soccer_germany_bundesliga,f03c08c0ae5fd66c2d2df2053115bb94,2026-10-10T13:30:00Z,TSG Hoffenheim,Hamburger SV,Draw,pinnacle,4.87,0.19815,5.3,unibet_se,19,4.9,4.75
2026-10-08T21:14:51+00:00,soccer_germany_bundesliga,9aade3e736c3d113dab19e641c43e272,2026-10-10T13:30:00Z,SC Paderborn,VfB Stuttgart,H,pinnacle,4.96,0.19439,5.3,matchbook,19,4.55,4.6
2026-10-08T21:14:51+00:00,soccer_germany_bundesliga,9aade3e736c3d113dab19e641c43e272,2026-10-10T13:30:00Z,SC Paderborn,VfB Stuttgart,A,pinnacle,1.6,0.60262,1.64,onexbet,19,1.55,1.57
2026-10-08T21:14:51+00:00,soccer_germany_bundesliga,9aade3e736c3d113dab19e641c43e272,2026-10-10T13:30:00Z,SC Paderborn,VfB Stuttgart,Draw,pinnacle,4.75,0.20299,4.83,onexbet,19,4.7,4.33
2026-10-08T21:14:51+00:00,soccer_germany_bundesliga,01cb7a67c8ae71201ec27297455fc0e8,2026-10-10T16:30:00Z,RB Leipzig,Eintracht Frankfurt,A,pinnacle,4.9,0.19673,5.4,unibet_se,19,4.75,4.8
2026-10-08T21:14:51+00:00,soccer_germany_bundesliga,01cb7a67c8ae71201ec27297455fc0e8,2026-10-10T16:30:00Z,RB Leipzig,Eintracht Frankfurt,H,pinnacle,1.58,0.6101,1.61,matchbook,19,1.52,1.53
2026-10-08T21:14:51+00:00,soccer_germany_bundesliga,01cb7a67c8ae71201ec27297455fc0e8,2026-10-10T16:30:00Z,RB Leipzig,Eintracht Frankfurt,Draw,pinnacle,4.99,0.19318,5.2,winamax_de,19,4.7,4.6
2026-10-08T21:14:51+00:00,soccer_germany_bundesliga,a8801462cb97a43570956e4b3ef4aedf,2026-10-11T13:30:00Z,1. FC Köln,Borussia Monchengladbach,H,pinnacle,2.1,0.46036,2.12,matchbook,19,1.97,2.0
2026-10-08T21:14:51+00:00,soccer_germany_bundesliga,a8801462cb97a43570956e4b3ef4aedf,2026-10-11T13:30:00Z,1. FC Köln,Borussia Monchengladbach,A,pinnacle,3.2,0.30211,3.42,onexbet,19,3.13,3.1
2026-10-08T21:14:51+00:00,soccer_germany_bundesliga,a8801462cb97a43570956e4b3ef4aedf,2026-10-11T13:30:00Z,1. FC Köln,Borussia Monchengladbach,Draw,pinnacle,4.07,0.23753,4.2,unibet_se,19,3.83,3.8
2026-10-08T21:14:51+00:00,soccer_germany_bundesliga,eaf509fb37413b7d055cd394667792b3,2026-10-11T15:30:00Z,SC Freiburg,FC Schalke 04,A,pinnacle,5.5,0.17516,5.6,matchbook,19,4.75,4.5
2026-10-08T21:14:51+00:00,soccer_germany_bundesliga,eaf509fb37413b7d055cd394667792b3,2026-10-11T15:30:00Z,SC Freiburg,FC Schalke 04,H,pinnacle,1.66,0.58034,1.71,onexbet,19,1.59,1.65
2026-10-08T21:14:51+00:00,soccer_germany_bundesliga,eaf509fb37413b7d055cd394667792b3,2026-10-11T15:30:00Z,SC Freiburg,FC Schalke 04,Draw,pinnacle,3.94,0.24451,4.4,unibet_se,19,4.0,4.0
2026-10-08T21:14:51+00:00,soccer_germany_bundesliga,947bd5d924835af090d9cdc7bbdf10f6,2026-10-16T18:30:00Z,Eintracht Frankfurt,1. FC Köln,A,pinnacle,3.56,0.26686,3.65,unibet_se,13,3.32,3.3
2026-10-08T21:14:51+00:00,soccer_germany_bundesliga,947bd5d924835af090d9cdc7bbdf10f6,2026-10-16T18:30:00Z,Eintracht Frankfurt,1. FC Köln,H,pinnacle,1.88,0.50532,2.0,onexbet,13,1.86,1.91
2026-10-08T21:14:51+00:00,soccer_germany_bundesliga,947bd5d924835af090d9cdc7bbdf10f6,2026-10-16T18:30:00Z,Eintracht Frankfurt,1. FC Köln,Draw,pinnacle,4.17,0.22782,4.3,onexbet,13,4.0,3.9
2026-10-08T21:14:51+00:00,soccer_germany_bundesliga,0bf757f3bd903496ce2fa27bd0481869,2026-10-17T13:30:00Z,Elversberg,Augsburg,A,pinnacle,2.66,0.35858,2.8,unibet_se,13,2.5,2.6
2026-10-08T21:14:51+00:00,soccer_germany_bundesliga,0bf757f3bd903496ce2fa27bd0481869,2026-10-17T13:30:00Z,Elversberg,Augsburg,H,pinnacle,2.5,0.38153,2.55,onexbet,13,2.35,2.4
2026-10-08T21:14:51+00:00,soccer_germany_bundesliga,0bf757f3bd903496ce2fa27bd0481869,2026-10-17T13:30:00Z,Elversberg,Augsburg,Draw,pinnacle,3.67,0.2599,4.0,unibet_se,13,3.65,3.6
2026-10-08T21:14:51+00:00,soccer_germany_bundesliga,d8eac776adb07b0e7f01d8736d097291,2026-10-17T13:30:00Z,Union Berlin,Borussia Dortmund,A,pinnacle,1.65,0.57336,1.73,onexbet,13,1.6,1.67
2026-10-08T21:14:51+00:00,soccer_germany_bundesliga,d8eac776adb07b0e7f01d8736d097291,2026-10-17T13:30:00Z,Union Berlin,Borussia Dortmund,H,pinnacle,4.59,0.20611,5.4,unibet_se,13,4.35,4.33
2026-10-08T21:14:51+00:00,soccer_germany_bundesliga,d8eac776adb07b0e7f01d8736d097291,2026-10-17T13:30:00Z,Union Berlin,Borussia Dortmund,Draw,pinnacle,4.29,0.22052,4.5,unibet_se,13,4.1,4.0
2026-10-08T21:14:51+00:00,soccer_germany_bundesliga,606d65d57a9a6d8f9b53faee1ad10009,2026-10-17T13:30:00Z,FC Schalke 04,FSV Mainz 05,H,pinnacle,2.85,0.33411,3.0,unibet_se,13,2.75,2.8
2026-10-08T21:14:51+00:00,soccer_germany_bundesliga,606d65d57a9a6d8f9b53faee1ad10009,2026-10-17T13:30:00Z,FC Schalke 04,FSV Mainz 05,A,pinnacle,2.39,0.39842,2.44,onexbet,13,2.22,2.3
2026-10-08T21:14:51+00:00,soccer_germany_bundesliga,606d65d57a9a6d8f9b53faee1ad10009,2026-10-17T13:30:00Z,FC Schalke 04,FSV Mainz 05,Draw,pinnacle,3.56,0.26748,3.8,unibet_se,13,3.5,3.4
2026-10-08T21:14:51+00:00,soccer_germany_bundesliga,221916b8b36706ec52aa655a64e5f1d2,2026-10-17T13:30:00Z,Hamburger SV,VfB Stuttgart,H,pinnacle,4.04,0.2355,4.25,unibet_se,13,3.55,3.75
2026-10-08T21:14:51+00:00,soccer_germany_bundesliga,221916b8b36706ec52aa655a64e5f1d2,2026-10-17T13:30:00Z,Hamburger SV,VfB Stuttgart,A,pinnacle,1.83,0.51991,1.9,onexbet,13,1.77,1.83
2026-10-08T21:14:51+00:00,soccer_germany_bundesliga,221916b8b36706ec52aa655a64e5f1d2,2026-10-17T13:30:00Z,Hamburger SV,VfB Stuttgart,Draw,pinnacle,3.89,0.24459,4.35,unibet_se,13,3.95,3.75
2026-10-08T21:14:51+00:00,soccer_germany_bundesliga,9a422e1aad1053828eaf629a58d901de,2026-10-17T13:30:00Z,Werder Bremen,SC Paderborn,A,pinnacle,4.02,0.23612,4.25,nordicbet,13,3.75,3.75
2026-10-08T21:14:51+00:00,soccer_germany_bundesliga,9a422e1aad1053828eaf629a58d901de,2026-10-17T13:30:00Z,Werder Bremen,SC Paderborn,H,pinnacle,1.77,0.53626,1.91,unibet_se,13,1.75,1.8
2026-10-08T21:14:51+00:00,soccer_germany_bundesliga,9a422e1aad1053828eaf629a58d901de,2026-10-17T13:30:00Z,Werder Bremen,SC Paderborn,Draw,pinnacle,4.17,0.22762,4.26,onexbet,13,3.8,3.8
2026-10-08T21:14:51+00:00,soccer_germany_bundesliga,9a64448205fdc4b95f45641bb946706c,2026-10-17T16:30:00Z,Bayern Munich,RB Leipzig,H,betfair_ex_eu,1.25,0.77551,1.27,onexbet,13,1.2,1.25
2026-10-08T21:14:51+00:00,soccer_germany_bundesliga,9a64448205fdc4b95f45641bb946706c,2026-10-17T16:30:00Z,Bayern Munich,RB Leipzig,A,betfair_ex_eu,10.0,0.09694,11.2,onexbet,13,8.25,9.5
2026-10-08T21:14:51+00:00,soccer_germany_bundesliga,9a64448205fdc4b95f45641bb946706c,2026-10-17T16:30:00Z,Bayern Munich,RB Leipzig,Draw,betfair_ex_eu,7.6,0.12755,8.0,unibet_se,13,6.9,6.0
2026-10-08T21:14:51+00:00,soccer_germany_bundesliga,096d800bcc95c547ef592cbef624d080,2026-10-18T13:30:00Z,Bayer Leverkusen,SC Freiburg,H,pinnacle,1.65,0.57392,1.7,unibet_se,13,1.61,1.61
2026-10-08T21:14:51+00:00,soccer_germany_bundesliga,096d800bcc95c547ef592cbef624d080,2026-10-18T13:30:00Z,Bayer Leverkusen,SC Freiburg,A,pinnacle,4.46,0.21232,4.83,onexbet,13,4.25,4.4
2026-10-08T21:14:51+00:00,soccer_germany_bundesliga,096d800bcc95c547ef592cbef624d080,2026-10-18T13:30:00Z,Bayer Leverkusen,SC Freiburg,Draw,pinnacle,4.43,0.21376,4.51,onexbet,13,4.1,4.2
2026-10-08T21:14:51+00:00,soccer_germany_bundesliga,fd9b8c185737a15615aa0c9daaa3dfbf,2026-10-18T15:30:00Z,Borussia Monchengladbach,TSG Hoffenheim,H,pinnacle,3.24,0.29345,3.58,onexbet,13,3.2,3.3
2026-10-08T21:14:51+00:00,soccer_germany_bundesliga,fd9b8c185737a15615aa0c9daaa3dfbf,2026-10-18T15:30:00Z,Borussia Monchengladbach,TSG Hoffenheim,A,pinnacle,1.98,0.48018,2.0,unibet_se,13,1.89,1.91
2026-10-08T21:14:51+00:00,soccer_germany_bundesliga,fd9b8c185737a15615aa0c9daaa3dfbf,2026-10-18T15:30:00Z,Borussia Monchengladbach,TSG Hoffenheim,Draw,pinnacle,4.2,0.22637,4.26,onexbet,13,3.88,3.9
2026-10-08T21:14:51+00:00,soccer_france_ligue_one,17694e68f399fdf9c5030021ec9bb595,2026-10-09T18:45:00Z,RC Lens,Lyon,A,pinnacle,2.88,0.33589,2.92,onexbet,18,2.72,2.75
2026-10-08T21:14:51+00:00,soccer_france_ligue_one,17694e68f399fdf9c5030021ec9bb595,2026-10-09T18:45:00Z,RC Lens,Lyon,H,pinnacle,2.39,0.40476,2.48,unibet_se,18,2.3,2.3
2026-10-08T21:14:51+00:00,soccer_france_ligue_one,17694e68f399fdf9c5030021ec9bb595,2026-10-09T18:45:00Z,RC Lens,Lyon,Draw,pinnacle,3.73,0.25935,3.85,unibet_se,18,3.58,3.5
2026-10-08T21:14:51+00:00,soccer_france_ligue_one,2c173b3bd3a1491f17fcad1012019c4f,2026-10-10T15:15:00Z,Lille,Le Havre,A,pinnacle,6.79,0.14153,7.5,unibet_se,18,6.5,6.5
2026-10-08T21:14:51+00:00,soccer_france_ligue_one,2c173b3bd3a1491f17fcad1012019c4f,2026-10-10T15:15:00Z,Lille,Le Havre,H,pinnacle,1.45,0.66275,1.48,onexbet,18,1.4,1.4
2026-10-08T21:14:51+00:00,soccer_france_ligue_one,2c173b3bd3a1491f17fcad1012019c4f,2026-10-10T15:15:00Z,Lille,Le Havre,Draw,pinnacle,4.91,0.19572,5.0,unibet_se,18,4.7,4.4
2026-10-08T21:14:51+00:00,soccer_france_ligue_one,c2c64ebfc5810226f807c1920d580392,2026-10-10T18:45:00Z,AS Monaco,Toulouse,H,pinnacle,1.61,0.59959,1.65,onexbet,18,1.55,1.57
2026-10-08T21:14:51+00:00,soccer_france_ligue_one,c2c64ebfc5810226f807c1920d580392,2026-10-10T18:45:00Z,AS Monaco,Toulouse,A,pinnacle,5.18,0.18636,5.44,onexbet,18,5.0,5.0
2026-10-08T21:14:51+00:00,soccer_france_ligue_one,c2c64ebfc5810226f807c1920d580392,2026-10-10T18:45:00Z,AS Monaco,Toulouse,Draw,pinnacle,4.51,0.21405,4.5,winamax_de,18,4.2,4.2
2026-10-08T21:14:51+00:00,soccer_france_ligue_one,007dc2ff845c33e3e18f2bd2bc126304,2026-10-10T18:45:00Z,Brest,Angers,A,pinnacle,3.71,0.26039,3.85,unibet_se,18,3.45,3.5
2026-10-08T21:14:51+00:00,soccer_france_ligue_one,007dc2ff845c33e3e18f2bd2bc126304,2026-10-10T18:45:00Z,Brest,Angers,H,pinnacle,2.01,0.48062,2.04,onexbet,18,1.97,1.95
2026-10-08T21:14:51+00:00,soccer_france_ligue_one,007dc2ff845c33e3e18f2bd2bc126304,2026-10-10T18:45:00Z,Brest,Angers,Draw,pinnacle,3.73,0.25899,3.85,unibet_se,18,3.55,3.5
2026-10-08T21:14:51+00:00,soccer_france_ligue_one,2849460eb4d15adbb20ec15927a0fd4a,2026-10-10T18:45:00Z,Paris Saint Germain,Le Mans FC,A,pinnacle,23.41,0.04104,34.0,onexbet,18,24.0,26.0
2026-10-08T21:14:51+00:00,soccer_france_ligue_one,2849460eb4d15adbb20ec15927a0fd4a,2026-10-10T18:45:00Z,Paris Saint Germain,Le Mans FC,H,pinnacle,1.08,0.88968,1.09,unibet_se,18,1.05,1.06
2026-10-08T21:14:51+00:00,soccer_france_ligue_one,2849460eb4d15adbb20ec15927a0fd4a,2026-10-10T18:45:00Z,Paris Saint Germain,Le Mans FC,Draw,pinnacle,13.87,0.06928,16.5,onexbet,18,11.25,13.0
2026-10-08T21:14:51+00:00,soccer_france_ligue_one,3aa72885e0aa107c62843749f7930a9a,2026-10-10T18:45:00Z,Lorient,Paris FC,H,pinnacle,3.35,0.28844,3.35,unibet_se,18,3.12,3.1
2026-10-08T21:14:51+00:00,soccer_france_ligue_one,3aa72885e0aa107c62843749f7930a9a,2026-10-10T18:45:00Z,Lorient,Paris FC,A,pinnacle,2.27,0.42568,2.36,onexbet,18,2.2,2.25
2026-10-08T21:14:51+00:00,soccer_france_ligue_one,3aa72885e0aa107c62843749f7930a9a,2026-10-10T18:45:00Z,Lorient,Paris FC,Draw,pinnacle,3.38,0.28588,3.45,unibet_se,18,3.28,3.1
2026-10-08T21:14:51+00:00,soccer_france_ligue_one,5d3606630a2d3a218a6340d082c1bdc6,2026-10-11T13:00:00Z,Nice,Strasbourg,H,pinnacle,2.35,0.41184,2.48,unibet_se,18,2.25,2.25
2026-10-08T21:14:51+00:00,soccer_france_ligue_one,5d3606630a2d3a218a6340d082c1bdc6,2026-10-11T13:00:00Z,Nice,Strasbourg,A,pinnacle,2.97,0.32587,3.07,onexbet,18,2.82,2.8
2026-10-08T21:14:51+00:00,soccer_france_ligue_one,5d3606630a2d3a218a6340d082c1bdc6,2026-10-11T13:00:00Z,Nice,Strasbourg,Draw,pinnacle,3.69,0.26229,3.75,onexbet,18,3.45,3.4
2026-10-08T21:14:51+00:00,soccer_france_ligue_one,34f584ab922e220dc4f3b81217959d6d,2026-10-11T15:15:00Z,Rennes,Auxerre,A,pinnacle,6.65,0.14473,7.5,unibet_se,18,6.0,6.0
2026-10-08T21:14:51+00:00,soccer_france_ligue_one,34f584ab922e220dc4f3b81217959d6d,2026-10-11T15:15:00Z,Rennes,Auxerre,H,pinnacle,1.44,0.66838,1.48,onexbet,18,1.4,1.4
2026-10-08T21:14:51+00:00,soccer_france_ligue_one,34f584ab922e220dc4f3b81217959d6d,2026-10-11T15:15:00Z,Rennes,Auxerre,Draw,pinnacle,5.15,0.18689,5.2,tipico_de,18,4.8,4.6
2026-10-08T21:14:51+00:00,soccer_france_ligue_one,cb7067ac191abf32ad49dad45e46f639,2026-10-11T18:45:00Z,Troyes,Marseille,A,pinnacle,1.93,0.5002,1.92,onexbet,18,1.81,1.85
2026-10-08T21:14:51+00:00,soccer_france_ligue_one,cb7067ac191abf32ad49dad45e46f639,2026-10-11T18:45:00Z,Troyes,Marseille,H,pinnacle,3.78,0.25539,4.03,onexbet,18,3.65,3.6
2026-10-08T21:14:51+00:00,soccer_france_ligue_one,cb7067ac191abf32ad49dad45e46f639,2026-10-11T18:45:00Z,Troyes,Marseille,Draw,pinnacle,3.95,0.2444,4.05,onexbet,18,3.78,3.6
2026-10-08T21:14:51+00:00,soccer_france_ligue_one,66c168c030f3faad3983fcadc3060009,2026-10-16T18:45:00Z,Le Mans FC,Toulouse,H,pinnacle,3.12,0.30531,3.3,unibet_se,13,2.9,3.0
2026-10-08T21:14:51+00:00,soccer_france_ligue_one,66c168c030f3faad3983fcadc3060009,2026-10-16T18:45:00Z,Le Mans FC,Toulouse,A,pinnacle,2.28,0.41779,2.34,onexbet,13,2.2,2.2
2026-10-08T21:14:51+00:00,soccer_france_ligue_one,66c168c030f3faad3983fcadc3060009,2026-10-16T18:45:00Z,Le Mans FC,Toulouse,Draw,pinnacle,3.44,0.27691,3.57,onexbet,13,3.42,3.3
2026-10-08T21:14:51+00:00,soccer_france_ligue_one,f3034246520a2ee4ff0ac0d5074966f8,2026-10-17T15:15:00Z,Strasbourg,Paris Saint Germain,A,pinnacle,1.39,0.67961,1.46,onexbet,13,1.35,1.4
2026-10-08T21:14:51+00:00,soccer_france_ligue_one,f3034246520a2ee4ff0ac0d5074966f8,2026-10-17T15:15:00Z,Strasbourg,Paris Saint Germain,H,pinnacle,6.41,0.14737,6.8,nordicbet,13,5.75,6.0
2026-10-08T21:14:51+00:00,soccer_france_ligue_one,f3034246520a2ee4ff0ac0d5074966f8,2026-10-17T15:15:00Z,Strasbourg,Paris Saint Germain,Draw,pinnacle,5.46,0.17301,5.7,tipico_de,13,5.5,4.8
2026-10-08T21:14:51+00:00,soccer_france_ligue_one,ad25a350c89b64715e15c59cde5653d3,2026-10-17T18:45:00Z,Lille,Brest,A,pinnacle,5.42,0.17489,5.4,unibet_se,13,4.9,4.8
2026-10-08T21:14:51+00:00,soccer_france_ligue_one,ad25a350c89b64715e15c59cde5653d3,2026-10-17T18:45:00Z,Lille,Brest,H,pinnacle,1.58,0.59995,1.66,onexbet,13,1.53,1.61
2026-10-08T21:14:51+00:00,soccer_france_ligue_one,ad25a350c89b64715e15c59cde5653d3,2026-10-17T18:45:00Z,Lille,Brest,Draw,pinnacle,4.21,0.22516,4.37,onexbet,13,4.1,3.9
2026-10-08T21:14:51+00:00,soccer_france_ligue_one,b077aa049133c0358bcd643bfee48da3,2026-10-17T18:45:00Z,Troyes,RC Lens,A,pinnacle,1.81,0.52431,1.87,unibet_se,13,1.76,1.8
2026-10-08T21:14:51+00:00,soccer_france_ligue_one,b077aa049133c0358bcd643bfee48da3,2026-10-17T18:45:00Z,Troyes,RC Lens,H,pinnacle,4.0,0.23725,4.3,onexbet,13,3.75,3.9
2026-10-08T21:14:51+00:00,soccer_france_ligue_one,b077aa049133c0358bcd643bfee48da3,2026-10-17T18:45:00Z,Troyes,RC Lens,Draw,pinnacle,3.98,0.23844,4.04,onexbet,13,3.78,3.7
2026-10-08T21:14:51+00:00,soccer_france_ligue_one,c7a60aa94470fe959fbf6b0c68060fc1,2026-10-18T13:00:00Z,Angers,Marseille,H,pinnacle,3.21,0.29652,3.3,tipico_de,13,3.0,3.0
2026-10-08T21:14:51+00:00,soccer_france_ligue_one,c7a60aa94470fe959fbf6b0c68060fc1,2026-10-18T13:00:00Z,Angers,Marseille,A,pinnacle,2.12,0.44898,2.28,onexbet,13,2.07,2.15
2026-10-08T21:14:51+00:00,soccer_france_ligue_one,c7a60aa94470fe959fbf6b0c68060fc1,2026-10-18T13:00:00Z,Angers,Marseille,Draw,pinnacle,3.74,0.2545,3.85,unibet_se,13,3.53,3.4
2026-10-08T21:14:51+00:00,soccer_france_ligue_one,53f5fe7ed0ba0fbf6345c73270e4cd00,2026-10-18T15:15:00Z,Lorient,AS Monaco,A,pinnacle,2.15,0.44264,2.17,onexbet,13,2.02,2.05
2026-10-08T21:14:51+00:00,soccer_france_ligue_one,53f5fe7ed0ba0fbf6345c73270e4cd00,2026-10-18T15:15:00Z,Lorient,AS Monaco,H,pinnacle,3.4,0.2799,3.75,unibet_se,13,3.22,3.4
2026-10-08T21:14:51+00:00,soccer_france_ligue_one,53f5fe7ed0ba0fbf6345c73270e4cd00,2026-10-18T15:15:00Z,Lorient,AS Monaco,Draw,pinnacle,3.43,0.27746,3.58,onexbet,13,3.42,3.3
2026-10-08T21:14:51+00:00,soccer_france_ligue_one,d637845b9760bb02b55bbbaa32b5c21e,2026-10-18T15:15:00Z,Le Havre,Auxerre,A,pinnacle,2.9,0.32826,3.0,unibet_se,13,2.77,2.8
2026-10-08T21:14:51+00:00,soccer_france_ligue_one,d637845b9760bb02b55bbbaa32b5c21e,2026-10-18T15:15:00Z,Le Havre,Auxerre,H,pinnacle,2.43,0.39175,2.52,onexbet,13,2.28,2.4
2026-10-08T21:14:51+00:00,soccer_france_ligue_one,d637845b9760bb02b55bbbaa32b5c21e,2026-10-18T15:15:00Z,Le Havre,Auxerre,Draw,pinnacle,3.4,0.27999,3.51,onexbet,13,3.32,3.25
2026-10-08T21:14:51+00:00,soccer_france_ligue_one,27f7222d2abde93fc6e8d17b5b05b272,2026-10-18T15:15:00Z,Paris FC,Rennes,H,pinnacle,2.35,0.40581,2.37,onexbet,13,2.15,2.25
2026-10-08T21:14:51+00:00,soccer_france_ligue_one,27f7222d2abde93fc6e8d17b5b05b272,2026-10-18T15:15:00Z,Paris FC,Rennes,A,pinnacle,3.19,0.29895,3.29,onexbet,13,2.95,2.88
2026-10-08T21:14:51+00:00,soccer_france_ligue_one,27f7222d2abde93fc6e8d17b5b05b272,2026-10-18T15:15:00Z,Paris FC,Rennes,Draw,pinnacle,3.23,0.29525,3.6,unibet_se,13,3.42,3.5
2026-10-08T21:14:51+00:00,soccer_france_ligue_one,471f891b1f6516a864ad94c8eb649f5e,2026-10-18T18:45:00Z,Lyon,Nice,H,pinnacle,1.64,0.5773,1.71,onexbet,13,1.6,1.65
2026-10-08T21:14:51+00:00,soccer_france_ligue_one,471f891b1f6516a864ad94c8eb649f5e,2026-10-18T18:45:00Z,Lyon,Nice,A,pinnacle,4.88,0.19401,5.24,onexbet,13,4.55,4.8
2026-10-08T21:14:51+00:00,soccer_france_ligue_one,471f891b1f6516a864ad94c8eb649f5e,2026-10-18T18:45:00Z,Lyon,Nice,Draw,pinnacle,4.14,0.22869,4.2,tipico_de,13,3.9,3.8
2026-10-09T16:05:23+00:00,soccer_portugal_primeira_liga,0956c06cd173899e11422bece0fbf94f,2026-10-09T17:45:00Z,Moreirense FC,Gil Vicente,A,pinnacle,2.36,0.4099,2.44,matchbook,16,2.17,2.25
2026-10-09T16:05:23+00:00,soccer_portugal_primeira_liga,0956c06cd173899e11422bece0fbf94f,2026-10-09T17:45:00Z,Moreirense FC,Gil Vicente,H,pinnacle,3.43,0.28203,3.55,matchbook,16,3.2,3.25
2026-10-09T16:05:23+00:00,soccer_portugal_primeira_liga,0956c06cd173899e11422bece0fbf94f,2026-10-09T17:45:00Z,Moreirense FC,Gil Vicente,Draw,pinnacle,3.14,0.30808,3.2,matchbook,16,3.07,3.0
2026-10-09T16:05:23+00:00,soccer_portugal_primeira_liga,b4d52d1abd5efcd669a093139239c7b0,2026-10-09T19:15:00Z,Braga,Sporting Lisbon,H,pinnacle,3.21,0.30135,3.35,matchbook,15,2.93,2.9
2026-10-09T16:05:23+00:00,soccer_portugal_primeira_liga,b4d52d1abd5efcd669a093139239c7b0,2026-10-09T19:15:00Z,Braga,Sporting Lisbon,A,pinnacle,2.37,0.40816,2.44,matchbook,15,2.25,2.3
2026-10-09T16:05:23+00:00,soccer_portugal_primeira_liga,b4d52d1abd5efcd669a093139239c7b0,2026-10-09T19:15:00Z,Braga,Sporting Lisbon,Draw,pinnacle,3.33,0.29049,3.35,matchbook,15,3.18,3.1
2026-10-09T16:05:23+00:00,soccer_portugal_primeira_liga,710dd3ffd365c610f1969a86cd70e074,2026-10-10T14:30:00Z,Casa Pia,Santa Clara,H,pinnacle,4.68,0.20498,4.9,matchbook,16,4.25,4.2
2026-10-09T16:05:23+00:00,soccer_portugal_primeira_liga,710dd3ffd365c610f1969a86cd70e074,2026-10-10T14:30:00Z,Casa Pia,Santa Clara,A,pinnacle,1.85,0.51855,1.91,matchbook,16,1.8,1.85
2026-10-09T16:05:23+00:00,soccer_portugal_primeira_liga,710dd3ffd365c610f1969a86cd70e074,2026-10-10T14:30:00Z,Casa Pia,Santa Clara,Draw,pinnacle,3.47,0.27646,3.45,matchbook,16,3.23,3.2
2026-10-09T16:05:23+00:00,soccer_portugal_primeira_liga,d9bfec13c112810701ee7e60f02bffa5,2026-10-10T17:00:00Z,CS Maritimo,FC Porto,H,pinnacle,9.41,0.10058,11.0,matchbook,15,8.75,9.0
2026-10-09T16:05:23+00:00,soccer_portugal_primeira_liga,d9bfec13c112810701ee7e60f02bffa5,2026-10-10T17:00:00Z,CS Maritimo,FC Porto,A,pinnacle,1.32,0.71705,1.36,gtbets,15,1.29,1.3
2026-10-09T16:05:23+00:00,soccer_portugal_primeira_liga,d9bfec13c112810701ee7e60f02bffa5,2026-10-10T17:00:00Z,CS Maritimo,FC Porto,Draw,pinnacle,5.19,0.18237,5.4,matchbook,15,4.75,5.0
2026-10-09T16:05:23+00:00,soccer_portugal_primeira_liga,2444214363711d31867a9df8c712ec8d,2026-10-10T19:30:00Z,Académico de Viseu,Estoril,H,pinnacle,2.3,0.41397,2.34,matchbook,16,2.13,2.25
2026-10-09T16:05:23+00:00,soccer_portugal_primeira_liga,2444214363711d31867a9df8c712ec8d,2026-10-10T19:30:00Z,Académico de Viseu,Estoril,A,pinnacle,3.12,0.30517,3.3,matchbook,16,3.0,2.9
2026-10-09T16:05:23+00:00,soccer_portugal_primeira_liga,2444214363711d31867a9df8c712ec8d,2026-10-10T19:30:00Z,Académico de Viseu,Estoril,Draw,pinnacle,3.39,0.28086,3.6,matchbook,16,3.33,3.3
2026-10-09T16:05:23+00:00,soccer_portugal_primeira_liga,5ecd75456d38ef4c394e502ecdd8937c,2026-10-11T14:30:00Z,Rio Ave FC,Nacional,A,pinnacle,3.27,0.2914,3.3,tipico_de,15,3.05,3.1
2026-10-09T16:05:23+00:00,soccer_portugal_primeira_liga,5ecd75456d38ef4c394e502ecdd8937c,2026-10-11T14:30:00Z,Rio Ave FC,Nacional,H,pinnacle,2.33,0.40896,2.38,matchbook,15,2.18,2.25
2026-10-09T16:05:23+00:00,soccer_portugal_primeira_liga,5ecd75456d38ef4c394e502ecdd8937c,2026-10-11T14:30:00Z,Rio Ave FC,Nacional,Draw,pinnacle,3.18,0.29964,3.28,gtbets,15,3.18,3.2
2026-10-09T16:05:23+00:00,soccer_portugal_primeira_liga,5696ee371ba00ede3dc8a64d24ce79f1,2026-10-11T17:00:00Z,Benfica,Vitória SC,H,pinnacle,1.2,0.78292,1.24,matchbook,16,1.16,1.2
2026-10-09T16:05:23+00:00,soccer_portugal_primeira_liga,5696ee371ba00ede3dc8a64d24ce79f1,2026-10-11T17:00:00Z,Benfica,Vitória SC,A,pinnacle,11.61,0.08092,16.5,matchbook,16,10.75,11.0
2026-10-09T16:05:23+00:00,soccer_portugal_primeira_liga,5696ee371ba00ede3dc8a64d24ce79f1,2026-10-11T17:00:00Z,Benfica,Vitória SC,Draw,pinnacle,6.9,0.13616,7.4,matchbook,16,6.0,6.0
2026-10-09T16:05:23+00:00,soccer_portugal_primeira_liga,2aa9808e7e84598f45ccf338a9b8912a,2026-10-11T19:30:00Z,Arouca,CF Estrela,H,pinnacle,2.08,0.45726,2.18,gtbets,16,1.96,2.1
2026-10-09T16:05:23+00:00,soccer_portugal_primeira_liga,2aa9808e7e84598f45ccf338a9b8912a,2026-10-11T19:30:00Z,Arouca,CF Estrela,A,pinnacle,3.48,0.27331,3.5,tipico_de,16,3.28,3.25
2026-10-09T16:05:23+00:00,soccer_portugal_primeira_liga,2aa9808e7e84598f45ccf338a9b8912a,2026-10-11T19:30:00Z,Arouca,CF Estrela,Draw,pinnacle,3.53,0.26943,3.6,coolbet,16,3.28,3.3
2026-10-09T16:05:23+00:00,soccer_portugal_primeira_liga,789c3dd95a7fcef675ce5a40b07371a2,2026-10-12T19:15:00Z,Famalicão,Alverca,A,pinnacle,4.59,0.20694,4.53,gtbets,15,4.2,4.0
2026-10-09T16:05:23+00:00,soccer_portugal_primeira_liga,789c3dd95a7fcef675ce5a40b07371a2,2026-10-12T19:15:00Z,Famalicão,Alverca,H,pinnacle,1.88,0.50523,1.88,betonlineag,15,1.74,1.85
2026-10-09T16:05:23+00:00,soccer_portugal_primeira_liga,789c3dd95a7fcef675ce5a40b07371a2,2026-10-12T19:15:00Z,Famalicão,Alverca,Draw,pinnacle,3.3,0.28783,3.5,tipico_de,15,3.25,3.4
2026-10-09T16:05:23+00:00,soccer_epl,b870dcfba5e5920d3f1551a3aa1ea435,2026-10-10T11:30:00Z,Arsenal,Leeds United,H,pinnacle,1.38,0.69753,1.49,onexbet,21,1.36,1.4
2026-10-09T16:05:23+00:00,soccer_epl,b870dcfba5e5920d3f1551a3aa1ea435,2026-10-10T11:30:00Z,Arsenal,Leeds United,A,pinnacle,8.41,0.11446,9.0,unibet_se,21,7.5,7.0
2026-10-09T16:05:23+00:00,soccer_epl,b870dcfba5e5920d3f1551a3aa1ea435,2026-10-10T11:30:00Z,Arsenal,Leeds United,Draw,pinnacle,5.12,0.18801,5.25,betonlineag,21,4.75,4.6
2026-10-09T16:05:23+00:00,soccer_epl,02e6c0ccb11bb7ce78989ce49d67110b,2026-10-10T14:00:00Z,Aston Villa,Brentford,H,pinnacle,2.68,0.36111,2.81,onexbet,21,2.62,2.62
2026-10-09T16:05:23+00:00,soccer_epl,02e6c0ccb11bb7ce78989ce49d67110b,2026-10-10T14:00:00Z,Aston Villa,Brentford,A,pinnacle,2.61,0.3708,2.66,matchbook,21,2.42,2.5
2026-10-09T16:05:23+00:00,soccer_epl,02e6c0ccb11bb7ce78989ce49d67110b,2026-10-10T14:00:00Z,Aston Villa,Brentford,Draw,pinnacle,3.61,0.26809,3.75,unibet_se,21,3.5,3.3
2026-10-09T16:05:23+00:00,soccer_epl,45d4a466e32cd2b4ea535207923ceaf5,2026-10-10T14:00:00Z,Chelsea,Bournemouth,A,pinnacle,4.72,0.20418,4.83,onexbet,21,4.3,4.5
2026-10-09T16:05:23+00:00,soccer_epl,45d4a466e32cd2b4ea535207923ceaf5,2026-10-10T14:00:00Z,Chelsea,Bournemouth,H,pinnacle,1.71,0.56359,1.75,matchbook,21,1.64,1.67
2026-10-09T16:05:23+00:00,soccer_epl,45d4a466e32cd2b4ea535207923ceaf5,2026-10-10T14:00:00Z,Chelsea,Bournemouth,Draw,pinnacle,4.15,0.23223,4.4,matchbook,21,4.15,4.0
2026-10-09T16:05:23+00:00,soccer_epl,380b8f24ec5430fb545a7490c1017285,2026-10-10T14:00:00Z,Sunderland,Brighton and Hove Albion,A,pinnacle,2.36,0.41049,2.42,matchbook,21,2.23,2.25
2026-10-09T16:05:23+00:00,soccer_epl,380b8f24ec5430fb545a7490c1017285,2026-10-10T14:00:00Z,Sunderland,Brighton and Hove Albion,H,pinnacle,3.09,0.31351,3.16,onexbet,21,2.93,3.0
2026-10-09T16:05:23+00:00,soccer_epl,380b8f24ec5430fb545a7490c1017285,2026-10-10T14:00:00Z,Sunderland,Brighton and Hove Albion,Draw,pinnacle,3.51,0.276,3.7,unibet_se,21,3.45,3.3
2026-10-09T16:05:23+00:00,soccer_epl,288b4ff00c79daa712c911c564fe1be7,2026-10-10T14:00:00Z,Ipswich Town,Fulham,A,pinnacle,2.57,0.3764,2.64,matchbook,21,2.38,2.5
2026-10-09T16:05:23+00:00,soccer_epl,288b4ff00c79daa712c911c564fe1be7,2026-10-10T14:00:00Z,Ipswich Town,Fulham,H,pinnacle,2.72,0.35564,2.86,matchbook,21,2.68,2.62
2026-10-09T16:05:23+00:00,soccer_epl,288b4ff00c79daa712c911c564fe1be7,2026-10-10T14:00:00Z,Ipswich Town,Fulham,Draw,pinnacle,3.61,0.26796,3.65,matchbook,21,3.47,3.4
2026-10-09T16:05:23+00:00,soccer_epl,22c9b2c43cbe1334381269550dab78e6,2026-10-10T16:30:00Z,Manchester United,Tottenham Hotspur,H,pinnacle,1.71,0.56316,1.78,matchbook,21,1.66,1.7
2026-10-09T16:05:23+00:00,soccer_epl,22c9b2c43cbe1334381269550dab78e6,2026-10-10T16:30:00Z,Manchester United,Tottenham Hotspur,A,pinnacle,4.48,0.21495,4.8,unibet_se,21,4.3,4.33
2026-10-09T16:05:23+00:00,soccer_epl,22c9b2c43cbe1334381269550dab78e6,2026-10-10T16:30:00Z,Manchester United,Tottenham Hotspur,Draw,pinnacle,4.34,0.22189,4.38,betonlineag,21,4.1,3.9
2026-10-09T16:05:23+00:00,soccer_epl,86effab5c6e7bfd58c8e88b1fb7c6ba9,2026-10-11T13:00:00Z,Crystal Palace,Nottingham Forest,H,pinnacle,2.77,0.34963,2.9,matchbook,21,2.57,2.62
2026-10-09T16:05:23+00:00,soccer_epl,86effab5c6e7bfd58c8e88b1fb7c6ba9,2026-10-11T13:00:00Z,Crystal Palace,Nottingham Forest,A,pinnacle,2.62,0.36965,2.7,onexbet,21,2.58,2.62
2026-10-09T16:05:23+00:00,soccer_epl,86effab5c6e7bfd58c8e88b1fb7c6ba9,2026-10-11T13:00:00Z,Crystal Palace,Nottingham Forest,Draw,pinnacle,3.45,0.28072,3.5,coolbet,21,3.3,3.1
2026-10-09T16:05:23+00:00,soccer_epl,0bdae4d304810578e47386606bff7106,2026-10-11T13:00:00Z,Hull City,Everton,A,pinnacle,2.07,0.4676,2.12,matchbook,21,2.0,2.05
2026-10-09T16:05:23+00:00,soccer_epl,0bdae4d304810578e47386606bff7106,2026-10-11T13:00:00Z,Hull City,Everton,H,pinnacle,3.76,0.25743,3.95,unibet_se,21,3.55,3.5
2026-10-09T16:05:23+00:00,soccer_epl,0bdae4d304810578e47386606bff7106,2026-10-11T13:00:00Z,Hull City,Everton,Draw,pinnacle,3.52,0.27498,3.62,onexbet,21,3.35,3.3
2026-10-09T16:05:23+00:00,soccer_epl,6dbab232dd8d2aed0cb1d6f7978fb7b1,2026-10-11T15:30:00Z,Liverpool,Manchester City,H,pinnacle,2.95,0.32816,3.05,matchbook,21,2.9,2.9
2026-10-09T16:05:23+00:00,soccer_epl,6dbab232dd8d2aed0cb1d6f7978fb7b1,2026-10-11T15:30:00Z,Liverpool,Manchester City,A,pinnacle,2.31,0.41908,2.38,unibet_se,21,2.17,2.2
2026-10-09T16:05:23+00:00,soccer_epl,6dbab232dd8d2aed0cb1d6f7978fb7b1,2026-10-11T15:30:00Z,Liverpool,Manchester City,Draw,pinnacle,3.83,0.25276,3.9,matchbook,21,3.65,3.5
2026-10-09T16:05:23+00:00,soccer_epl,acd5bd945dd953ad1e300df5bfe696f9,2026-10-12T19:00:00Z,Coventry City,Newcastle United,H,pinnacle,3.41,0.28365,3.6,coolbet,21,3.18,3.3
2026-10-09T16:05:23+00:00,soccer_epl,acd5bd945dd953ad1e300df5bfe696f9,2026-10-12T19:00:00Z,Coventry City,Newcastle United,A,pinnacle,2.15,0.44989,2.24,matchbook,21,2.03,2.05
2026-10-09T16:05:23+00:00,soccer_epl,acd5bd945dd953ad1e300df5bfe696f9,2026-10-12T19:00:00Z,Coventry City,Newcastle United,Draw,pinnacle,3.63,0.26646,3.8,unibet_se,21,3.53,3.4
2026-10-09T16:05:23+00:00,soccer_epl,764e6513cb3f348881503df70ccb90e0,2026-10-17T11:30:00Z,Everton,Chelsea,A,pinnacle,2.38,0.40004,2.45,onexbet,14,2.2,2.3
2026-10-09T16:05:23+00:00,soccer_epl,764e6513cb3f348881503df70ccb90e0,2026-10-17T11:30:00Z,Everton,Chelsea,H,pinnacle,2.73,0.34875,2.95,unibet_se,14,2.82,2.7
2026-10-09T16:05:23+00:00,soccer_epl,764e6513cb3f348881503df70ccb90e0,2026-10-17T11:30:00Z,Everton,Chelsea,Draw,pinnacle,3.79,0.25121,3.86,onexbet,14,3.55,3.5
2026-10-09T16:05:23+00:00,soccer_epl,8f1945e7272bc7e89016439f5ab321c7,2026-10-17T14:00:00Z,Brentford,Liverpool,H,pinnacle,2.77,0.34346,2.88,onexbet,14,2.72,2.75
2026-10-09T16:05:23+00:00,soccer_epl,8f1945e7272bc7e89016439f5ab321c7,2026-10-17T14:00:00Z,Brentford,Liverpool,A,pinnacle,2.43,0.39152,2.5,unibet_se,14,2.25,2.3
2026-10-09T16:05:23+00:00,soccer_epl,8f1945e7272bc7e89016439f5ab321c7,2026-10-17T14:00:00Z,Brentford,Liverpool,Draw,pinnacle,3.59,0.26501,3.8,unibet_se,14,3.63,3.5
2026-10-09T16:05:23+00:00,soccer_epl,7895f97f2f9577f3b13287a3d086859d,2026-10-17T14:00:00Z,Fulham,Hull City,H,pinnacle,1.67,0.56759,1.73,onexbet,14,1.62,1.65
2026-10-09T16:05:23+00:00,soccer_epl,7895f97f2f9577f3b13287a3d086859d,2026-10-17T14:00:00Z,Fulham,Hull City,A,pinnacle,4.85,0.19544,5.18,onexbet,14,4.6,4.8
2026-10-09T16:05:23+00:00,soccer_epl,7895f97f2f9577f3b13287a3d086859d,2026-10-17T14:00:00Z,Fulham,Hull City,Draw,pinnacle,4.0,0.23697,4.11,onexbet,14,3.9,3.9
2026-10-09T16:05:23+00:00,soccer_epl,bf2142d1ca76ba2fc9e61afce80f86c0,2026-10-17T14:00:00Z,Manchester City,Ipswich Town,A,pinnacle,9.81,0.09597,12.5,unibet_se,14,9.75,10.0
2026-10-09T16:05:23+00:00,soccer_epl,bf2142d1ca76ba2fc9e61afce80f86c0,2026-10-17T14:00:00Z,Manchester City,Ipswich Town,H,pinnacle,1.23,0.76539,1.29,onexbet,14,1.19,1.22
2026-10-09T16:05:23+00:00,soccer_epl,bf2142d1ca76ba2fc9e61afce80f86c0,2026-10-17T14:00:00Z,Manchester City,Ipswich Town,Draw,pinnacle,6.79,0.13865,7.2,tipico_de,14,6.75,6.0
2026-10-09T16:05:23+00:00,soccer_epl,d1bbbdcd3d430e70091b518369b559cf,2026-10-17T16:30:00Z,Newcastle United,Aston Villa,A,pinnacle,3.22,0.29535,3.35,onexbet,14,3.18,3.1
2026-10-09T16:05:23+00:00,soccer_epl,d1bbbdcd3d430e70091b518369b559cf,2026-10-17T16:30:00Z,Newcastle United,Aston Villa,H,pinnacle,2.09,0.45504,2.17,onexbet,14,1.98,2.05
2026-10-09T16:05:23+00:00,soccer_epl,d1bbbdcd3d430e70091b518369b559cf,2026-10-17T16:30:00Z,Newcastle United,Aston Villa,Draw,pinnacle,3.81,0.24961,3.95,unibet_se,14,3.58,3.6
2026-10-09T16:05:23+00:00,soccer_epl,dfd5d6648be46426e418801584d46a68,2026-10-18T13:00:00Z,Bournemouth,Sunderland,H,pinnacle,2.01,0.47312,2.04,onexbet,14,1.94,1.95
2026-10-09T16:05:23+00:00,soccer_epl,dfd5d6648be46426e418801584d46a68,2026-10-18T13:00:00Z,Bournemouth,Sunderland,A,pinnacle,3.64,0.26125,3.85,onexbet,14,3.43,3.6
2026-10-09T16:05:23+00:00,soccer_epl,dfd5d6648be46426e418801584d46a68,2026-10-18T13:00:00Z,Bournemouth,Sunderland,Draw,pinnacle,3.58,0.26563,3.75,onexbet,14,3.42,3.4
2026-10-09T16:05:23+00:00,soccer_epl,9fc08b390a49c4434f7cf631a0bb88fb,2026-10-18T13:00:00Z,Brighton and Hove Albion,Crystal Palace,H,pinnacle,1.63,0.58094,1.67,onexbet,14,1.57,1.61
2026-10-09T16:05:23+00:00,soccer_epl,9fc08b390a49c4434f7cf631a0bb88fb,2026-10-18T13:00:00Z,Brighton and Hove Albion,Crystal Palace,A,pinnacle,4.75,0.19935,5.2,unibet_se,14,4.65,4.75
2026-10-09T16:05:23+00:00,soccer_epl,9fc08b390a49c4434f7cf631a0bb88fb,2026-10-18T13:00:00Z,Brighton and Hove Albion,Crystal Palace,Draw,pinnacle,4.31,0.21971,4.45,onexbet,14,4.05,4.0
2026-10-09T16:05:23+00:00,soccer_epl,676b3b0b609e9cf565da450786618d26,2026-10-18T13:00:00Z,Leeds United,Manchester United,H,pinnacle,2.83,0.33691,2.94,onexbet,14,2.77,2.75
2026-10-09T16:05:23+00:00,soccer_epl,676b3b0b609e9cf565da450786618d26,2026-10-18T13:00:00Z,Leeds United,Manchester United,A,pinnacle,2.36,0.404,2.44,onexbet,14,2.2,2.38
2026-10-09T16:05:23+00:00,soccer_epl,676b3b0b609e9cf565da450786618d26,2026-10-18T13:00:00Z,Leeds United,Manchester United,Draw,pinnacle,3.68,0.25909,3.8,winamax_de,14,3.5,3.4
2026-10-09T16:05:23+00:00,soccer_epl,f696a248965373d9071dc0662e5c58a8,2026-10-18T15:30:00Z,Nottingham Forest,Arsenal,A,pinnacle,1.61,0.58865,1.66,onexbet,14,1.55,1.61
2026-10-09T16:05:23+00:00,soccer_epl,f696a248965373d9071dc0662e5c58a8,2026-10-18T15:30:00Z,Nottingham Forest,Arsenal,H,pinnacle,6.0,0.15795,6.2,tipico_de,14,5.1,5.5
2026-10-09T16:05:23+00:00,soccer_epl,f696a248965373d9071dc0662e5c58a8,2026-10-18T15:30:00Z,Nottingham Forest,Arsenal,Draw,pinnacle,3.74,0.2534,4.1,unibet_se,14,3.83,3.7
2026-10-09T16:05:23+00:00,soccer_epl,9baaf4e48b041cfef04e70e42532502e,2026-10-19T19:00:00Z,Tottenham Hotspur,Coventry City,A,pinnacle,5.86,0.16165,6.5,unibet_se,14,5.6,5.75
2026-10-09T16:05:23+00:00,soccer_epl,9baaf4e48b041cfef04e70e42532502e,2026-10-19T19:00:00Z,Tottenham Hotspur,Coventry City,H,pinnacle,1.5,0.63152,1.54,onexbet,14,1.43,1.5
2026-10-09T16:05:23+00:00,soccer_epl,9baaf4e48b041cfef04e70e42532502e,2026-10-19T19:00:00Z,Tottenham Hotspur,Coventry City,Draw,pinnacle,4.58,0.20683,4.8,tipico_de,14,4.45,4.2
2026-10-09T16:05:23+00:00,soccer_spain_la_liga,4e4c6763037ffc0e1dfe92ed16287b6d,2026-10-09T19:00:00Z,Málaga,Espanyol,A,pinnacle,2.61,0.37271,2.68,matchbook,17,2.48,
2026-10-09T16:05:23+00:00,soccer_spain_la_liga,4e4c6763037ffc0e1dfe92ed16287b6d,2026-10-09T19:00:00Z,Málaga,Espanyol,H,pinnacle,3.0,0.32425,3.0,unibet_se,17,2.82,
2026-10-09T16:05:23+00:00,soccer_spain_la_liga,4e4c6763037ffc0e1dfe92ed16287b6d,2026-10-09T19:00:00Z,Málaga,Espanyol,Draw,pinnacle,3.21,0.30304,3.35,matchbook,17,3.2,
2026-10-09T16:05:23+00:00,soccer_spain_la_liga,349c47668fdd909039a9408c14cad8bc,2026-10-10T12:00:00Z,Rayo Vallecano,Athletic Bilbao,A,pinnacle,2.66,0.36383,2.74,matchbook,17,2.48,
2026-10-09T16:05:23+00:00,soccer_spain_la_liga,349c47668fdd909039a9408c14cad8bc,2026-10-10T12:00:00Z,Rayo Vallecano,Athletic Bilbao,H,pinnacle,2.78,0.34813,2.88,onexbet,17,2.67,
2026-10-09T16:05:23+00:00,soccer_spain_la_liga,349c47668fdd909039a9408c14cad8bc,2026-10-10T12:00:00Z,Rayo Vallecano,Athletic Bilbao,Draw,pinnacle,3.36,0.28804,3.5,matchbook,17,3.32,
2026-10-09T16:05:23+00:00,soccer_spain_la_liga,3869391e3dbdcaa74153b11df56a3fe5,2026-10-10T14:15:00Z,Alavés,Atlético Madrid,H,pinnacle,4.48,0.21578,4.7,matchbook,16,4.2,
2026-10-09T16:05:23+00:00,soccer_spain_la_liga,3869391e3dbdcaa74153b11df56a3fe5,2026-10-10T14:15:00Z,Alavés,Atlético Madrid,A,pinnacle,1.82,0.53115,1.87,coolbet,16,1.76,
2026-10-09T16:05:23+00:00,soccer_spain_la_liga,3869391e3dbdcaa74153b11df56a3fe5,2026-10-10T14:15:00Z,Alavés,Atlético Madrid,Draw,pinnacle,3.82,0.25306,3.95,matchbook,16,3.65,
2026-10-09T16:05:23+00:00,soccer_spain_la_liga,edb80d633a1906e5865ab70cc9b540ea,2026-10-10T16:30:00Z,Barcelona,Getafe,H,pinnacle,1.08,0.89341,1.11,matchbook,17,1.07,
2026-10-09T16:05:23+00:00,soccer_spain_la_liga,edb80d633a1906e5865ab70cc9b540ea,2026-10-10T16:30:00Z,Barcelona,Getafe,A,pinnacle,27.15,0.03554,32.0,onexbet,17,22.0,
2026-10-09T16:05:23+00:00,soccer_spain_la_liga,edb80d633a1906e5865ab70cc9b540ea,2026-10-10T16:30:00Z,Barcelona,Getafe,Draw,pinnacle,13.58,0.07105,15.0,unibet_nl,17,10.0,
2026-10-09T16:05:23+00:00,soccer_spain_la_liga,551f242223b1625f458d1a2ea212a0c3,2026-10-10T19:00:00Z,Real Madrid,Villarreal,H,pinnacle,1.36,0.70858,1.4,onexbet,17,1.33,
2026-10-09T16:05:23+00:00,soccer_spain_la_liga,551f242223b1625f458d1a2ea212a0c3,2026-10-10T19:00:00Z,Real Madrid,Villarreal,A,pinnacle,7.25,0.13292,8.0,matchbook,17,6.5,
2026-10-09T16:05:23+00:00,soccer_spain_la_liga,551f242223b1625f458d1a2ea212a0c3,2026-10-10T19:00:00Z,Real Madrid,Villarreal,Draw,pinnacle,6.08,0.1585,6.25,unibet_nl,17,5.75,
2026-10-09T16:05:23+00:00,soccer_spain_la_liga,7daf7edaf572eba3ac86196c663d67d3,2026-10-11T12:00:00Z,Elche CF,Celta Vigo,A,pinnacle,2.67,0.36293,2.75,coolbet,17,2.48,
2026-10-09T16:05:23+00:00,soccer_spain_la_liga,7daf7edaf572eba3ac86196c663d67d3,2026-10-11T12:00:00Z,Elche CF,Celta Vigo,H,pinnacle,2.8,0.34608,2.93,onexbet,17,2.73,
2026-10-09T16:05:23+00:00,soccer_spain_la_liga,7daf7edaf572eba3ac86196c663d67d3,2026-10-11T12:00:00Z,Elche CF,Celta Vigo,Draw,pinnacle,3.33,0.291,3.35,winamax_de,17,3.23,
2026-10-09T16:05:23+00:00,soccer_spain_la_liga,2997b68cc93f62d8a1dee9f06bedbefd,2026-10-11T14:15:00Z,Real Sociedad,Deportivo La Coruña,A,pinnacle,5.87,0.16422,6.0,matchbook,16,,
2026-10-09T16:05:23+00:00,soccer_spain_la_liga,2997b68cc93f62d8a1dee9f06bedbefd,2026-10-11T14:15:00Z,Real Sociedad,Deportivo La Coruña,H,pinnacle,1.59,0.60627,1.66,onexbet,16,,
2026-10-09T16:05:23+00:00,soccer_spain_la_liga,2997b68cc93f62d8a1dee9f06bedbefd,2026-10-11T14:15:00Z,Real Sociedad,Deportivo La Coruña,Draw,pinnacle,4.2,0.22952,4.22,betonlineag,16,,
2026-10-09T16:05:23+00:00,soccer_spain_la_liga,984691837d31fd0c59c088f377f55f75,2026-10-11T16:30:00Z,Real Betis,CA Osasuna,A,pinnacle,6.2,0.15574,6.6,matchbook,17,5.75,
2026-10-09T16:05:23+00:00,soccer_spain_la_liga,984691837d31fd0c59c088f377f55f75,2026-10-11T16:30:00Z,Real Betis,CA Osasuna,H,pinnacle,1.52,0.63526,1.6,onexbet,17,1.47,
2026-10-09T16:05:23+00:00,soccer_spain_la_liga,984691837d31fd0c59c088f377f55f75,2026-10-11T16:30:00Z,Real Betis,CA Osasuna,Draw,pinnacle,4.62,0.209,4.6,winamax_de,17,4.25,
2026-10-09T16:05:23+00:00,soccer_spain_la_liga,66a4f4201806b928c9007116727fdd61,2026-10-11T19:00:00Z,Real Racing Club de Santander,Valencia,H,pinnacle,2.38,0.40632,2.42,onexbet,17,2.22,
2026-10-09T16:05:23+00:00,soccer_spain_la_liga,66a4f4201806b928c9007116727fdd61,2026-10-11T19:00:00Z,Real Racing Club de Santander,Valencia,A,pinnacle,3.01,0.32128,3.1,unibet_se,17,2.88,
2026-10-09T16:05:23+00:00,soccer_spain_la_liga,66a4f4201806b928c9007116727fdd61,2026-10-11T19:00:00Z,Real Racing Club de Santander,Valencia,Draw,pinnacle,3.55,0.27241,3.71,onexbet,17,3.43,
2026-10-09T16:05:23+00:00,soccer_spain_la_liga,529fc26c7774d5b469932e275c668921,2026-10-12T19:00:00Z,Levante,Sevilla,H,pinnacle,2.78,0.34847,2.88,matchbook,17,2.7,
2026-10-09T16:05:23+00:00,soccer_spain_la_liga,529fc26c7774d5b469932e275c668921,2026-10-12T19:00:00Z,Levante,Sevilla,A,pinnacle,2.68,0.36148,2.75,unibet_se,17,2.45,
2026-10-09T16:05:23+00:00,soccer_spain_la_liga,529fc26c7774d5b469932e275c668921,2026-10-12T19:00:00Z,Levante,Sevilla,Draw,pinnacle,3.34,0.29005,3.43,onexbet,17,3.22,
2026-10-09T16:05:23+00:00,soccer_spain_la_liga,19ee731602634e5c9e3106630e087464,2026-10-16T19:00:00Z,Deportivo La Coruña,Levante,H,pinnacle,2.08,0.45761,2.17,onexbet,11,,
2026-10-09T16:05:23+00:00,soccer_spain_la_liga,19ee731602634e5c9e3106630e087464,2026-10-16T19:00:00Z,Deportivo La Coruña,Levante,A,pinnacle,3.54,0.26888,3.6,unibet_se,11,,
2026-10-09T16:05:23+00:00,soccer_spain_la_liga,19ee731602634e5c9e3106630e087464,2026-10-16T19:00:00Z,Deportivo La Coruña,Levante,Draw,pinnacle,3.48,0.27351,3.62,onexbet,11,,
2026-10-09T16:05:23+00:00,soccer_spain_la_liga,6436925dd15916d7041ba32b60000d48,2026-10-17T12:00:00Z,Espanyol,Atlético Madrid,A,pinnacle,1.82,0.52195,1.91,onexbet,11,1.73,
2026-10-09T16:05:23+00:00,soccer_spain_la_liga,6436925dd15916d7041ba32b60000d48,2026-10-17T12:00:00Z,Espanyol,Atlético Madrid,H,pinnacle,4.24,0.22405,4.32,onexbet,11,4.2,
2026-10-09T16:05:23+00:00,soccer_spain_la_liga,6436925dd15916d7041ba32b60000d48,2026-10-17T12:00:00Z,Espanyol,Atlético Madrid,Draw,pinnacle,3.74,0.254,3.84,onexbet,11,3.65,
2026-10-09T16:05:23+00:00,soccer_spain_la_liga,aef660734585649651415961a9d177c6,2026-10-17T14:15:00Z,Villarreal,Elche CF,A,pinnacle,6.04,0.15662,6.73,onexbet,12,5.6,
2026-10-09T16:05:23+00:00,soccer_spain_la_liga,aef660734585649651415961a9d177c6,2026-10-17T14:15:00Z,Villarreal,Elche CF,H,pinnacle,1.46,0.64793,1.51,onexbet,12,1.43,
2026-10-09T16:05:23+00:00,soccer_spain_la_liga,aef660734585649651415961a9d177c6,2026-10-17T14:15:00Z,Villarreal,Elche CF,Draw,pinnacle,4.84,0.19545,5.0,unibet_se,12,4.65,
2026-10-09T16:05:23+00:00,soccer_spain_la_liga,846e496fc232b2fc20214754836727d0,2026-10-17T16:30:00Z,Real Betis,Barcelona,A,betfair_ex_eu,1.46,0.67078,1.49,onexbet,12,1.38,
2026-10-09T16:05:23+00:00,soccer_spain_la_liga,846e496fc232b2fc20214754836727d0,2026-10-17T16:30:00Z,Real Betis,Barcelona,H,betfair_ex_eu,6.0,0.16322,6.21,onexbet,12,5.5,
2026-10-09T16:05:23+00:00,soccer_spain_la_liga,846e496fc232b2fc20214754836727d0,2026-10-17T16:30:00Z,Real Betis,Barcelona,Draw,betfair_ex_eu,5.9,0.16599,5.8,winamax_de,12,5.25,
2026-10-09T16:05:23+00:00,soccer_spain_la_liga,f00cd1ea41fa39149729d14ebc07aa6c,2026-10-17T19:00:00Z,Valencia,Athletic Bilbao,A,pinnacle,2.04,0.46666,2.18,onexbet,12,2.0,
2026-10-09T16:05:23+00:00,soccer_spain_la_liga,f00cd1ea41fa39149729d14ebc07aa6c,2026-10-17T19:00:00Z,Valencia,Athletic Bilbao,H,pinnacle,3.71,0.2566,3.62,onexbet,12,3.35,
2026-10-09T16:05:23+00:00,soccer_spain_la_liga,f00cd1ea41fa39149729d14ebc07aa6c,2026-10-17T19:00:00Z,Valencia,Athletic Bilbao,Draw,pinnacle,3.44,0.27674,3.58,onexbet,12,3.3,
2026-10-09T16:05:23+00:00,soccer_spain_la_liga,1f566f17c50fe5162724ec2863d2207b,2026-10-18T12:00:00Z,CA Osasuna,Real Racing Club de Santander,H,pinnacle,1.91,0.49748,1.95,onexbet,12,1.82,
2026-10-09T16:05:23+00:00,soccer_spain_la_liga,1f566f17c50fe5162724ec2863d2207b,2026-10-18T12:00:00Z,CA Osasuna,Real Racing Club de Santander,A,pinnacle,4.26,0.22305,4.32,onexbet,12,3.75,
2026-10-09T16:05:23+00:00,soccer_spain_la_liga,1f566f17c50fe5162724ec2863d2207b,2026-10-18T12:00:00Z,CA Osasuna,Real Racing Club de Santander,Draw,pinnacle,3.4,0.27947,3.68,onexbet,12,3.5,
2026-10-09T16:05:23+00:00,soccer_spain_la_liga,aabe899ecc4c19a1fafe5440151b62e4,2026-10-18T14:15:00Z,Celta Vigo,Alavés,A,pinnacle,3.87,0.24551,3.95,unibet_se,12,3.58,
2026-10-09T16:05:23+00:00,soccer_spain_la_liga,aabe899ecc4c19a1fafe5440151b62e4,2026-10-18T14:15:00Z,Celta Vigo,Alavés,H,pinnacle,2.0,0.47505,2.08,onexbet,12,1.95,
2026-10-09T16:05:23+00:00,soccer_spain_la_liga,aabe899ecc4c19a1fafe5440151b62e4,2026-10-18T14:15:00Z,Celta Vigo,Alavés,Draw,pinnacle,3.4,0.27944,3.58,onexbet,12,3.25,
2026-10-09T16:05:23+00:00,soccer_spain_la_liga,1051298b4aca6f07113309bff598a5c1,2026-10-18T16:30:00Z,Málaga,Real Sociedad,H,pinnacle,3.24,0.29402,3.3,unibet_se,12,3.0,
2026-10-09T16:05:23+00:00,soccer_spain_la_liga,1051298b4aca6f07113309bff598a5c1,2026-10-18T16:30:00Z,Málaga,Real Sociedad,A,pinnacle,2.2,0.43302,2.29,onexbet,12,2.12,
2026-10-09T16:05:23+00:00,soccer_spain_la_liga,1051298b4aca6f07113309bff598a5c1,2026-10-18T16:30:00Z,Málaga,Real Sociedad,Draw,pinnacle,3.49,0.27296,3.63,onexbet,12,3.4,
2026-10-09T16:05:23+00:00,soccer_spain_la_liga,eccd63bf768e2f2a358b871d3f33a63d,2026-10-18T19:00:00Z,Real Madrid,Sevilla,H,betfair_ex_eu,1.26,0.77847,1.3,onexbet,12,1.21,
2026-10-09T16:05:23+00:00,soccer_spain_la_liga,eccd63bf768e2f2a358b871d3f33a63d,2026-10-18T19:00:00Z,Real Madrid,Sevilla,A,betfair_ex_eu,11.5,0.08529,11.5,unibet_se,12,9.0,
2026-10-09T16:05:23+00:00,soccer_spain_la_liga,eccd63bf768e2f2a358b871d3f33a63d,2026-10-18T19:00:00Z,Real Madrid,Sevilla,Draw,betfair_ex_eu,7.2,0.13623,7.0,winamax_de,12,6.0,
2026-10-09T16:05:23+00:00,soccer_spain_la_liga,4a88bc4de574d43ef34677fd8d78722f,2026-10-19T19:00:00Z,Getafe,Rayo Vallecano,H,pinnacle,2.71,0.33503,2.97,onexbet,12,2.75,
2026-10-09T16:05:23+00:00,soccer_spain_la_liga,4a88bc4de574d43ef34677fd8d78722f,2026-10-19T19:00:00Z,Getafe,Rayo Vallecano,A,pinnacle,2.44,0.3721,2.8,unibet_se,12,2.48,
2026-10-09T16:05:23+00:00,soccer_spain_la_liga,4a88bc4de574d43ef34677fd8d78722f,2026-10-19T19:00:00Z,Getafe,Rayo Vallecano,Draw,pinnacle,3.1,0.29288,3.26,onexbet,12,3.0,
2026-10-09T16:05:23+00:00,soccer_italy_serie_a,2f8e871a0f7f66ae22938028645e1066,2026-10-10T13:00:00Z,Genoa,Fiorentina,A,pinnacle,2.34,0.41381,2.39,onexbet,20,2.23,2.25
2026-10-09T16:05:23+00:00,soccer_italy_serie_a,2f8e871a0f7f66ae22938028645e1066,2026-10-10T13:00:00Z,Genoa,Fiorentina,H,pinnacle,3.37,0.28733,3.45,matchbook,20,3.12,3.1
2026-10-09T16:05:23+00:00,soccer_italy_serie_a,2f8e871a0f7f66ae22938028645e1066,2026-10-10T13:00:00Z,Genoa,Fiorentina,Draw,pinnacle,3.24,0.29886,3.48,onexbet,20,3.22,3.2
2026-10-09T16:05:23+00:00,soccer_italy_serie_a,1a01b0611dacd334e1558a5097e05023,2026-10-10T16:00:00Z,Inter Milan,Parma,H,pinnacle,1.13,0.85228,1.17,onexbet,20,1.11,1.14
2026-10-09T16:05:23+00:00,soccer_italy_serie_a,1a01b0611dacd334e1558a5097e05023,2026-10-10T16:00:00Z,Inter Milan,Parma,A,pinnacle,18.39,0.05237,25.0,matchbook,20,16.75,15.0
2026-10-09T16:05:23+00:00,soccer_italy_serie_a,1a01b0611dacd334e1558a5097e05023,2026-10-10T16:00:00Z,Inter Milan,Parma,Draw,pinnacle,10.1,0.09535,10.09,betonlineag,20,8.25,8.5
2026-10-09T16:05:23+00:00,soccer_italy_serie_a,40c1bd70fee927f9bfa8901edab02b48,2026-10-10T18:45:00Z,Napoli,Frosinone,A,pinnacle,6.52,0.1476,7.2,matchbook,20,6.0,6.0
2026-10-09T16:05:23+00:00,soccer_italy_serie_a,40c1bd70fee927f9bfa8901edab02b48,2026-10-10T18:45:00Z,Napoli,Frosinone,H,pinnacle,1.45,0.6637,1.49,onexbet,20,1.42,1.44
2026-10-09T16:05:23+00:00,soccer_italy_serie_a,40c1bd70fee927f9bfa8901edab02b48,2026-10-10T18:45:00Z,Napoli,Frosinone,Draw,pinnacle,5.1,0.1887,5.2,tipico_de,20,4.85,4.5
2026-10-09T16:05:23+00:00,soccer_italy_serie_a,2547c0dbddd26d23fa532228e36348cb,2026-10-11T10:30:00Z,Como,AS Roma,A,pinnacle,2.65,0.36548,2.76,matchbook,20,2.55,2.5
2026-10-09T16:05:23+00:00,soccer_italy_serie_a,2547c0dbddd26d23fa532228e36348cb,2026-10-11T10:30:00Z,Como,AS Roma,H,pinnacle,2.65,0.36548,2.7,matchbook,20,2.5,2.5
2026-10-09T16:05:23+00:00,soccer_italy_serie_a,2547c0dbddd26d23fa532228e36348cb,2026-10-11T10:30:00Z,Como,AS Roma,Draw,pinnacle,3.6,0.26904,3.71,onexbet,20,3.48,3.4
2026-10-09T16:05:23+00:00,soccer_italy_serie_a,946716d7e5e52822f08be8cb95193d9d,2026-10-11T13:00:00Z,Lecce,Bologna,A,pinnacle,1.93,0.49979,1.98,onexbet,20,1.86,1.91
2026-10-09T16:05:23+00:00,soccer_italy_serie_a,946716d7e5e52822f08be8cb95193d9d,2026-10-11T13:00:00Z,Lecce,Bologna,H,pinnacle,4.7,0.20523,5.0,matchbook,20,4.2,3.9
2026-10-09T16:05:23+00:00,soccer_italy_serie_a,946716d7e5e52822f08be8cb95193d9d,2026-10-11T13:00:00Z,Lecce,Bologna,Draw,pinnacle,3.27,0.29498,3.5,unibet_se,20,3.3,3.25
2026-10-09T16:05:23+00:00,soccer_italy_serie_a,c0f72699f32ec193b64fd54092fe268d,2026-10-11T13:00:00Z,Lazio,Monza,H,pinnacle,1.61,0.59781,1.66,unibet_se,20,1.56,1.53
2026-10-09T16:05:23+00:00,soccer_italy_serie_a,c0f72699f32ec193b64fd54092fe268d,2026-10-11T13:00:00Z,Lazio,Monza,A,pinnacle,5.69,0.16915,6.2,matchbook,20,5.4,5.5
2026-10-09T16:05:23+00:00,soccer_italy_serie_a,c0f72699f32ec193b64fd54092fe268d,2026-10-11T13:00:00Z,Lazio,Monza,Draw,pinnacle,4.13,0.23304,4.3,matchbook,20,3.93,3.8
2026-10-09T16:05:23+00:00,soccer_italy_serie_a,1cf64166dda1e0da8b325161deb39662,2026-10-11T16:00:00Z,Sassuolo,AC Milan,A,pinnacle,1.84,0.52429,1.89,matchbook,20,1.76,1.8
2026-10-09T16:05:23+00:00,soccer_italy_serie_a,1cf64166dda1e0da8b325161deb39662,2026-10-11T16:00:00Z,Sassuolo,AC Milan,H,pinnacle,4.31,0.22383,4.5,matchbook,20,4.05,4.0
2026-10-09T16:05:23+00:00,soccer_italy_serie_a,1cf64166dda1e0da8b325161deb39662,2026-10-11T16:00:00Z,Sassuolo,AC Milan,Draw,pinnacle,3.83,0.25188,3.91,onexbet,20,3.63,3.6
2026-10-09T16:05:23+00:00,soccer_italy_serie_a,407f7d03157d1dfad384876e6a6bc910,2026-10-11T18:45:00Z,Cagliari,Juventus,H,pinnacle,6.43,0.14988,7.0,matchbook,20,5.9,6.0
2026-10-09T16:05:23+00:00,soccer_italy_serie_a,407f7d03157d1dfad384876e6a6bc910,2026-10-11T18:45:00Z,Cagliari,Juventus,A,pinnacle,1.59,0.60613,1.63,matchbook,20,1.51,1.53
2026-10-09T16:05:23+00:00,soccer_italy_serie_a,407f7d03157d1dfad384876e6a6bc910,2026-10-11T18:45:00Z,Cagliari,Juventus,Draw,pinnacle,3.95,0.24399,4.09,onexbet,20,3.85,3.8
2026-10-09T16:05:23+00:00,soccer_italy_serie_a,0f2e7ff90b994f31d5cd48a9680943e1,2026-10-12T16:30:00Z,Atalanta BC,Venezia,H,pinnacle,1.58,0.61087,1.66,onexbet,20,1.51,1.53
2026-10-09T16:05:23+00:00,soccer_italy_serie_a,0f2e7ff90b994f31d5cd48a9680943e1,2026-10-12T16:30:00Z,Atalanta BC,Venezia,A,pinnacle,6.1,0.15823,6.2,matchbook,20,5.25,5.0
2026-10-09T16:05:23+00:00,soccer_italy_serie_a,0f2e7ff90b994f31d5cd48a9680943e1,2026-10-12T16:30:00Z,Atalanta BC,Venezia,Draw,pinnacle,4.18,0.2309,4.4,matchbook,20,4.2,4.2
2026-10-09T16:05:23+00:00,soccer_italy_serie_a,f4a28510bb0c835280a2aca709c19d50,2026-10-12T18:45:00Z,Torino,Udinese,H,pinnacle,2.36,0.4103,2.44,matchbook,20,2.27,2.3
2026-10-09T16:05:23+00:00,soccer_italy_serie_a,f4a28510bb0c835280a2aca709c19d50,2026-10-12T18:45:00Z,Torino,Udinese,A,pinnacle,3.34,0.28991,3.4,matchbook,20,3.05,3.1
2026-10-09T16:05:23+00:00,soccer_italy_serie_a,f4a28510bb0c835280a2aca709c19d50,2026-10-12T18:45:00Z,Torino,Udinese,Draw,pinnacle,3.23,0.29979,3.35,unibet_se,20,3.1,3.1
2026-10-09T16:05:23+00:00,soccer_italy_serie_a,7d3160040958fe21778fd5ee485666c3,2026-10-16T18:45:00Z,Frosinone,Sassuolo,H,pinnacle,2.42,0.39338,2.55,unibet_se,13,2.32,2.4
2026-10-09T16:05:23+00:00,soccer_italy_serie_a,7d3160040958fe21778fd5ee485666c3,2026-10-16T18:45:00Z,Frosinone,Sassuolo,A,pinnacle,2.9,0.32827,2.96,onexbet,13,2.7,2.75
2026-10-09T16:05:23+00:00,soccer_italy_serie_a,7d3160040958fe21778fd5ee485666c3,2026-10-16T18:45:00Z,Frosinone,Sassuolo,Draw,pinnacle,3.42,0.27836,3.55,winamax_de,13,3.48,3.3
2026-10-09T16:05:23+00:00,soccer_italy_serie_a,907639dade64cca45d1ab639195d201e,2026-10-17T13:00:00Z,Venezia,Napoli,A,pinnacle,1.7,0.55695,1.76,unibet_se,13,1.65,1.7
2026-10-09T16:05:23+00:00,soccer_italy_serie_a,907639dade64cca45d1ab639195d201e,2026-10-17T13:00:00Z,Venezia,Napoli,H,pinnacle,4.44,0.21325,4.74,onexbet,13,4.45,4.33
2026-10-09T16:05:23+00:00,soccer_italy_serie_a,907639dade64cca45d1ab639195d201e,2026-10-17T13:00:00Z,Venezia,Napoli,Draw,pinnacle,4.12,0.22981,4.22,onexbet,13,3.83,3.8
2026-10-09T16:05:23+00:00,soccer_italy_serie_a,bfefc309177723410230fee52f650315,2026-10-17T16:00:00Z,Bologna,Inter Milan,H,pinnacle,5.45,0.17367,5.7,tipico_de,13,4.8,4.8
2026-10-09T16:05:23+00:00,soccer_italy_serie_a,bfefc309177723410230fee52f650315,2026-10-17T16:00:00Z,Bologna,Inter Milan,A,pinnacle,1.62,0.58426,1.69,onexbet,13,1.57,1.65
2026-10-09T16:05:23+00:00,soccer_italy_serie_a,bfefc309177723410230fee52f650315,2026-10-17T16:00:00Z,Bologna,Inter Milan,Draw,pinnacle,3.91,0.24207,4.2,unibet_se,13,3.93,3.75
2026-10-09T16:05:23+00:00,soccer_italy_serie_a,18d478f469da3bcc654dd4555b85c7e3,2026-10-17T18:45:00Z,AS Roma,Genoa,H,pinnacle,1.33,0.71264,1.36,onexbet,13,1.29,1.33
2026-10-09T16:05:23+00:00,soccer_italy_serie_a,18d478f469da3bcc654dd4555b85c7e3,2026-10-17T18:45:00Z,AS Roma,Genoa,A,pinnacle,8.5,0.11151,10.5,unibet_se,13,7.75,8.5
2026-10-09T16:05:23+00:00,soccer_italy_serie_a,18d478f469da3bcc654dd4555b85c7e3,2026-10-17T18:45:00Z,AS Roma,Genoa,Draw,pinnacle,5.39,0.17585,5.53,onexbet,13,5.0,4.8
2026-10-09T16:05:23+00:00,soccer_italy_serie_a,367da93aa21a1e13eeafb94fd2263c75,2026-10-18T10:30:00Z,Udinese,Lecce,A,pinnacle,4.2,0.22603,4.35,unibet_se,13,4.0,3.9
2026-10-09T16:05:23+00:00,soccer_italy_serie_a,367da93aa21a1e13eeafb94fd2263c75,2026-10-18T10:30:00Z,Udinese,Lecce,H,pinnacle,1.85,0.51316,1.95,onexbet,13,1.79,1.85
2026-10-09T16:05:23+00:00,soccer_italy_serie_a,367da93aa21a1e13eeafb94fd2263c75,2026-10-18T10:30:00Z,Udinese,Lecce,Draw,pinnacle,3.64,0.26081,3.71,onexbet,13,3.43,3.4
2026-10-09T16:05:23+00:00,soccer_italy_serie_a,3ea32a0aa44a5f0ef7fd088155430087,2026-10-18T13:00:00Z,Fiorentina,Como,A,pinnacle,2.07,0.45966,2.13,onexbet,13,2.0,2.05
2026-10-09T16:05:23+00:00,soccer_italy_serie_a,3ea32a0aa44a5f0ef7fd088155430087,2026-10-18T13:00:00Z,Fiorentina,Como,H,pinnacle,3.36,0.28318,3.65,unibet_se,13,3.2,3.3
2026-10-09T16:05:23+00:00,soccer_italy_serie_a,3ea32a0aa44a5f0ef7fd088155430087,2026-10-18T13:00:00Z,Fiorentina,Como,Draw,pinnacle,3.7,0.25716,3.81,onexbet,13,3.5,3.5
2026-10-09T16:05:23+00:00,soccer_italy_serie_a,f9403dd597edbfaa73abdc974e55344c,2026-10-18T16:00:00Z,AC Milan,Atalanta BC,H,pinnacle,1.85,0.51386,1.93,onexbet,13,1.81,1.85
2026-10-09T16:05:23+00:00,soccer_italy_serie_a,f9403dd597edbfaa73abdc974e55344c,2026-10-18T16:00:00Z,AC Milan,Atalanta BC,A,pinnacle,4.16,0.22852,4.3,unibet_se,13,3.78,3.9
2026-10-09T16:05:23+00:00,soccer_italy_serie_a,f9403dd597edbfaa73abdc974e55344c,2026-10-18T16:00:00Z,AC Milan,Atalanta BC,Draw,pinnacle,3.69,0.25762,3.86,onexbet,13,3.53,3.4
2026-10-09T16:05:23+00:00,soccer_italy_serie_a,4c4026e2782f09d6f0ff2bde2a390513,2026-10-18T18:45:00Z,Juventus,Lazio,H,pinnacle,1.64,0.57774,1.69,onexbet,13,1.58,1.61
2026-10-09T16:05:23+00:00,soccer_italy_serie_a,4c4026e2782f09d6f0ff2bde2a390513,2026-10-18T18:45:00Z,Juventus,Lazio,A,pinnacle,5.34,0.17743,5.71,onexbet,13,5.0,5.0
2026-10-09T16:05:23+00:00,soccer_italy_serie_a,4c4026e2782f09d6f0ff2bde2a390513,2026-10-18T18:45:00Z,Juventus,Lazio,Draw,pinnacle,3.87,0.24483,4.04,onexbet,13,3.73,3.8
2026-10-09T16:05:23+00:00,soccer_italy_serie_a,ce94aca384a20f6af459366da6e1dd21,2026-10-19T16:30:00Z,Monza,Cagliari,A,pinnacle,3.43,0.27754,3.65,unibet_se,13,3.22,3.3
2026-10-09T16:05:23+00:00,soccer_italy_serie_a,ce94aca384a20f6af459366da6e1dd21,2026-10-19T16:30:00Z,Monza,Cagliari,H,pinnacle,2.25,0.4231,2.32,onexbet,13,2.12,2.2
2026-10-09T16:05:23+00:00,soccer_italy_serie_a,ce94aca384a20f6af459366da6e1dd21,2026-10-19T16:30:00Z,Monza,Cagliari,Draw,pinnacle,3.18,0.29936,3.3,tipico_de,13,3.15,3.0
2026-10-09T16:05:23+00:00,soccer_italy_serie_a,07014d9adc65ca39710bd9f0c7c0d3f0,2026-10-19T18:45:00Z,Parma,Torino,H,pinnacle,3.18,0.29951,3.25,onexbet,13,2.92,3.0
2026-10-09T16:05:23+00:00,soccer_italy_serie_a,07014d9adc65ca39710bd9f0c7c0d3f0,2026-10-19T18:45:00Z,Parma,Torino,A,pinnacle,2.48,0.38405,2.54,onexbet,13,2.32,2.4
2026-10-09T16:05:23+00:00,soccer_italy_serie_a,07014d9adc65ca39710bd9f0c7c0d3f0,2026-10-19T18:45:00Z,Parma,Torino,Draw,pinnacle,3.01,0.31643,3.25,unibet_se,13,3.07,3.0
2026-10-09T16:05:23+00:00,soccer_germany_bundesliga,3fb63658405d468954f57745cd115118,2026-10-09T18:30:00Z,Borussia Dortmund,Werder Bremen,H,pinnacle,1.36,0.70962,1.38,onexbet,19,1.33,1.33
2026-10-09T16:05:23+00:00,soccer_germany_bundesliga,3fb63658405d468954f57745cd115118,2026-10-09T18:30:00Z,Borussia Dortmund,Werder Bremen,A,pinnacle,8.24,0.11712,9.0,matchbook,19,7.5,7.0
2026-10-09T16:05:23+00:00,soccer_germany_bundesliga,3fb63658405d468954f57745cd115118,2026-10-09T18:30:00Z,Borussia Dortmund,Werder Bremen,Draw,pinnacle,5.57,0.17326,5.9,matchbook,19,5.5,5.0
2026-10-09T16:05:23+00:00,soccer_germany_bundesliga,3b71160ad20dba786c4f92e33c987d80,2026-10-10T13:30:00Z,Augsburg,Bayern Munich,H,pinnacle,12.2,0.07857,15.0,onexbet,19,11.25,12.0
2026-10-09T16:05:23+00:00,soccer_germany_bundesliga,3b71160ad20dba786c4f92e33c987d80,2026-10-10T13:30:00Z,Augsburg,Bayern Munich,A,pinnacle,1.16,0.82634,1.2,unibet_se,19,1.15,1.17
2026-10-09T16:05:23+00:00,soccer_germany_bundesliga,3b71160ad20dba786c4f92e33c987d80,2026-10-10T13:30:00Z,Augsburg,Bayern Munich,Draw,pinnacle,10.08,0.09509,10.2,onexbet,19,8.5,8.5
2026-10-09T16:05:23+00:00,soccer_germany_bundesliga,418f8c26d46eaabd829f2e265673b855,2026-10-10T13:30:00Z,FSV Mainz 05,Bayer Leverkusen,A,pinnacle,2.19,0.44147,2.31,onexbet,19,2.17,2.2
2026-10-09T16:05:23+00:00,soccer_germany_bundesliga,418f8c26d46eaabd829f2e265673b855,2026-10-10T13:30:00Z,FSV Mainz 05,Bayer Leverkusen,H,pinnacle,3.04,0.31803,3.1,tipico_de,19,2.85,2.88
2026-10-09T16:05:23+00:00,soccer_germany_bundesliga,418f8c26d46eaabd829f2e265673b855,2026-10-10T13:30:00Z,FSV Mainz 05,Bayer Leverkusen,Draw,pinnacle,4.02,0.2405,4.1,unibet_se,19,3.73,3.6
2026-10-09T16:05:23+00:00,soccer_germany_bundesliga,2fd48be0a24ed906187067d4170bf010,2026-10-10T13:30:00Z,Union Berlin,Elversberg,A,pinnacle,2.87,0.33735,2.9,unibet_se,19,2.67,2.7
2026-10-09T16:05:23+00:00,soccer_germany_bundesliga,2fd48be0a24ed906187067d4170bf010,2026-10-10T13:30:00Z,Union Berlin,Elversberg,H,pinnacle,2.37,0.40852,2.48,matchbook,19,2.32,2.25
2026-10-09T16:05:23+00:00,soccer_germany_bundesliga,2fd48be0a24ed906187067d4170bf010,2026-10-10T13:30:00Z,Union Berlin,Elversberg,Draw,pinnacle,3.81,0.25412,3.9,unibet_se,19,3.65,3.6
2026-10-09T16:05:23+00:00,soccer_germany_bundesliga,f03c08c0ae5fd66c2d2df2053115bb94,2026-10-10T13:30:00Z,TSG Hoffenheim,Hamburger SV,A,pinnacle,7.18,0.1341,7.6,matchbook,19,6.1,6.5
2026-10-09T16:05:23+00:00,soccer_germany_bundesliga,f03c08c0ae5fd66c2d2df2053115bb94,2026-10-10T13:30:00Z,TSG Hoffenheim,Hamburger SV,H,pinnacle,1.43,0.67333,1.49,onexbet,19,1.4,1.4
2026-10-09T16:05:23+00:00,soccer_germany_bundesliga,f03c08c0ae5fd66c2d2df2053115bb94,2026-10-10T13:30:00Z,TSG Hoffenheim,Hamburger SV,Draw,pinnacle,5.0,0.19257,5.4,unibet_se,19,4.9,4.75
2026-10-09T16:05:23+00:00,soccer_germany_bundesliga,9aade3e736c3d113dab19e641c43e272,2026-10-10T13:30:00Z,SC Paderborn,VfB Stuttgart,H,pinnacle,5.1,0.18883,5.25,coolbet,19,4.65,4.6
2026-10-09T16:05:23+00:00,soccer_germany_bundesliga,9aade3e736c3d113dab19e641c43e272,2026-10-10T13:30:00Z,SC Paderborn,VfB Stuttgart,A,pinnacle,1.57,0.61341,1.64,matchbook,19,1.53,1.53
2026-10-09T16:05:23+00:00,soccer_germany_bundesliga,9aade3e736c3d113dab19e641c43e272,2026-10-10T13:30:00Z,SC Paderborn,VfB Stuttgart,Draw,pinnacle,4.87,0.19775,5.03,onexbet,19,4.7,4.5
2026-10-09T16:05:23+00:00,soccer_germany_bundesliga,01cb7a67c8ae71201ec27297455fc0e8,2026-10-10T16:30:00Z,RB Leipzig,Eintracht Frankfurt,A,pinnacle,4.78,0.20213,5.3,unibet_se,19,4.65,4.8
2026-10-09T16:05:23+00:00,soccer_germany_bundesliga,01cb7a67c8ae71201ec27297455fc0e8,2026-10-10T16:30:00Z,RB Leipzig,Eintracht Frankfurt,H,pinnacle,1.6,0.60386,1.63,matchbook,19,1.54,1.53
2026-10-09T16:05:23+00:00,soccer_germany_bundesliga,01cb7a67c8ae71201ec27297455fc0e8,2026-10-10T16:30:00Z,RB Leipzig,Eintracht Frankfurt,Draw,pinnacle,4.98,0.19401,5.1,matchbook,19,4.65,4.6
2026-10-09T16:05:23+00:00,soccer_germany_bundesliga,a8801462cb97a43570956e4b3ef4aedf,2026-10-11T13:30:00Z,1. FC Köln,Borussia Monchengladbach,H,pinnacle,2.13,0.45429,2.18,onexbet,19,2.03,2.0
2026-10-09T16:05:23+00:00,soccer_germany_bundesliga,a8801462cb97a43570956e4b3ef4aedf,2026-10-11T13:30:00Z,1. FC Köln,Borussia Monchengladbach,A,pinnacle,3.34,0.28971,3.45,matchbook,19,3.12,3.1
2026-10-09T16:05:23+00:00,soccer_germany_bundesliga,a8801462cb97a43570956e4b3ef4aedf,2026-10-11T13:30:00Z,1. FC Köln,Borussia Monchengladbach,Draw,pinnacle,3.78,0.25599,4.1,unibet_se,19,3.73,3.8
2026-10-09T16:05:23+00:00,soccer_germany_bundesliga,eaf509fb37413b7d055cd394667792b3,2026-10-11T15:30:00Z,SC Freiburg,FC Schalke 04,A,pinnacle,5.63,0.1712,6.0,matchbook,19,4.85,4.8
2026-10-09T16:05:23+00:00,soccer_germany_bundesliga,eaf509fb37413b7d055cd394667792b3,2026-10-11T15:30:00Z,SC Freiburg,FC Schalke 04,H,pinnacle,1.65,0.58416,1.71,onexbet,19,1.6,1.61
2026-10-09T16:05:23+00:00,soccer_germany_bundesliga,eaf509fb37413b7d055cd394667792b3,2026-10-11T15:30:00Z,SC Freiburg,FC Schalke 04,Draw,pinnacle,3.94,0.24464,4.2,unibet_se,19,3.98,3.8
2026-10-09T16:05:23+00:00,soccer_germany_bundesliga,947bd5d924835af090d9cdc7bbdf10f6,2026-10-16T18:30:00Z,Eintracht Frankfurt,1. FC Köln,A,pinnacle,3.56,0.26686,3.65,unibet_se,13,3.32,3.3
2026-10-09T16:05:23+00:00,soccer_germany_bundesliga,947bd5d924835af090d9cdc7bbdf10f6,2026-10-16T18:30:00Z,Eintracht Frankfurt,1. FC Köln,H,pinnacle,1.88,0.50532,2.0,onexbet,13,1.86,1.91
2026-10-09T16:05:23+00:00,soccer_germany_bundesliga,947bd5d924835af090d9cdc7bbdf10f6,2026-10-16T18:30:00Z,Eintracht Frankfurt,1. FC Köln,Draw,pinnacle,4.17,0.22782,4.3,onexbet,13,4.0,3.9
2026-10-09T16:05:23+00:00,soccer_germany_bundesliga,0bf757f3bd903496ce2fa27bd0481869,2026-10-17T13:30:00Z,Elversberg,Augsburg,A,pinnacle,2.66,0.35858,2.8,unibet_se,13,2.55,2.6
2026-10-09T16:05:23+00:00,soccer_germany_bundesliga,0bf757f3bd903496ce2fa27bd0481869,2026-10-17T13:30:00Z,Elversberg,Augsburg,H,pinnacle,2.5,0.38153,2.55,onexbet,13,2.33,2.4
2026-10-09T16:05:23+00:00,soccer_germany_bundesliga,0bf757f3bd903496ce2fa27bd0481869,2026-10-17T13:30:00Z,Elversberg,Augsburg,Draw,pinnacle,3.67,0.2599,4.0,unibet_se,13,3.75,3.6
2026-10-09T16:05:23+00:00,soccer_germany_bundesliga,d8eac776adb07b0e7f01d8736d097291,2026-10-17T13:30:00Z,Union Berlin,Borussia Dortmund,A,pinnacle,1.65,0.57336,1.73,onexbet,13,1.59,1.67
2026-10-09T16:05:23+00:00,soccer_germany_bundesliga,d8eac776adb07b0e7f01d8736d097291,2026-10-17T13:30:00Z,Union Berlin,Borussia Dortmund,H,pinnacle,4.59,0.20611,5.4,unibet_se,13,4.55,4.33
2026-10-09T16:05:23+00:00,soccer_germany_bundesliga,d8eac776adb07b0e7f01d8736d097291,2026-10-17T13:30:00Z,Union Berlin,Borussia Dortmund,Draw,pinnacle,4.29,0.22052,4.5,unibet_se,13,4.2,4.0
2026-10-09T16:05:23+00:00,soccer_germany_bundesliga,606d65d57a9a6d8f9b53faee1ad10009,2026-10-17T13:30:00Z,FC Schalke 04,FSV Mainz 05,H,pinnacle,2.85,0.33411,3.05,unibet_se,13,2.82,2.8
2026-10-09T16:05:23+00:00,soccer_germany_bundesliga,606d65d57a9a6d8f9b53faee1ad10009,2026-10-17T13:30:00Z,FC Schalke 04,FSV Mainz 05,A,pinnacle,2.39,0.39842,2.44,onexbet,13,2.2,2.3
2026-10-09T16:05:23+00:00,soccer_germany_bundesliga,606d65d57a9a6d8f9b53faee1ad10009,2026-10-17T13:30:00Z,FC Schalke 04,FSV Mainz 05,Draw,pinnacle,3.56,0.26748,3.8,unibet_se,13,3.6,3.4
2026-10-09T16:05:23+00:00,soccer_germany_bundesliga,221916b8b36706ec52aa655a64e5f1d2,2026-10-17T13:30:00Z,Hamburger SV,VfB Stuttgart,H,pinnacle,4.04,0.23491,4.2,unibet_se,13,3.68,3.75
2026-10-09T16:05:23+00:00,soccer_germany_bundesliga,221916b8b36706ec52aa655a64e5f1d2,2026-10-17T13:30:00Z,Hamburger SV,VfB Stuttgart,A,pinnacle,1.83,0.51859,1.9,onexbet,13,1.75,1.83
2026-10-09T16:05:23+00:00,soccer_germany_bundesliga,221916b8b36706ec52aa655a64e5f1d2,2026-10-17T13:30:00Z,Hamburger SV,VfB Stuttgart,Draw,pinnacle,3.85,0.2465,4.4,unibet_se,13,4.05,3.75
2026-10-09T16:05:23+00:00,soccer_germany_bundesliga,9a422e1aad1053828eaf629a58d901de,2026-10-17T13:30:00Z,Werder Bremen,SC Paderborn,A,pinnacle,4.02,0.23612,4.25,nordicbet,13,3.9,3.75
2026-10-09T16:05:23+00:00,soccer_germany_bundesliga,9a422e1aad1053828eaf629a58d901de,2026-10-17T13:30:00Z,Werder Bremen,SC Paderborn,H,pinnacle,1.77,0.53626,1.91,unibet_se,13,1.73,1.8
2026-10-09T16:05:23+00:00,soccer_germany_bundesliga,9a422e1aad1053828eaf629a58d901de,2026-10-17T13:30:00Z,Werder Bremen,SC Paderborn,Draw,pinnacle,4.17,0.22762,4.26,onexbet,13,3.9,3.8
2026-10-09T16:05:23+00:00,soccer_germany_bundesliga,9a64448205fdc4b95f45641bb946706c,2026-10-17T16:30:00Z,Bayern Munich,RB Leipzig,H,betfair_ex_eu,1.24,0.77425,1.27,onexbet,13,1.2,1.25
2026-10-09T16:05:23+00:00,soccer_germany_bundesliga,9a64448205fdc4b95f45641bb946706c,2026-10-17T16:30:00Z,Bayern Munich,RB Leipzig,A,betfair_ex_eu,10.0,0.09601,11.2,onexbet,13,8.25,9.5
2026-10-09T16:05:23+00:00,soccer_germany_bundesliga,9a64448205fdc4b95f45641bb946706c,2026-10-17T16:30:00Z,Bayern Munich,RB Leipzig,Draw,betfair_ex_eu,7.4,0.12974,8.0,unibet_se,13,6.9,6.0
2026-10-09T16:05:23+00:00,soccer_germany_bundesliga,096d800bcc95c547ef592cbef624d080,2026-10-18T13:30:00Z,Bayer Leverkusen,SC Freiburg,H,pinnacle,1.65,0.57392,1.7,unibet_se,13,1.61,1.61
2026-10-09T16:05:23+00:00,soccer_germany_bundesliga,096d800bcc95c547ef592cbef624d080,2026-10-18T13:30:00Z,Bayer Leverkusen,SC Freiburg,A,pinnacle,4.46,0.21232,4.83,onexbet,13,4.25,4.4
2026-10-09T16:05:23+00:00,soccer_germany_bundesliga,096d800bcc95c547ef592cbef624d080,2026-10-18T13:30:00Z,Bayer Leverkusen,SC Freiburg,Draw,pinnacle,4.43,0.21376,4.6,tipico_de,13,4.1,4.2
2026-10-09T16:05:23+00:00,soccer_germany_bundesliga,fd9b8c185737a15615aa0c9daaa3dfbf,2026-10-18T15:30:00Z,Borussia Monchengladbach,TSG Hoffenheim,H,pinnacle,3.24,0.29345,3.58,onexbet,13,3.2,3.3
2026-10-09T16:05:23+00:00,soccer_germany_bundesliga,fd9b8c185737a15615aa0c9daaa3dfbf,2026-10-18T15:30:00Z,Borussia Monchengladbach,TSG Hoffenheim,A,pinnacle,1.98,0.48018,2.0,unibet_se,13,1.89,1.91
2026-10-09T16:05:23+00:00,soccer_germany_bundesliga,fd9b8c185737a15615aa0c9daaa3dfbf,2026-10-18T15:30:00Z,Borussia Monchengladbach,TSG Hoffenheim,Draw,pinnacle,4.2,0.22637,4.26,onexbet,13,3.88,3.9
2026-10-09T16:05:23+00:00,soccer_france_ligue_one,17694e68f399fdf9c5030021ec9bb595,2026-10-09T18:45:00Z,RC Lens,Lyon,A,pinnacle,2.61,0.37316,2.69,onexbet,18,2.5,2.5
2026-10-09T16:05:23+00:00,soccer_france_ligue_one,17694e68f399fdf9c5030021ec9bb595,2026-10-09T18:45:00Z,RC Lens,Lyon,H,pinnacle,2.7,0.36073,2.71,betonlineag,18,2.55,2.5
2026-10-09T16:05:23+00:00,soccer_france_ligue_one,17694e68f399fdf9c5030021ec9bb595,2026-10-09T18:45:00Z,RC Lens,Lyon,Draw,pinnacle,3.66,0.26611,3.75,unibet_se,18,3.65,3.4
2026-10-09T16:05:23+00:00,soccer_france_ligue_one,2c173b3bd3a1491f17fcad1012019c4f,2026-10-10T15:15:00Z,Lille,Le Havre,A,pinnacle,6.75,0.14278,8.0,unibet_se,18,6.75,6.5
2026-10-09T16:05:23+00:00,soccer_france_ligue_one,2c173b3bd3a1491f17fcad1012019c4f,2026-10-10T15:15:00Z,Lille,Le Havre,H,pinnacle,1.46,0.66012,1.48,onexbet,18,1.38,1.4
2026-10-09T16:05:23+00:00,soccer_france_ligue_one,2c173b3bd3a1491f17fcad1012019c4f,2026-10-10T15:15:00Z,Lille,Le Havre,Draw,pinnacle,4.89,0.19709,5.0,winamax_de,18,4.8,4.4
2026-10-09T16:05:23+00:00,soccer_france_ligue_one,c2c64ebfc5810226f807c1920d580392,2026-10-10T18:45:00Z,AS Monaco,Toulouse,H,pinnacle,1.59,0.60639,1.65,onexbet,18,1.56,1.57
2026-10-09T16:05:23+00:00,soccer_france_ligue_one,c2c64ebfc5810226f807c1920d580392,2026-10-10T18:45:00Z,AS Monaco,Toulouse,A,pinnacle,5.32,0.18123,5.5,tipico_de,18,5.0,5.0
2026-10-09T16:05:23+00:00,soccer_france_ligue_one,c2c64ebfc5810226f807c1920d580392,2026-10-10T18:45:00Z,AS Monaco,Toulouse,Draw,pinnacle,4.54,0.21237,4.5,winamax_de,18,4.2,4.2
2026-10-09T16:05:23+00:00,soccer_france_ligue_one,007dc2ff845c33e3e18f2bd2bc126304,2026-10-10T18:45:00Z,Brest,Angers,A,pinnacle,3.68,0.26307,3.8,unibet_se,18,3.47,3.5
2026-10-09T16:05:23+00:00,soccer_france_ligue_one,007dc2ff845c33e3e18f2bd2bc126304,2026-10-10T18:45:00Z,Brest,Angers,H,pinnacle,2.04,0.47456,2.04,onexbet,18,1.97,1.95
2026-10-09T16:05:23+00:00,soccer_france_ligue_one,007dc2ff845c33e3e18f2bd2bc126304,2026-10-10T18:45:00Z,Brest,Angers,Draw,pinnacle,3.69,0.26236,3.9,unibet_se,18,3.53,3.5
2026-10-09T16:05:23+00:00,soccer_france_ligue_one,2849460eb4d15adbb20ec15927a0fd4a,2026-10-10T18:45:00Z,Paris Saint Germain,Le Mans FC,A,pinnacle,21.26,0.04516,31.0,onexbet,18,22.0,23.0
2026-10-09T16:05:23+00:00,soccer_france_ligue_one,2849460eb4d15adbb20ec15927a0fd4a,2026-10-10T18:45:00Z,Paris Saint Germain,Le Mans FC,H,pinnacle,1.09,0.88087,1.1,codere_it,18,1.06,1.08
2026-10-09T16:05:23+00:00,soccer_france_ligue_one,2849460eb4d15adbb20ec15927a0fd4a,2026-10-10T18:45:00Z,Paris Saint Germain,Le Mans FC,Draw,pinnacle,12.98,0.07397,14.9,onexbet,18,10.75,12.0
2026-10-09T16:05:23+00:00,soccer_france_ligue_one,3aa72885e0aa107c62843749f7930a9a,2026-10-10T18:45:00Z,Lorient,Paris FC,H,pinnacle,3.41,0.28355,3.35,coolbet,18,3.12,3.1
2026-10-09T16:05:23+00:00,soccer_france_ligue_one,3aa72885e0aa107c62843749f7930a9a,2026-10-10T18:45:00Z,Lorient,Paris FC,A,pinnacle,2.26,0.42783,2.36,onexbet,18,2.2,2.25
2026-10-09T16:05:23+00:00,soccer_france_ligue_one,3aa72885e0aa107c62843749f7930a9a,2026-10-10T18:45:00Z,Lorient,Paris FC,Draw,pinnacle,3.35,0.28862,3.45,unibet_se,18,3.3,3.1
2026-10-09T16:05:23+00:00,soccer_france_ligue_one,5d3606630a2d3a218a6340d082c1bdc6,2026-10-11T13:00:00Z,Nice,Strasbourg,H,pinnacle,2.38,0.40689,2.48,unibet_se,18,2.28,2.25
2026-10-09T16:05:23+00:00,soccer_france_ligue_one,5d3606630a2d3a218a6340d082c1bdc6,2026-10-11T13:00:00Z,Nice,Strasbourg,A,pinnacle,2.91,0.33278,3.07,onexbet,18,2.83,2.8
2026-10-09T16:05:23+00:00,soccer_france_ligue_one,5d3606630a2d3a218a6340d082c1bdc6,2026-10-11T13:00:00Z,Nice,Strasbourg,Draw,pinnacle,3.72,0.26032,3.75,onexbet,18,3.48,3.4
2026-10-09T16:05:23+00:00,soccer_france_ligue_one,34f584ab922e220dc4f3b81217959d6d,2026-10-11T15:15:00Z,Rennes,Auxerre,A,pinnacle,6.36,0.15172,7.5,unibet_se,18,6.25,6.0
2026-10-09T16:05:23+00:00,soccer_france_ligue_one,34f584ab922e220dc4f3b81217959d6d,2026-10-11T15:15:00Z,Rennes,Auxerre,H,pinnacle,1.47,0.65644,1.48,onexbet,18,1.4,1.4
2026-10-09T16:05:23+00:00,soccer_france_ligue_one,34f584ab922e220dc4f3b81217959d6d,2026-10-11T15:15:00Z,Rennes,Auxerre,Draw,pinnacle,5.03,0.19184,5.18,betonlineag,18,4.9,4.6
2026-10-09T16:05:23+00:00,soccer_france_ligue_one,cb7067ac191abf32ad49dad45e46f639,2026-10-11T18:45:00Z,Troyes,Marseille,A,pinnacle,1.93,0.50143,1.93,unibet_se,18,1.82,1.85
2026-10-09T16:05:23+00:00,soccer_france_ligue_one,cb7067ac191abf32ad49dad45e46f639,2026-10-11T18:45:00Z,Troyes,Marseille,H,pinnacle,3.78,0.25602,4.03,onexbet,18,3.63,3.6
2026-10-09T16:05:23+00:00,soccer_france_ligue_one,cb7067ac191abf32ad49dad45e46f639,2026-10-11T18:45:00Z,Troyes,Marseille,Draw,pinnacle,3.99,0.24255,4.05,onexbet,18,3.75,3.6
2026-10-09T16:05:23+00:00,soccer_france_ligue_one,66c168c030f3faad3983fcadc3060009,2026-10-16T18:45:00Z,Le Mans FC,Toulouse,H,pinnacle,3.12,0.30531,3.3,unibet_se,13,2.88,3.0
2026-10-09T16:05:23+00:00,soccer_france_ligue_one,66c168c030f3faad3983fcadc3060009,2026-10-16T18:45:00Z,Le Mans FC,Toulouse,A,pinnacle,2.28,0.41779,2.34,onexbet,13,2.22,2.2
2026-10-09T16:05:23+00:00,soccer_france_ligue_one,66c168c030f3faad3983fcadc3060009,2026-10-16T18:45:00Z,Le Mans FC,Toulouse,Draw,pinnacle,3.44,0.27691,3.6,unibet_se,13,3.43,3.3
2026-10-09T16:05:23+00:00,soccer_france_ligue_one,f3034246520a2ee4ff0ac0d5074966f8,2026-10-17T15:15:00Z,Strasbourg,Paris Saint Germain,A,pinnacle,1.39,0.67961,1.46,onexbet,13,1.35,1.4
2026-10-09T16:05:23+00:00,soccer_france_ligue_one,f3034246520a2ee4ff0ac0d5074966f8,2026-10-17T15:15:00Z,Strasbourg,Paris Saint Germain,H,pinnacle,6.41,0.14737,6.73,onexbet,13,5.6,6.0
2026-10-09T16:05:23+00:00,soccer_france_ligue_one,f3034246520a2ee4ff0ac0d5074966f8,2026-10-17T15:15:00Z,Strasbourg,Paris Saint Germain,Draw,pinnacle,5.46,0.17301,5.9,betclic_fr,13,5.9,4.8
2026-10-09T16:05:23+00:00,soccer_france_ligue_one,ad25a350c89b64715e15c59cde5653d3,2026-10-17T18:45:00Z,Lille,Brest,A,pinnacle,5.42,0.17489,5.5,unibet_se,13,4.95,4.8
2026-10-09T16:05:23+00:00,soccer_france_ligue_one,ad25a350c89b64715e15c59cde5653d3,2026-10-17T18:45:00Z,Lille,Brest,H,pinnacle,1.58,0.59995,1.66,onexbet,13,1.53,1.61
2026-10-09T16:05:23+00:00,soccer_france_ligue_one,ad25a350c89b64715e15c59cde5653d3,2026-10-17T18:45:00Z,Lille,Brest,Draw,pinnacle,4.21,0.22516,4.37,onexbet,13,4.1,3.9
2026-10-09T16:05:23+00:00,soccer_france_ligue_one,b077aa049133c0358bcd643bfee48da3,2026-10-17T18:45:00Z,Troyes,RC Lens,A,pinnacle,1.81,0.52431,1.87,onexbet,13,1.76,1.8
2026-10-09T16:05:23+00:00,soccer_france_ligue_one,b077aa049133c0358bcd643bfee48da3,2026-10-17T18:45:00Z,Troyes,RC Lens,H,pinnacle,4.0,0.23725,4.3,onexbet,13,3.75,3.9
2026-10-09T16:05:23+00:00,soccer_france_ligue_one,b077aa049133c0358bcd643bfee48da3,2026-10-17T18:45:00Z,Troyes,RC Lens,Draw,pinnacle,3.98,0.23844,4.1,unibet_se,13,3.78,3.7
2026-10-09T16:05:23+00:00,soccer_france_ligue_one,c7a60aa94470fe959fbf6b0c68060fc1,2026-10-18T13:00:00Z,Angers,Marseille,H,pinnacle,3.21,0.29652,3.3,tipico_de,13,3.0,3.0
2026-10-09T16:05:23+00:00,soccer_france_ligue_one,c7a60aa94470fe959fbf6b0c68060fc1,2026-10-18T13:00:00Z,Angers,Marseille,A,pinnacle,2.12,0.44898,2.28,onexbet,13,2.07,2.15
2026-10-09T16:05:23+00:00,soccer_france_ligue_one,c7a60aa94470fe959fbf6b0c68060fc1,2026-10-18T13:00:00Z,Angers,Marseille,Draw,pinnacle,3.74,0.2545,3.8,unibet_se,13,3.53,3.4
2026-10-09T16:05:23+00:00,soccer_france_ligue_one,53f5fe7ed0ba0fbf6345c73270e4cd00,2026-10-18T15:15:00Z,Lorient,AS Monaco,A,pinnacle,2.15,0.44264,2.24,onexbet,13,2.02,2.05
2026-10-09T16:05:23+00:00,soccer_france_ligue_one,53f5fe7ed0ba0fbf6345c73270e4cd00,2026-10-18T15:15:00Z,Lorient,AS Monaco,H,pinnacle,3.4,0.2799,3.65,unibet_se,13,3.2,3.4
2026-10-09T16:05:23+00:00,soccer_france_ligue_one,53f5fe7ed0ba0fbf6345c73270e4cd00,2026-10-18T15:15:00Z,Lorient,AS Monaco,Draw,pinnacle,3.43,0.27746,3.6,unibet_se,13,3.43,3.3
2026-10-09T16:05:23+00:00,soccer_france_ligue_one,d637845b9760bb02b55bbbaa32b5c21e,2026-10-18T15:15:00Z,Le Havre,Auxerre,A,pinnacle,2.9,0.32826,3.0,onexbet,13,2.77,2.8
2026-10-09T16:05:23+00:00,soccer_france_ligue_one,d637845b9760bb02b55bbbaa32b5c21e,2026-10-18T15:15:00Z,Le Havre,Auxerre,H,pinnacle,2.43,0.39175,2.52,onexbet,13,2.28,2.4
2026-10-09T16:05:23+00:00,soccer_france_ligue_one,d637845b9760bb02b55bbbaa32b5c21e,2026-10-18T15:15:00Z,Le Havre,Auxerre,Draw,pinnacle,3.4,0.27999,3.55,unibet_se,13,3.32,3.25
2026-10-09T16:05:23+00:00,soccer_france_ligue_one,27f7222d2abde93fc6e8d17b5b05b272,2026-10-18T15:15:00Z,Paris FC,Rennes,H,pinnacle,2.35,0.40581,2.37,onexbet,13,2.15,2.25
2026-10-09T16:05:23+00:00,soccer_france_ligue_one,27f7222d2abde93fc6e8d17b5b05b272,2026-10-18T15:15:00Z,Paris FC,Rennes,A,pinnacle,3.19,0.29895,3.29,onexbet,13,2.95,2.88
2026-10-09T16:05:23+00:00,soccer_france_ligue_one,27f7222d2abde93fc6e8d17b5b05b272,2026-10-18T15:15:00Z,Paris FC,Rennes,Draw,pinnacle,3.23,0.29525,3.5,winamax_de,13,3.42,3.5
2026-10-09T16:05:23+00:00,soccer_france_ligue_one,471f891b1f6516a864ad94c8eb649f5e,2026-10-18T18:45:00Z,Lyon,Nice,H,pinnacle,1.64,0.5773,1.71,onexbet,13,1.59,1.65
2026-10-09T16:05:23+00:00,soccer_france_ligue_one,471f891b1f6516a864ad94c8eb649f5e,2026-10-18T18:45:00Z,Lyon,Nice,A,pinnacle,4.88,0.19401,5.24,onexbet,13,4.65,4.8
2026-10-09T16:05:23+00:00,soccer_france_ligue_one,471f891b1f6516a864ad94c8eb649f5e,2026-10-18T18:45:00Z,Lyon,Nice,Draw,pinnacle,4.14,0.22869,4.2,unibet_se,13,3.9,3.8
2026-10-09T20:45:38+00:00,soccer_portugal_primeira_liga,d9bfec13c112810701ee7e60f02bffa5,2026-10-10T17:00:00Z,CS Maritimo,FC Porto,H,pinnacle,9.76,0.09783,11.5,matchbook,15,8.75,9.0
2026-10-09T20:45:38+00:00,soccer_portugal_primeira_liga,d9bfec13c112810701ee7e60f02bffa5,2026-10-10T17:00:00Z,CS Maritimo,FC Porto,A,pinnacle,1.32,0.72336,1.36,gtbets,15,1.29,1.3
2026-10-09T20:45:38+00:00,soccer_portugal_primeira_liga,d9bfec13c112810701ee7e60f02bffa5,2026-10-10T17:00:00Z,CS Maritimo,FC Porto,Draw,pinnacle,5.34,0.17881,5.6,matchbook,15,4.75,5.0
2026-10-09T20:45:38+00:00,soccer_portugal_primeira_liga,2444214363711d31867a9df8c712ec8d,2026-10-10T19:30:00Z,Académico de Viseu,Estoril,H,pinnacle,2.32,0.41484,2.38,matchbook,16,2.13,2.25
2026-10-09T20:45:38+00:00,soccer_portugal_primeira_liga,2444214363711d31867a9df8c712ec8d,2026-10-10T19:30:00Z,Académico de Viseu,Estoril,A,pinnacle,3.16,0.30457,3.3,matchbook,16,3.0,3.0
2026-10-09T20:45:38+00:00,soccer_portugal_primeira_liga,2444214363711d31867a9df8c712ec8d,2026-10-10T19:30:00Z,Académico de Viseu,Estoril,Draw,pinnacle,3.43,0.28059,3.5,coolbet,16,3.33,3.3
2026-10-09T20:45:38+00:00,soccer_portugal_primeira_liga,710dd3ffd365c610f1969a86cd70e074,2026-10-10T19:30:00Z,Casa Pia,Santa Clara,H,pinnacle,4.69,0.20494,4.9,tipico_de,16,4.25,4.2
2026-10-09T20:45:38+00:00,soccer_portugal_primeira_liga,710dd3ffd365c610f1969a86cd70e074,2026-10-10T19:30:00Z,Casa Pia,Santa Clara,A,pinnacle,1.87,0.51401,1.92,matchbook,16,1.8,1.85
2026-10-09T20:45:38+00:00,soccer_portugal_primeira_liga,710dd3ffd365c610f1969a86cd70e074,2026-10-10T19:30:00Z,Casa Pia,Santa Clara,Draw,pinnacle,3.42,0.28105,3.45,matchbook,16,3.23,3.2
2026-10-09T20:45:38+00:00,soccer_portugal_primeira_liga,5ecd75456d38ef4c394e502ecdd8937c,2026-10-11T14:30:00Z,Rio Ave FC,Nacional,A,pinnacle,3.27,0.2914,3.35,matchbook,15,3.05,3.1
2026-10-09T20:45:38+00:00,soccer_portugal_primeira_liga,5ecd75456d38ef4c394e502ecdd8937c,2026-10-11T14:30:00Z,Rio Ave FC,Nacional,H,pinnacle,2.33,0.40896,2.4,matchbook,15,2.18,2.25
2026-10-09T20:45:38+00:00,soccer_portugal_primeira_liga,5ecd75456d38ef4c394e502ecdd8937c,2026-10-11T14:30:00Z,Rio Ave FC,Nacional,Draw,pinnacle,3.18,0.29964,3.28,gtbets,15,3.18,3.2
2026-10-09T20:45:38+00:00,soccer_portugal_primeira_liga,5696ee371ba00ede3dc8a64d24ce79f1,2026-10-11T17:00:00Z,Benfica,Vitória SC,H,pinnacle,1.2,0.78453,1.24,matchbook,16,1.18,1.2
2026-10-09T20:45:38+00:00,soccer_portugal_primeira_liga,5696ee371ba00ede3dc8a64d24ce79f1,2026-10-11T17:00:00Z,Benfica,Vitória SC,A,pinnacle,11.71,0.0804,16.0,matchbook,16,11.0,11.0
2026-10-09T20:45:38+00:00,soccer_portugal_primeira_liga,5696ee371ba00ede3dc8a64d24ce79f1,2026-10-11T17:00:00Z,Benfica,Vitória SC,Draw,pinnacle,6.97,0.13507,7.4,matchbook,16,6.1,6.0
2026-10-09T20:45:38+00:00,soccer_portugal_primeira_liga,2aa9808e7e84598f45ccf338a9b8912a,2026-10-11T19:30:00Z,Arouca,CF Estrela,H,pinnacle,2.08,0.45726,2.18,gtbets,16,2.0,2.1
2026-10-09T20:45:38+00:00,soccer_portugal_primeira_liga,2aa9808e7e84598f45ccf338a9b8912a,2026-10-11T19:30:00Z,Arouca,CF Estrela,A,pinnacle,3.48,0.27331,3.55,matchbook,16,3.33,3.25
2026-10-09T20:45:38+00:00,soccer_portugal_primeira_liga,2aa9808e7e84598f45ccf338a9b8912a,2026-10-11T19:30:00Z,Arouca,CF Estrela,Draw,pinnacle,3.53,0.26943,3.6,coolbet,16,3.32,3.3
2026-10-09T20:45:38+00:00,soccer_portugal_primeira_liga,789c3dd95a7fcef675ce5a40b07371a2,2026-10-12T19:15:00Z,Famalicão,Alverca,A,pinnacle,4.59,0.20694,4.9,matchbook,16,4.2,4.0
2026-10-09T20:45:38+00:00,soccer_portugal_primeira_liga,789c3dd95a7fcef675ce5a40b07371a2,2026-10-12T19:15:00Z,Famalicão,Alverca,H,pinnacle,1.88,0.50523,1.94,matchbook,16,1.74,1.85
2026-10-09T20:45:38+00:00,soccer_portugal_primeira_liga,789c3dd95a7fcef675ce5a40b07371a2,2026-10-12T19:15:00Z,Famalicão,Alverca,Draw,pinnacle,3.3,0.28783,3.5,coolbet,16,3.25,3.4
2026-10-09T20:45:38+00:00,soccer_epl,b870dcfba5e5920d3f1551a3aa1ea435,2026-10-10T11:30:00Z,Arsenal,Leeds United,H,pinnacle,1.41,0.68262,1.53,onexbet,21,1.35,1.44
2026-10-09T20:45:38+00:00,soccer_epl,b870dcfba5e5920d3f1551a3aa1ea435,2026-10-10T11:30:00Z,Arsenal,Leeds United,A,pinnacle,7.88,0.12214,9.0,unibet_se,21,7.5,6.5
2026-10-09T20:45:38+00:00,soccer_epl,b870dcfba5e5920d3f1551a3aa1ea435,2026-10-10T11:30:00Z,Arsenal,Leeds United,Draw,pinnacle,4.93,0.19523,5.1,winamax_de,21,4.85,4.4
2026-10-09T20:45:38+00:00,soccer_epl,02e6c0ccb11bb7ce78989ce49d67110b,2026-10-10T14:00:00Z,Aston Villa,Brentford,H,pinnacle,2.78,0.34804,2.83,onexbet,21,2.65,2.62
2026-10-09T20:45:38+00:00,soccer_epl,02e6c0ccb11bb7ce78989ce49d67110b,2026-10-10T14:00:00Z,Aston Villa,Brentford,A,pinnacle,2.52,0.38395,2.65,coolbet,21,2.42,2.5
2026-10-09T20:45:38+00:00,soccer_epl,02e6c0ccb11bb7ce78989ce49d67110b,2026-10-10T14:00:00Z,Aston Villa,Brentford,Draw,pinnacle,3.61,0.26802,3.75,unibet_se,21,3.48,3.3
2026-10-09T20:45:38+00:00,soccer_epl,45d4a466e32cd2b4ea535207923ceaf5,2026-10-10T14:00:00Z,Chelsea,Bournemouth,A,pinnacle,4.65,0.20707,4.83,onexbet,21,4.3,4.5
2026-10-09T20:45:38+00:00,soccer_epl,45d4a466e32cd2b4ea535207923ceaf5,2026-10-10T14:00:00Z,Chelsea,Bournemouth,H,pinnacle,1.72,0.5598,1.76,matchbook,21,1.65,1.67
2026-10-09T20:45:38+00:00,soccer_epl,45d4a466e32cd2b4ea535207923ceaf5,2026-10-10T14:00:00Z,Chelsea,Bournemouth,Draw,pinnacle,4.13,0.23314,4.37,onexbet,21,4.15,4.0
2026-10-09T20:45:38+00:00,soccer_epl,380b8f24ec5430fb545a7490c1017285,2026-10-10T14:00:00Z,Sunderland,Brighton and Hove Albion,A,pinnacle,2.36,0.41007,2.46,matchbook,21,2.23,2.25
2026-10-09T20:45:38+00:00,soccer_epl,380b8f24ec5430fb545a7490c1017285,2026-10-10T14:00:00Z,Sunderland,Brighton and Hove Albion,H,pinnacle,3.08,0.31421,3.16,onexbet,21,2.93,3.0
2026-10-09T20:45:38+00:00,soccer_epl,380b8f24ec5430fb545a7490c1017285,2026-10-10T14:00:00Z,Sunderland,Brighton and Hove Albion,Draw,pinnacle,3.51,0.27572,3.7,unibet_se,21,3.45,3.3
2026-10-09T20:45:38+00:00,soccer_epl,288b4ff00c79daa712c911c564fe1be7,2026-10-10T14:00:00Z,Ipswich Town,Fulham,A,pinnacle,2.52,0.38395,2.63,onexbet,21,2.42,2.5
2026-10-09T20:45:38+00:00,soccer_epl,288b4ff00c79daa712c911c564fe1be7,2026-10-10T14:00:00Z,Ipswich Town,Fulham,H,pinnacle,2.78,0.34804,2.84,matchbook,21,2.67,2.62
2026-10-09T20:45:38+00:00,soccer_epl,288b4ff00c79daa712c911c564fe1be7,2026-10-10T14:00:00Z,Ipswich Town,Fulham,Draw,pinnacle,3.61,0.26802,3.65,matchbook,21,3.43,3.4
2026-10-09T20:45:38+00:00,soccer_epl,22c9b2c43cbe1334381269550dab78e6,2026-10-10T16:30:00Z,Manchester United,Tottenham Hotspur,H,pinnacle,1.75,0.55128,1.76,onexbet,21,1.66,1.7
2026-10-09T20:45:38+00:00,soccer_epl,22c9b2c43cbe1334381269550dab78e6,2026-10-10T16:30:00Z,Manchester United,Tottenham Hotspur,A,pinnacle,4.32,0.22332,4.8,unibet_se,21,4.25,4.33
2026-10-09T20:45:38+00:00,soccer_epl,22c9b2c43cbe1334381269550dab78e6,2026-10-10T16:30:00Z,Manchester United,Tottenham Hotspur,Draw,pinnacle,4.28,0.22541,4.4,matchbook,21,4.1,3.9
2026-10-09T20:45:38+00:00,soccer_epl,86effab5c6e7bfd58c8e88b1fb7c6ba9,2026-10-11T13:00:00Z,Crystal Palace,Nottingham Forest,H,pinnacle,2.8,0.3462,2.9,matchbook,21,2.57,2.62
2026-10-09T20:45:38+00:00,soccer_epl,86effab5c6e7bfd58c8e88b1fb7c6ba9,2026-10-11T13:00:00Z,Crystal Palace,Nottingham Forest,A,pinnacle,2.6,0.37283,2.7,onexbet,21,2.58,2.62
2026-10-09T20:45:38+00:00,soccer_epl,86effab5c6e7bfd58c8e88b1fb7c6ba9,2026-10-11T13:00:00Z,Crystal Palace,Nottingham Forest,Draw,pinnacle,3.45,0.28097,3.5,coolbet,21,3.3,3.1
2026-10-09T20:45:38+00:00,soccer_epl,0bdae4d304810578e47386606bff7106,2026-10-11T13:00:00Z,Hull City,Everton,A,pinnacle,2.16,0.44841,2.18,onexbet,21,2.05,2.05
2026-10-09T20:45:38+00:00,soccer_epl,0bdae4d304810578e47386606bff7106,2026-10-11T13:00:00Z,Hull City,Everton,H,pinnacle,3.62,0.26756,3.95,unibet_se,21,3.45,3.4
2026-10-09T20:45:38+00:00,soccer_epl,0bdae4d304810578e47386606bff7106,2026-10-11T13:00:00Z,Hull City,Everton,Draw,pinnacle,3.41,0.28404,3.55,betonlineag,21,3.33,3.3
2026-10-09T20:45:38+00:00,soccer_epl,6dbab232dd8d2aed0cb1d6f7978fb7b1,2026-10-11T15:30:00Z,Liverpool,Manchester City,H,pinnacle,2.97,0.32608,3.05,matchbook,21,2.9,2.9
2026-10-09T20:45:38+00:00,soccer_epl,6dbab232dd8d2aed0cb1d6f7978fb7b1,2026-10-11T15:30:00Z,Liverpool,Manchester City,A,pinnacle,2.3,0.42106,2.36,onexbet,21,2.17,2.2
2026-10-09T20:45:38+00:00,soccer_epl,6dbab232dd8d2aed0cb1d6f7978fb7b1,2026-10-11T15:30:00Z,Liverpool,Manchester City,Draw,pinnacle,3.83,0.25286,3.9,matchbook,21,3.65,3.5
2026-10-09T20:45:38+00:00,soccer_epl,acd5bd945dd953ad1e300df5bfe696f9,2026-10-12T19:00:00Z,Coventry City,Newcastle United,H,pinnacle,3.41,0.28365,3.6,coolbet,21,3.17,3.3
2026-10-09T20:45:38+00:00,soccer_epl,acd5bd945dd953ad1e300df5bfe696f9,2026-10-12T19:00:00Z,Coventry City,Newcastle United,A,pinnacle,2.15,0.44989,2.22,matchbook,21,2.05,2.05
2026-10-09T20:45:38+00:00,soccer_epl,acd5bd945dd953ad1e300df5bfe696f9,2026-10-12T19:00:00Z,Coventry City,Newcastle United,Draw,pinnacle,3.63,0.26646,3.8,unibet_se,21,3.53,3.4
2026-10-09T20:45:38+00:00,soccer_epl,764e6513cb3f348881503df70ccb90e0,2026-10-17T11:30:00Z,Everton,Chelsea,A,pinnacle,2.33,0.40868,2.45,onexbet,14,2.2,2.3
2026-10-09T20:45:38+00:00,soccer_epl,764e6513cb3f348881503df70ccb90e0,2026-10-17T11:30:00Z,Everton,Chelsea,H,pinnacle,2.8,0.34008,2.95,unibet_se,14,2.82,2.7
2026-10-09T20:45:38+00:00,soccer_epl,764e6513cb3f348881503df70ccb90e0,2026-10-17T11:30:00Z,Everton,Chelsea,Draw,pinnacle,3.79,0.25124,3.86,onexbet,14,3.55,3.5
2026-10-09T20:45:38+00:00,soccer_epl,8f1945e7272bc7e89016439f5ab321c7,2026-10-17T14:00:00Z,Brentford,Liverpool,H,pinnacle,2.77,0.34346,2.88,onexbet,14,2.7,2.75
2026-10-09T20:45:38+00:00,soccer_epl,8f1945e7272bc7e89016439f5ab321c7,2026-10-17T14:00:00Z,Brentford,Liverpool,A,pinnacle,2.43,0.39152,2.5,unibet_se,14,2.27,2.3
2026-10-09T20:45:38+00:00,soccer_epl,8f1945e7272bc7e89016439f5ab321c7,2026-10-17T14:00:00Z,Brentford,Liverpool,Draw,pinnacle,3.59,0.26501,3.8,unibet_se,14,3.63,3.5
2026-10-09T20:45:38+00:00,soccer_epl,7895f97f2f9577f3b13287a3d086859d,2026-10-17T14:00:00Z,Fulham,Hull City,H,pinnacle,1.67,0.56759,1.73,onexbet,14,1.62,1.65
2026-10-09T20:45:38+00:00,soccer_epl,7895f97f2f9577f3b13287a3d086859d,2026-10-17T14:00:00Z,Fulham,Hull City,A,pinnacle,4.85,0.19544,5.18,onexbet,14,4.6,4.8
2026-10-09T20:45:38+00:00,soccer_epl,7895f97f2f9577f3b13287a3d086859d,2026-10-17T14:00:00Z,Fulham,Hull City,Draw,pinnacle,4.0,0.23697,4.11,onexbet,14,3.9,3.9
2026-10-09T20:45:38+00:00,soccer_epl,bf2142d1ca76ba2fc9e61afce80f86c0,2026-10-17T14:00:00Z,Manchester City,Ipswich Town,A,pinnacle,9.8,0.09603,12.5,unibet_se,14,9.75,9.5
2026-10-09T20:45:38+00:00,soccer_epl,bf2142d1ca76ba2fc9e61afce80f86c0,2026-10-17T14:00:00Z,Manchester City,Ipswich Town,H,pinnacle,1.23,0.76515,1.29,onexbet,14,1.2,1.25
2026-10-09T20:45:38+00:00,soccer_epl,bf2142d1ca76ba2fc9e61afce80f86c0,2026-10-17T14:00:00Z,Manchester City,Ipswich Town,Draw,pinnacle,6.78,0.13881,7.2,tipico_de,14,6.6,6.0
2026-10-09T20:45:38+00:00,soccer_epl,d1bbbdcd3d430e70091b518369b559cf,2026-10-17T16:30:00Z,Newcastle United,Aston Villa,A,pinnacle,3.22,0.2958,3.35,onexbet,14,3.23,3.1
2026-10-09T20:45:38+00:00,soccer_epl,d1bbbdcd3d430e70091b518369b559cf,2026-10-17T16:30:00Z,Newcastle United,Aston Villa,H,pinnacle,2.1,0.45355,2.17,onexbet,14,1.98,2.05
2026-10-09T20:45:38+00:00,soccer_epl,d1bbbdcd3d430e70091b518369b559cf,2026-10-17T16:30:00Z,Newcastle United,Aston Villa,Draw,pinnacle,3.8,0.25065,3.95,unibet_se,14,3.63,3.6
2026-10-09T20:45:38+00:00,soccer_epl,dfd5d6648be46426e418801584d46a68,2026-10-18T13:00:00Z,Bournemouth,Sunderland,H,pinnacle,2.01,0.47312,2.04,onexbet,14,1.94,1.95
2026-10-09T20:45:38+00:00,soccer_epl,dfd5d6648be46426e418801584d46a68,2026-10-18T13:00:00Z,Bournemouth,Sunderland,A,pinnacle,3.64,0.26125,3.85,onexbet,14,3.42,3.6
2026-10-09T20:45:38+00:00,soccer_epl,dfd5d6648be46426e418801584d46a68,2026-10-18T13:00:00Z,Bournemouth,Sunderland,Draw,pinnacle,3.58,0.26563,3.75,onexbet,14,3.43,3.4
2026-10-09T20:45:38+00:00,soccer_epl,9fc08b390a49c4434f7cf631a0bb88fb,2026-10-18T13:00:00Z,Brighton and Hove Albion,Crystal Palace,H,pinnacle,1.63,0.58064,1.67,onexbet,14,1.57,1.61
2026-10-09T20:45:38+00:00,soccer_epl,9fc08b390a49c4434f7cf631a0bb88fb,2026-10-18T13:00:00Z,Brighton and Hove Albion,Crystal Palace,A,pinnacle,4.75,0.19925,5.2,unibet_se,14,4.65,4.75
2026-10-09T20:45:38+00:00,soccer_epl,9fc08b390a49c4434f7cf631a0bb88fb,2026-10-18T13:00:00Z,Brighton and Hove Albion,Crystal Palace,Draw,pinnacle,4.3,0.2201,4.45,onexbet,14,4.05,4.0
2026-10-09T20:45:38+00:00,soccer_epl,676b3b0b609e9cf565da450786618d26,2026-10-18T13:00:00Z,Leeds United,Manchester United,H,pinnacle,2.84,0.3354,2.94,onexbet,14,2.77,2.75
2026-10-09T20:45:38+00:00,soccer_epl,676b3b0b609e9cf565da450786618d26,2026-10-18T13:00:00Z,Leeds United,Manchester United,A,pinnacle,2.36,0.40362,2.44,onexbet,14,2.2,2.38
2026-10-09T20:45:38+00:00,soccer_epl,676b3b0b609e9cf565da450786618d26,2026-10-18T13:00:00Z,Leeds United,Manchester United,Draw,pinnacle,3.65,0.26097,3.8,winamax_de,14,3.5,3.4
2026-10-09T20:45:38+00:00,soccer_epl,f696a248965373d9071dc0662e5c58a8,2026-10-18T15:30:00Z,Nottingham Forest,Arsenal,A,pinnacle,1.61,0.58865,1.66,onexbet,14,1.55,1.61
2026-10-09T20:45:38+00:00,soccer_epl,f696a248965373d9071dc0662e5c58a8,2026-10-18T15:30:00Z,Nottingham Forest,Arsenal,H,pinnacle,6.0,0.15795,6.2,tipico_de,14,5.1,5.5
2026-10-09T20:45:38+00:00,soccer_epl,f696a248965373d9071dc0662e5c58a8,2026-10-18T15:30:00Z,Nottingham Forest,Arsenal,Draw,pinnacle,3.74,0.2534,4.1,unibet_se,14,3.83,3.7
2026-10-09T20:45:38+00:00,soccer_epl,9baaf4e48b041cfef04e70e42532502e,2026-10-19T19:00:00Z,Tottenham Hotspur,Coventry City,A,pinnacle,5.86,0.16165,6.47,onexbet,14,5.6,5.75
2026-10-09T20:45:38+00:00,soccer_epl,9baaf4e48b041cfef04e70e42532502e,2026-10-19T19:00:00Z,Tottenham Hotspur,Coventry City,H,pinnacle,1.5,0.63152,1.54,onexbet,14,1.43,1.5
2026-10-09T20:45:38+00:00,soccer_epl,9baaf4e48b041cfef04e70e42532502e,2026-10-19T19:00:00Z,Tottenham Hotspur,Coventry City,Draw,pinnacle,4.58,0.20683,4.8,tipico_de,14,4.45,4.2
2026-10-09T20:45:38+00:00,soccer_spain_la_liga,349c47668fdd909039a9408c14cad8bc,2026-10-10T12:00:00Z,Rayo Vallecano,Athletic Bilbao,A,pinnacle,2.66,0.36369,2.74,matchbook,17,2.5,
2026-10-09T20:45:38+00:00,soccer_spain_la_liga,349c47668fdd909039a9408c14cad8bc,2026-10-10T12:00:00Z,Rayo Vallecano,Athletic Bilbao,H,pinnacle,2.77,0.34925,2.88,onexbet,17,2.65,
2026-10-09T20:45:38+00:00,soccer_spain_la_liga,349c47668fdd909039a9408c14cad8bc,2026-10-10T12:00:00Z,Rayo Vallecano,Athletic Bilbao,Draw,pinnacle,3.37,0.28707,3.48,onexbet,17,3.3,
2026-10-09T20:45:38+00:00,soccer_spain_la_liga,3869391e3dbdcaa74153b11df56a3fe5,2026-10-10T14:15:00Z,Alavés,Atlético Madrid,H,pinnacle,4.47,0.21602,4.7,matchbook,16,4.2,
2026-10-09T20:45:38+00:00,soccer_spain_la_liga,3869391e3dbdcaa74153b11df56a3fe5,2026-10-10T14:15:00Z,Alavés,Atlético Madrid,A,pinnacle,1.82,0.53055,1.86,matchbook,16,1.76,
2026-10-09T20:45:38+00:00,soccer_spain_la_liga,3869391e3dbdcaa74153b11df56a3fe5,2026-10-10T14:15:00Z,Alavés,Atlético Madrid,Draw,pinnacle,3.81,0.25344,3.92,onexbet,16,3.68,
2026-10-09T20:45:38+00:00,soccer_spain_la_liga,edb80d633a1906e5865ab70cc9b540ea,2026-10-10T16:30:00Z,Barcelona,Getafe,H,pinnacle,1.08,0.89212,1.12,matchbook,17,1.05,
2026-10-09T20:45:38+00:00,soccer_spain_la_liga,edb80d633a1906e5865ab70cc9b540ea,2026-10-10T16:30:00Z,Barcelona,Getafe,A,pinnacle,26.94,0.03576,32.0,onexbet,17,22.0,
2026-10-09T20:45:38+00:00,soccer_spain_la_liga,edb80d633a1906e5865ab70cc9b540ea,2026-10-10T16:30:00Z,Barcelona,Getafe,Draw,pinnacle,13.36,0.07212,15.0,unibet_nl,17,12.0,
2026-10-09T20:45:38+00:00,soccer_spain_la_liga,551f242223b1625f458d1a2ea212a0c3,2026-10-10T19:00:00Z,Real Madrid,Villarreal,H,pinnacle,1.36,0.70858,1.4,onexbet,17,1.33,
2026-10-09T20:45:38+00:00,soccer_spain_la_liga,551f242223b1625f458d1a2ea212a0c3,2026-10-10T19:00:00Z,Real Madrid,Villarreal,A,pinnacle,7.25,0.13292,8.0,matchbook,17,6.5,
2026-10-09T20:45:38+00:00,soccer_spain_la_liga,551f242223b1625f458d1a2ea212a0c3,2026-10-10T19:00:00Z,Real Madrid,Villarreal,Draw,pinnacle,6.08,0.1585,6.25,unibet_nl,17,5.75,
2026-10-09T20:45:38+00:00,soccer_spain_la_liga,7daf7edaf572eba3ac86196c663d67d3,2026-10-11T12:00:00Z,Elche CF,Celta Vigo,A,pinnacle,2.67,0.36293,2.75,coolbet,17,2.48,
2026-10-09T20:45:38+00:00,soccer_spain_la_liga,7daf7edaf572eba3ac86196c663d67d3,2026-10-11T12:00:00Z,Elche CF,Celta Vigo,H,pinnacle,2.8,0.34608,2.93,onexbet,17,2.73,
2026-10-09T20:45:38+00:00,soccer_spain_la_liga,7daf7edaf572eba3ac86196c663d67d3,2026-10-11T12:00:00Z,Elche CF,Celta Vigo,Draw,pinnacle,3.33,0.291,3.35,winamax_de,17,3.23,
2026-10-09T20:45:38+00:00,soccer_spain_la_liga,2997b68cc93f62d8a1dee9f06bedbefd,2026-10-11T14:15:00Z,Real Sociedad,Deportivo La Coruña,A,pinnacle,5.87,0.16422,6.2,matchbook,16,,
2026-10-09T20:45:38+00:00,soccer_spain_la_liga,2997b68cc93f62d8a1dee9f06bedbefd,2026-10-11T14:15:00Z,Real Sociedad,Deportivo La Coruña,H,pinnacle,1.59,0.60627,1.66,onexbet,16,,
2026-10-09T20:45:38+00:00,soccer_spain_la_liga,2997b68cc93f62d8a1dee9f06bedbefd,2026-10-11T14:15:00Z,Real Sociedad,Deportivo La Coruña,Draw,pinnacle,4.2,0.22952,4.3,matchbook,16,,
2026-10-09T20:45:38+00:00,soccer_spain_la_liga,984691837d31fd0c59c088f377f55f75,2026-10-11T16:30:00Z,Real Betis,CA Osasuna,A,pinnacle,6.2,0.15574,6.6,matchbook,17,5.75,
2026-10-09T20:45:38+00:00,soccer_spain_la_liga,984691837d31fd0c59c088f377f55f75,2026-10-11T16:30:00Z,Real Betis,CA Osasuna,H,pinnacle,1.52,0.63526,1.58,coolbet,17,1.48,
2026-10-09T20:45:38+00:00,soccer_spain_la_liga,984691837d31fd0c59c088f377f55f75,2026-10-11T16:30:00Z,Real Betis,CA Osasuna,Draw,pinnacle,4.62,0.209,4.6,winamax_de,17,4.3,
2026-10-09T20:45:38+00:00,soccer_spain_la_liga,66a4f4201806b928c9007116727fdd61,2026-10-11T19:00:00Z,Real Racing Club de Santander,Valencia,H,pinnacle,2.38,0.40632,2.42,onexbet,17,2.23,
2026-10-09T20:45:38+00:00,soccer_spain_la_liga,66a4f4201806b928c9007116727fdd61,2026-10-11T19:00:00Z,Real Racing Club de Santander,Valencia,A,pinnacle,3.01,0.32128,3.1,unibet_se,17,2.9,
2026-10-09T20:45:38+00:00,soccer_spain_la_liga,66a4f4201806b928c9007116727fdd61,2026-10-11T19:00:00Z,Real Racing Club de Santander,Valencia,Draw,pinnacle,3.55,0.27241,3.71,onexbet,17,3.47,
2026-10-09T20:45:38+00:00,soccer_spain_la_liga,529fc26c7774d5b469932e275c668921,2026-10-12T19:00:00Z,Levante,Sevilla,H,pinnacle,2.78,0.34847,2.88,matchbook,17,2.67,
2026-10-09T20:45:38+00:00,soccer_spain_la_liga,529fc26c7774d5b469932e275c668921,2026-10-12T19:00:00Z,Levante,Sevilla,A,pinnacle,2.68,0.36148,2.76,matchbook,17,2.48,
2026-10-09T20:45:38+00:00,soccer_spain_la_liga,529fc26c7774d5b469932e275c668921,2026-10-12T19:00:00Z,Levante,Sevilla,Draw,pinnacle,3.34,0.29005,3.43,onexbet,17,3.2,
2026-10-09T20:45:38+00:00,soccer_spain_la_liga,19ee731602634e5c9e3106630e087464,2026-10-16T19:00:00Z,Deportivo La Coruña,Levante,H,pinnacle,2.08,0.45761,2.17,onexbet,12,,
2026-10-09T20:45:38+00:00,soccer_spain_la_liga,19ee731602634e5c9e3106630e087464,2026-10-16T19:00:00Z,Deportivo La Coruña,Levante,A,pinnacle,3.54,0.26888,3.6,unibet_se,12,,
2026-10-09T20:45:38+00:00,soccer_spain_la_liga,19ee731602634e5c9e3106630e087464,2026-10-16T19:00:00Z,Deportivo La Coruña,Levante,Draw,pinnacle,3.48,0.27351,3.62,onexbet,12,,
2026-10-09T20:45:38+00:00,soccer_spain_la_liga,6436925dd15916d7041ba32b60000d48,2026-10-17T12:00:00Z,Espanyol,Atlético Madrid,A,pinnacle,1.82,0.52195,1.91,onexbet,11,1.73,
2026-10-09T20:45:38+00:00,soccer_spain_la_liga,6436925dd15916d7041ba32b60000d48,2026-10-17T12:00:00Z,Espanyol,Atlético Madrid,H,pinnacle,4.24,0.22405,4.4,tipico_de,11,4.2,
2026-10-09T20:45:38+00:00,soccer_spain_la_liga,6436925dd15916d7041ba32b60000d48,2026-10-17T12:00:00Z,Espanyol,Atlético Madrid,Draw,pinnacle,3.74,0.254,3.84,onexbet,11,3.65,
2026-10-09T20:45:38+00:00,soccer_spain_la_liga,aef660734585649651415961a9d177c6,2026-10-17T14:15:00Z,Villarreal,Elche CF,A,pinnacle,6.04,0.15662,6.73,onexbet,12,5.6,
2026-10-09T20:45:38+00:00,soccer_spain_la_liga,aef660734585649651415961a9d177c6,2026-10-17T14:15:00Z,Villarreal,Elche CF,H,pinnacle,1.46,0.64793,1.51,onexbet,12,1.43,
2026-10-09T20:45:38+00:00,soccer_spain_la_liga,aef660734585649651415961a9d177c6,2026-10-17T14:15:00Z,Villarreal,Elche CF,Draw,pinnacle,4.84,0.19545,5.0,unibet_se,12,4.65,
2026-10-09T20:45:38+00:00,soccer_spain_la_liga,846e496fc232b2fc20214754836727d0,2026-10-17T16:30:00Z,Real Betis,Barcelona,A,betfair_ex_eu,1.44,0.68579,1.49,onexbet,12,1.37,
2026-10-09T20:45:38+00:00,soccer_spain_la_liga,846e496fc232b2fc20214754836727d0,2026-10-17T16:30:00Z,Real Betis,Barcelona,H,betfair_ex_eu,6.0,0.16459,6.21,onexbet,12,5.75,
2026-10-09T20:45:38+00:00,soccer_spain_la_liga,846e496fc232b2fc20214754836727d0,2026-10-17T16:30:00Z,Real Betis,Barcelona,Draw,betfair_ex_eu,6.6,0.14963,6.0,tipico_de,12,5.4,
2026-10-09T20:45:38+00:00,soccer_spain_la_liga,f00cd1ea41fa39149729d14ebc07aa6c,2026-10-17T19:00:00Z,Valencia,Athletic Bilbao,A,pinnacle,2.04,0.46666,2.18,onexbet,12,2.02,
2026-10-09T20:45:38+00:00,soccer_spain_la_liga,f00cd1ea41fa39149729d14ebc07aa6c,2026-10-17T19:00:00Z,Valencia,Athletic Bilbao,H,pinnacle,3.71,0.2566,3.62,onexbet,12,3.4,
2026-10-09T20:45:38+00:00,soccer_spain_la_liga,f00cd1ea41fa39149729d14ebc07aa6c,2026-10-17T19:00:00Z,Valencia,Athletic Bilbao,Draw,pinnacle,3.44,0.27674,3.58,onexbet,12,3.35,
2026-10-09T20:45:38+00:00,soccer_spain_la_liga,1f566f17c50fe5162724ec2863d2207b,2026-10-18T12:00:00Z,CA Osasuna,Real Racing Club de Santander,H,pinnacle,1.91,0.49748,1.95,onexbet,12,1.82,
2026-10-09T20:45:38+00:00,soccer_spain_la_liga,1f566f17c50fe5162724ec2863d2207b,2026-10-18T12:00:00Z,CA Osasuna,Real Racing Club de Santander,A,pinnacle,4.26,0.22305,4.32,onexbet,12,3.75,
2026-10-09T20:45:38+00:00,soccer_spain_la_liga,1f566f17c50fe5162724ec2863d2207b,2026-10-18T12:00:00Z,CA Osasuna,Real Racing Club de Santander,Draw,pinnacle,3.4,0.27947,3.68,onexbet,12,3.5,
2026-10-09T20:45:38+00:00,soccer_spain_la_liga,aabe899ecc4c19a1fafe5440151b62e4,2026-10-18T14:15:00Z,Celta Vigo,Alavés,A,pinnacle,3.87,0.24551,3.95,unibet_se,12,3.58,
2026-10-09T20:45:38+00:00,soccer_spain_la_liga,aabe899ecc4c19a1fafe5440151b62e4,2026-10-18T14:15:00Z,Celta Vigo,Alavés,H,pinnacle,2.0,0.47505,2.08,onexbet,12,1.95,
2026-10-09T20:45:38+00:00,soccer_spain_la_liga,aabe899ecc4c19a1fafe5440151b62e4,2026-10-18T14:15:00Z,Celta Vigo,Alavés,Draw,pinnacle,3.4,0.27944,3.58,onexbet,12,3.25,
2026-10-09T20:45:38+00:00,soccer_spain_la_liga,1051298b4aca6f07113309bff598a5c1,2026-10-18T16:30:00Z,Málaga,Real Sociedad,H,pinnacle,3.26,0.2924,3.3,unibet_se,12,3.03,
2026-10-09T20:45:38+00:00,soccer_spain_la_liga,1051298b4aca6f07113309bff598a5c1,2026-10-18T16:30:00Z,Málaga,Real Sociedad,A,pinnacle,2.19,0.43526,2.29,onexbet,12,2.13,
2026-10-09T20:45:38+00:00,soccer_spain_la_liga,1051298b4aca6f07113309bff598a5c1,2026-10-18T16:30:00Z,Málaga,Real Sociedad,Draw,pinnacle,3.5,0.27235,3.63,onexbet,12,3.33,
2026-10-09T20:45:38+00:00,soccer_spain_la_liga,eccd63bf768e2f2a358b871d3f33a63d,2026-10-18T19:00:00Z,Real Madrid,Sevilla,H,betfair_ex_eu,1.27,0.77711,1.3,onexbet,12,1.22,
2026-10-09T20:45:38+00:00,soccer_spain_la_liga,eccd63bf768e2f2a358b871d3f33a63d,2026-10-18T19:00:00Z,Real Madrid,Sevilla,A,betfair_ex_eu,11.5,0.08582,11.5,unibet_se,12,8.75,
2026-10-09T20:45:38+00:00,soccer_spain_la_liga,eccd63bf768e2f2a358b871d3f33a63d,2026-10-18T19:00:00Z,Real Madrid,Sevilla,Draw,betfair_ex_eu,7.2,0.13707,7.2,tipico_de,12,6.0,
2026-10-09T20:45:38+00:00,soccer_spain_la_liga,4a88bc4de574d43ef34677fd8d78722f,2026-10-19T19:00:00Z,Getafe,Rayo Vallecano,H,pinnacle,2.71,0.33503,2.97,onexbet,12,2.77,
2026-10-09T20:45:38+00:00,soccer_spain_la_liga,4a88bc4de574d43ef34677fd8d78722f,2026-10-19T19:00:00Z,Getafe,Rayo Vallecano,A,pinnacle,2.44,0.3721,2.8,unibet_se,12,2.47,
2026-10-09T20:45:38+00:00,soccer_spain_la_liga,4a88bc4de574d43ef34677fd8d78722f,2026-10-19T19:00:00Z,Getafe,Rayo Vallecano,Draw,pinnacle,3.1,0.29288,3.26,onexbet,12,3.0,
2026-10-09T20:45:38+00:00,soccer_italy_serie_a,2f8e871a0f7f66ae22938028645e1066,2026-10-10T13:00:00Z,Genoa,Fiorentina,A,pinnacle,2.33,0.41523,2.4,matchbook,20,2.23,2.25
2026-10-09T20:45:38+00:00,soccer_italy_serie_a,2f8e871a0f7f66ae22938028645e1066,2026-10-10T13:00:00Z,Genoa,Fiorentina,H,pinnacle,3.37,0.28709,3.45,matchbook,20,3.12,3.1
2026-10-09T20:45:38+00:00,soccer_italy_serie_a,2f8e871a0f7f66ae22938028645e1066,2026-10-10T13:00:00Z,Genoa,Fiorentina,Draw,pinnacle,3.25,0.29769,3.48,onexbet,20,3.22,3.2
2026-10-09T20:45:38+00:00,soccer_italy_serie_a,1a01b0611dacd334e1558a5097e05023,2026-10-10T16:00:00Z,Inter Milan,Parma,H,pinnacle,1.13,0.85101,1.17,onexbet,20,1.1,1.14
2026-10-09T20:45:38+00:00,soccer_italy_serie_a,1a01b0611dacd334e1558a5097e05023,2026-10-10T16:00:00Z,Inter Milan,Parma,A,pinnacle,18.14,0.05301,25.0,matchbook,20,17.75,15.0
2026-10-09T20:45:38+00:00,soccer_italy_serie_a,1a01b0611dacd334e1558a5097e05023,2026-10-10T16:00:00Z,Inter Milan,Parma,Draw,pinnacle,10.02,0.09597,10.09,betonlineag,20,8.75,8.5
2026-10-09T20:45:38+00:00,soccer_italy_serie_a,40c1bd70fee927f9bfa8901edab02b48,2026-10-10T18:45:00Z,Napoli,Frosinone,A,pinnacle,6.28,0.15353,7.2,matchbook,20,5.9,6.0
2026-10-09T20:45:38+00:00,soccer_italy_serie_a,40c1bd70fee927f9bfa8901edab02b48,2026-10-10T18:45:00Z,Napoli,Frosinone,H,pinnacle,1.47,0.65591,1.49,onexbet,20,1.42,1.44
2026-10-09T20:45:38+00:00,soccer_italy_serie_a,40c1bd70fee927f9bfa8901edab02b48,2026-10-10T18:45:00Z,Napoli,Frosinone,Draw,pinnacle,5.06,0.19055,5.1,winamax_de,20,4.8,4.5
2026-10-09T20:45:38+00:00,soccer_italy_serie_a,2547c0dbddd26d23fa532228e36348cb,2026-10-11T10:30:00Z,Como,AS Roma,A,pinnacle,2.72,0.35589,2.8,matchbook,20,2.57,2.5
2026-10-09T20:45:38+00:00,soccer_italy_serie_a,2547c0dbddd26d23fa532228e36348cb,2026-10-11T10:30:00Z,Como,AS Roma,H,pinnacle,2.58,0.37521,2.68,matchbook,20,2.48,2.5
2026-10-09T20:45:38+00:00,soccer_italy_serie_a,2547c0dbddd26d23fa532228e36348cb,2026-10-11T10:30:00Z,Como,AS Roma,Draw,pinnacle,3.6,0.2689,3.71,onexbet,20,3.48,3.4
2026-10-09T20:45:38+00:00,soccer_italy_serie_a,946716d7e5e52822f08be8cb95193d9d,2026-10-11T13:00:00Z,Lecce,Bologna,A,pinnacle,1.93,0.49979,1.98,onexbet,20,1.85,1.91
2026-10-09T20:45:38+00:00,soccer_italy_serie_a,946716d7e5e52822f08be8cb95193d9d,2026-10-11T13:00:00Z,Lecce,Bologna,H,pinnacle,4.7,0.20523,5.0,matchbook,20,4.2,3.9
2026-10-09T20:45:38+00:00,soccer_italy_serie_a,946716d7e5e52822f08be8cb95193d9d,2026-10-11T13:00:00Z,Lecce,Bologna,Draw,pinnacle,3.27,0.29498,3.5,unibet_se,20,3.32,3.25
2026-10-09T20:45:38+00:00,soccer_italy_serie_a,c0f72699f32ec193b64fd54092fe268d,2026-10-11T13:00:00Z,Lazio,Monza,H,pinnacle,1.64,0.58803,1.69,onexbet,20,1.58,1.53
2026-10-09T20:45:38+00:00,soccer_italy_serie_a,c0f72699f32ec193b64fd54092fe268d,2026-10-11T13:00:00Z,Lazio,Monza,A,pinnacle,5.51,0.17502,6.0,matchbook,20,5.25,5.5
2026-10-09T20:45:38+00:00,soccer_italy_serie_a,c0f72699f32ec193b64fd54092fe268d,2026-10-11T13:00:00Z,Lazio,Monza,Draw,pinnacle,4.07,0.23695,4.22,betonlineag,20,3.9,3.8
2026-10-09T20:45:38+00:00,soccer_italy_serie_a,1cf64166dda1e0da8b325161deb39662,2026-10-11T16:00:00Z,Sassuolo,AC Milan,A,pinnacle,1.84,0.52429,1.89,matchbook,20,1.78,1.8
2026-10-09T20:45:38+00:00,soccer_italy_serie_a,1cf64166dda1e0da8b325161deb39662,2026-10-11T16:00:00Z,Sassuolo,AC Milan,H,pinnacle,4.31,0.22383,4.6,matchbook,20,4.1,4.0
2026-10-09T20:45:38+00:00,soccer_italy_serie_a,1cf64166dda1e0da8b325161deb39662,2026-10-11T16:00:00Z,Sassuolo,AC Milan,Draw,pinnacle,3.83,0.25188,3.91,onexbet,20,3.65,3.6
2026-10-09T20:45:38+00:00,soccer_italy_serie_a,407f7d03157d1dfad384876e6a6bc910,2026-10-11T18:45:00Z,Cagliari,Juventus,H,pinnacle,6.43,0.14988,7.0,matchbook,20,6.1,6.0
2026-10-09T20:45:38+00:00,soccer_italy_serie_a,407f7d03157d1dfad384876e6a6bc910,2026-10-11T18:45:00Z,Cagliari,Juventus,A,pinnacle,1.59,0.60613,1.62,onexbet,20,1.51,1.53
2026-10-09T20:45:38+00:00,soccer_italy_serie_a,407f7d03157d1dfad384876e6a6bc910,2026-10-11T18:45:00Z,Cagliari,Juventus,Draw,pinnacle,3.95,0.24399,4.1,winamax_de,20,3.98,3.8
2026-10-09T20:45:38+00:00,soccer_italy_serie_a,0f2e7ff90b994f31d5cd48a9680943e1,2026-10-12T16:30:00Z,Atalanta BC,Venezia,H,pinnacle,1.57,0.61335,1.63,onexbet,20,1.51,1.53
2026-10-09T20:45:38+00:00,soccer_italy_serie_a,0f2e7ff90b994f31d5cd48a9680943e1,2026-10-12T16:30:00Z,Atalanta BC,Venezia,A,pinnacle,6.14,0.15683,6.2,matchbook,20,5.25,5.0
2026-10-09T20:45:38+00:00,soccer_italy_serie_a,0f2e7ff90b994f31d5cd48a9680943e1,2026-10-12T16:30:00Z,Atalanta BC,Venezia,Draw,pinnacle,4.19,0.22982,4.4,matchbook,20,4.15,4.2
2026-10-09T20:45:38+00:00,soccer_italy_serie_a,f4a28510bb0c835280a2aca709c19d50,2026-10-12T18:45:00Z,Torino,Udinese,H,pinnacle,2.36,0.4103,2.44,matchbook,20,2.27,2.3
2026-10-09T20:45:38+00:00,soccer_italy_serie_a,f4a28510bb0c835280a2aca709c19d50,2026-10-12T18:45:00Z,Torino,Udinese,A,pinnacle,3.34,0.28991,3.4,matchbook,20,3.05,3.1
2026-10-09T20:45:38+00:00,soccer_italy_serie_a,f4a28510bb0c835280a2aca709c19d50,2026-10-12T18:45:00Z,Torino,Udinese,Draw,pinnacle,3.23,0.29979,3.35,onexbet,20,3.1,3.1
2026-10-09T20:45:38+00:00,soccer_italy_serie_a,7d3160040958fe21778fd5ee485666c3,2026-10-16T18:45:00Z,Frosinone,Sassuolo,H,pinnacle,2.42,0.39338,2.55,unibet_se,14,2.3,2.4
2026-10-09T20:45:38+00:00,soccer_italy_serie_a,7d3160040958fe21778fd5ee485666c3,2026-10-16T18:45:00Z,Frosinone,Sassuolo,A,pinnacle,2.9,0.32827,2.96,onexbet,14,2.72,2.75
2026-10-09T20:45:38+00:00,soccer_italy_serie_a,7d3160040958fe21778fd5ee485666c3,2026-10-16T18:45:00Z,Frosinone,Sassuolo,Draw,pinnacle,3.42,0.27836,3.55,winamax_de,14,3.48,3.3
2026-10-09T20:45:38+00:00,soccer_italy_serie_a,907639dade64cca45d1ab639195d201e,2026-10-17T13:00:00Z,Venezia,Napoli,A,pinnacle,1.7,0.55695,1.76,unibet_se,13,1.65,1.7
2026-10-09T20:45:38+00:00,soccer_italy_serie_a,907639dade64cca45d1ab639195d201e,2026-10-17T13:00:00Z,Venezia,Napoli,H,pinnacle,4.44,0.21325,4.74,onexbet,13,4.45,4.33
2026-10-09T20:45:38+00:00,soccer_italy_serie_a,907639dade64cca45d1ab639195d201e,2026-10-17T13:00:00Z,Venezia,Napoli,Draw,pinnacle,4.12,0.22981,4.22,onexbet,13,3.83,3.8
2026-10-09T20:45:38+00:00,soccer_italy_serie_a,bfefc309177723410230fee52f650315,2026-10-17T16:00:00Z,Bologna,Inter Milan,H,pinnacle,5.45,0.17367,5.7,tipico_de,13,4.85,4.8
2026-10-09T20:45:38+00:00,soccer_italy_serie_a,bfefc309177723410230fee52f650315,2026-10-17T16:00:00Z,Bologna,Inter Milan,A,pinnacle,1.62,0.58426,1.69,onexbet,13,1.58,1.65
2026-10-09T20:45:38+00:00,soccer_italy_serie_a,bfefc309177723410230fee52f650315,2026-10-17T16:00:00Z,Bologna,Inter Milan,Draw,pinnacle,3.91,0.24207,4.2,unibet_se,13,3.98,3.75
2026-10-09T20:45:38+00:00,soccer_italy_serie_a,18d478f469da3bcc654dd4555b85c7e3,2026-10-17T18:45:00Z,AS Roma,Genoa,H,pinnacle,1.33,0.71264,1.36,onexbet,13,1.3,1.33
2026-10-09T20:45:38+00:00,soccer_italy_serie_a,18d478f469da3bcc654dd4555b85c7e3,2026-10-17T18:45:00Z,AS Roma,Genoa,A,pinnacle,8.5,0.11151,10.5,unibet_se,13,8.0,8.5
2026-10-09T20:45:38+00:00,soccer_italy_serie_a,18d478f469da3bcc654dd4555b85c7e3,2026-10-17T18:45:00Z,AS Roma,Genoa,Draw,pinnacle,5.39,0.17585,5.53,onexbet,13,5.1,4.8
2026-10-09T20:45:38+00:00,soccer_italy_serie_a,367da93aa21a1e13eeafb94fd2263c75,2026-10-18T10:30:00Z,Udinese,Lecce,A,pinnacle,4.2,0.22603,4.4,unibet_se,13,4.0,3.9
2026-10-09T20:45:38+00:00,soccer_italy_serie_a,367da93aa21a1e13eeafb94fd2263c75,2026-10-18T10:30:00Z,Udinese,Lecce,H,pinnacle,1.85,0.51316,1.95,onexbet,13,1.79,1.85
2026-10-09T20:45:38+00:00,soccer_italy_serie_a,367da93aa21a1e13eeafb94fd2263c75,2026-10-18T10:30:00Z,Udinese,Lecce,Draw,pinnacle,3.64,0.26081,3.71,onexbet,13,3.43,3.4
2026-10-09T20:45:38+00:00,soccer_italy_serie_a,3ea32a0aa44a5f0ef7fd088155430087,2026-10-18T13:00:00Z,Fiorentina,Como,A,pinnacle,2.07,0.45966,2.13,onexbet,13,2.0,2.05
2026-10-09T20:45:38+00:00,soccer_italy_serie_a,3ea32a0aa44a5f0ef7fd088155430087,2026-10-18T13:00:00Z,Fiorentina,Como,H,pinnacle,3.36,0.28318,3.65,unibet_se,13,3.2,3.3
2026-10-09T20:45:38+00:00,soccer_italy_serie_a,3ea32a0aa44a5f0ef7fd088155430087,2026-10-18T13:00:00Z,Fiorentina,Como,Draw,pinnacle,3.7,0.25716,3.81,onexbet,13,3.5,3.5
2026-10-09T20:45:38+00:00,soccer_italy_serie_a,f9403dd597edbfaa73abdc974e55344c,2026-10-18T16:00:00Z,AC Milan,Atalanta BC,H,pinnacle,1.85,0.51386,1.93,onexbet,13,1.81,1.85
2026-10-09T20:45:38+00:00,soccer_italy_serie_a,f9403dd597edbfaa73abdc974e55344c,2026-10-18T16:00:00Z,AC Milan,Atalanta BC,A,pinnacle,4.16,0.22852,4.25,unibet_se,13,3.78,3.9
2026-10-09T20:45:38+00:00,soccer_italy_serie_a,f9403dd597edbfaa73abdc974e55344c,2026-10-18T16:00:00Z,AC Milan,Atalanta BC,Draw,pinnacle,3.69,0.25762,3.86,onexbet,13,3.53,3.4
2026-10-09T20:45:38+00:00,soccer_italy_serie_a,4c4026e2782f09d6f0ff2bde2a390513,2026-10-18T18:45:00Z,Juventus,Lazio,H,pinnacle,1.64,0.57774,1.69,onexbet,13,1.58,1.61
2026-10-09T20:45:38+00:00,soccer_italy_serie_a,4c4026e2782f09d6f0ff2bde2a390513,2026-10-18T18:45:00Z,Juventus,Lazio,A,pinnacle,5.34,0.17743,5.71,onexbet,13,5.0,5.0
2026-10-09T20:45:38+00:00,soccer_italy_serie_a,4c4026e2782f09d6f0ff2bde2a390513,2026-10-18T18:45:00Z,Juventus,Lazio,Draw,pinnacle,3.87,0.24483,4.04,onexbet,13,3.73,3.8
2026-10-09T20:45:38+00:00,soccer_italy_serie_a,ce94aca384a20f6af459366da6e1dd21,2026-10-19T16:30:00Z,Monza,Cagliari,A,pinnacle,3.43,0.27754,3.65,unibet_se,13,3.22,3.3
2026-10-09T20:45:38+00:00,soccer_italy_serie_a,ce94aca384a20f6af459366da6e1dd21,2026-10-19T16:30:00Z,Monza,Cagliari,H,pinnacle,2.25,0.4231,2.32,onexbet,13,2.12,2.2
2026-10-09T20:45:38+00:00,soccer_italy_serie_a,ce94aca384a20f6af459366da6e1dd21,2026-10-19T16:30:00Z,Monza,Cagliari,Draw,pinnacle,3.18,0.29936,3.27,onexbet,13,3.15,3.0
2026-10-09T20:45:38+00:00,soccer_italy_serie_a,07014d9adc65ca39710bd9f0c7c0d3f0,2026-10-19T18:45:00Z,Parma,Torino,H,pinnacle,3.18,0.29951,3.25,onexbet,13,2.92,3.0
2026-10-09T20:45:38+00:00,soccer_italy_serie_a,07014d9adc65ca39710bd9f0c7c0d3f0,2026-10-19T18:45:00Z,Parma,Torino,A,pinnacle,2.48,0.38405,2.54,onexbet,13,2.32,2.4
2026-10-09T20:45:38+00:00,soccer_italy_serie_a,07014d9adc65ca39710bd9f0c7c0d3f0,2026-10-19T18:45:00Z,Parma,Torino,Draw,pinnacle,3.01,0.31643,3.25,unibet_se,13,3.07,3.0
2026-10-09T20:45:38+00:00,soccer_germany_bundesliga,3b71160ad20dba786c4f92e33c987d80,2026-10-10T13:30:00Z,Augsburg,Bayern Munich,H,pinnacle,12.07,0.07928,15.0,onexbet,19,11.5,12.0
2026-10-09T20:45:38+00:00,soccer_germany_bundesliga,3b71160ad20dba786c4f92e33c987d80,2026-10-10T13:30:00Z,Augsburg,Bayern Munich,A,pinnacle,1.16,0.82493,1.2,unibet_se,19,1.14,1.17
2026-10-09T20:45:38+00:00,soccer_germany_bundesliga,3b71160ad20dba786c4f92e33c987d80,2026-10-10T13:30:00Z,Augsburg,Bayern Munich,Draw,pinnacle,9.99,0.09579,10.2,onexbet,19,8.5,8.5
2026-10-09T20:45:38+00:00,soccer_germany_bundesliga,418f8c26d46eaabd829f2e265673b855,2026-10-10T13:30:00Z,FSV Mainz 05,Bayer Leverkusen,A,pinnacle,2.19,0.44147,2.31,onexbet,19,2.17,2.2
2026-10-09T20:45:38+00:00,soccer_germany_bundesliga,418f8c26d46eaabd829f2e265673b855,2026-10-10T13:30:00Z,FSV Mainz 05,Bayer Leverkusen,H,pinnacle,3.04,0.31803,3.1,tipico_de,19,2.85,2.88
2026-10-09T20:45:38+00:00,soccer_germany_bundesliga,418f8c26d46eaabd829f2e265673b855,2026-10-10T13:30:00Z,FSV Mainz 05,Bayer Leverkusen,Draw,pinnacle,4.02,0.2405,4.1,unibet_se,19,3.73,3.6
2026-10-09T20:45:38+00:00,soccer_germany_bundesliga,2fd48be0a24ed906187067d4170bf010,2026-10-10T13:30:00Z,Union Berlin,Elversberg,A,pinnacle,2.86,0.33858,2.92,matchbook,19,2.67,2.7
2026-10-09T20:45:38+00:00,soccer_germany_bundesliga,2fd48be0a24ed906187067d4170bf010,2026-10-10T13:30:00Z,Union Berlin,Elversberg,H,pinnacle,2.37,0.40859,2.46,matchbook,19,2.32,2.25
2026-10-09T20:45:38+00:00,soccer_germany_bundesliga,2fd48be0a24ed906187067d4170bf010,2026-10-10T13:30:00Z,Union Berlin,Elversberg,Draw,pinnacle,3.83,0.25283,3.9,unibet_se,19,3.65,3.6
2026-10-09T20:45:38+00:00,soccer_germany_bundesliga,f03c08c0ae5fd66c2d2df2053115bb94,2026-10-10T13:30:00Z,TSG Hoffenheim,Hamburger SV,A,pinnacle,7.18,0.13405,7.6,matchbook,19,6.25,6.5
2026-10-09T20:45:38+00:00,soccer_germany_bundesliga,f03c08c0ae5fd66c2d2df2053115bb94,2026-10-10T13:30:00Z,TSG Hoffenheim,Hamburger SV,H,pinnacle,1.43,0.67307,1.49,onexbet,19,1.4,1.4
2026-10-09T20:45:38+00:00,soccer_germany_bundesliga,f03c08c0ae5fd66c2d2df2053115bb94,2026-10-10T13:30:00Z,TSG Hoffenheim,Hamburger SV,Draw,pinnacle,4.99,0.19288,5.4,unibet_se,19,4.9,4.75
2026-10-09T20:45:38+00:00,soccer_germany_bundesliga,9aade3e736c3d113dab19e641c43e272,2026-10-10T13:30:00Z,SC Paderborn,VfB Stuttgart,H,pinnacle,5.06,0.19063,5.25,coolbet,19,4.6,4.6
2026-10-09T20:45:38+00:00,soccer_germany_bundesliga,9aade3e736c3d113dab19e641c43e272,2026-10-10T13:30:00Z,SC Paderborn,VfB Stuttgart,A,pinnacle,1.58,0.61049,1.65,matchbook,19,1.54,1.53
2026-10-09T20:45:38+00:00,soccer_germany_bundesliga,9aade3e736c3d113dab19e641c43e272,2026-10-10T13:30:00Z,SC Paderborn,VfB Stuttgart,Draw,pinnacle,4.85,0.19888,5.03,onexbet,19,4.7,4.5
2026-10-09T20:45:38+00:00,soccer_germany_bundesliga,01cb7a67c8ae71201ec27297455fc0e8,2026-10-10T16:30:00Z,RB Leipzig,Eintracht Frankfurt,A,pinnacle,4.81,0.20013,5.3,unibet_se,19,4.65,4.5
2026-10-09T20:45:38+00:00,soccer_germany_bundesliga,01cb7a67c8ae71201ec27297455fc0e8,2026-10-10T16:30:00Z,RB Leipzig,Eintracht Frankfurt,H,pinnacle,1.59,0.60541,1.63,matchbook,19,1.53,1.57
2026-10-09T20:45:38+00:00,soccer_germany_bundesliga,01cb7a67c8ae71201ec27297455fc0e8,2026-10-10T16:30:00Z,RB Leipzig,Eintracht Frankfurt,Draw,pinnacle,4.95,0.19446,5.1,matchbook,19,4.75,4.5
2026-10-09T20:45:38+00:00,soccer_germany_bundesliga,a8801462cb97a43570956e4b3ef4aedf,2026-10-11T13:30:00Z,1. FC Köln,Borussia Monchengladbach,H,pinnacle,2.13,0.45429,2.18,onexbet,19,2.03,2.0
2026-10-09T20:45:38+00:00,soccer_germany_bundesliga,a8801462cb97a43570956e4b3ef4aedf,2026-10-11T13:30:00Z,1. FC Köln,Borussia Monchengladbach,A,pinnacle,3.34,0.28971,3.5,matchbook,19,3.12,3.1
2026-10-09T20:45:38+00:00,soccer_germany_bundesliga,a8801462cb97a43570956e4b3ef4aedf,2026-10-11T13:30:00Z,1. FC Köln,Borussia Monchengladbach,Draw,pinnacle,3.78,0.25599,4.1,unibet_se,19,3.73,3.8
2026-10-09T20:45:38+00:00,soccer_germany_bundesliga,eaf509fb37413b7d055cd394667792b3,2026-10-11T15:30:00Z,SC Freiburg,FC Schalke 04,A,pinnacle,5.63,0.1712,5.9,matchbook,19,4.85,4.8
2026-10-09T20:45:38+00:00,soccer_germany_bundesliga,eaf509fb37413b7d055cd394667792b3,2026-10-11T15:30:00Z,SC Freiburg,FC Schalke 04,H,pinnacle,1.65,0.58416,1.71,onexbet,19,1.6,1.61
2026-10-09T20:45:38+00:00,soccer_germany_bundesliga,eaf509fb37413b7d055cd394667792b3,2026-10-11T15:30:00Z,SC Freiburg,FC Schalke 04,Draw,pinnacle,3.94,0.24464,4.2,unibet_se,19,3.98,3.8
2026-10-09T20:45:38+00:00,soccer_germany_bundesliga,947bd5d924835af090d9cdc7bbdf10f6,2026-10-16T18:30:00Z,Eintracht Frankfurt,1. FC Köln,A,pinnacle,3.56,0.26686,3.65,unibet_se,14,3.32,3.3
2026-10-09T20:45:38+00:00,soccer_germany_bundesliga,947bd5d924835af090d9cdc7bbdf10f6,2026-10-16T18:30:00Z,Eintracht Frankfurt,1. FC Köln,H,pinnacle,1.88,0.50532,2.0,onexbet,14,1.86,1.91
2026-10-09T20:45:38+00:00,soccer_germany_bundesliga,947bd5d924835af090d9cdc7bbdf10f6,2026-10-16T18:30:00Z,Eintracht Frankfurt,1. FC Köln,Draw,pinnacle,4.17,0.22782,4.3,onexbet,14,4.0,3.9
2026-10-09T20:45:38+00:00,soccer_germany_bundesliga,0bf757f3bd903496ce2fa27bd0481869,2026-10-17T13:30:00Z,Elversberg,Augsburg,A,pinnacle,2.66,0.35858,2.8,unibet_se,13,2.55,2.6
2026-10-09T20:45:38+00:00,soccer_germany_bundesliga,0bf757f3bd903496ce2fa27bd0481869,2026-10-17T13:30:00Z,Elversberg,Augsburg,H,pinnacle,2.5,0.38153,2.55,onexbet,13,2.33,2.4
2026-10-09T20:45:38+00:00,soccer_germany_bundesliga,0bf757f3bd903496ce2fa27bd0481869,2026-10-17T13:30:00Z,Elversberg,Augsburg,Draw,pinnacle,3.67,0.2599,4.0,unibet_se,13,3.75,3.6
2026-10-09T20:45:38+00:00,soccer_germany_bundesliga,d8eac776adb07b0e7f01d8736d097291,2026-10-17T13:30:00Z,Union Berlin,Borussia Dortmund,A,pinnacle,1.65,0.57336,1.73,onexbet,13,1.58,1.67
2026-10-09T20:45:38+00:00,soccer_germany_bundesliga,d8eac776adb07b0e7f01d8736d097291,2026-10-17T13:30:00Z,Union Berlin,Borussia Dortmund,H,pinnacle,4.59,0.20611,5.4,unibet_se,13,4.55,4.33
2026-10-09T20:45:38+00:00,soccer_germany_bundesliga,d8eac776adb07b0e7f01d8736d097291,2026-10-17T13:30:00Z,Union Berlin,Borussia Dortmund,Draw,pinnacle,4.29,0.22052,4.5,unibet_se,13,4.2,4.0
2026-10-09T20:45:38+00:00,soccer_germany_bundesliga,606d65d57a9a6d8f9b53faee1ad10009,2026-10-17T13:30:00Z,FC Schalke 04,FSV Mainz 05,H,pinnacle,2.85,0.33411,3.05,unibet_se,13,2.82,2.8
2026-10-09T20:45:38+00:00,soccer_germany_bundesliga,606d65d57a9a6d8f9b53faee1ad10009,2026-10-17T13:30:00Z,FC Schalke 04,FSV Mainz 05,A,pinnacle,2.39,0.39842,2.44,onexbet,13,2.2,2.3
2026-10-09T20:45:38+00:00,soccer_germany_bundesliga,606d65d57a9a6d8f9b53faee1ad10009,2026-10-17T13:30:00Z,FC Schalke 04,FSV Mainz 05,Draw,pinnacle,3.56,0.26748,3.8,unibet_se,13,3.6,3.4
2026-10-09T20:45:38+00:00,soccer_germany_bundesliga,221916b8b36706ec52aa655a64e5f1d2,2026-10-17T13:30:00Z,Hamburger SV,VfB Stuttgart,H,pinnacle,4.04,0.23491,4.2,unibet_se,13,3.68,3.75
2026-10-09T20:45:38+00:00,soccer_germany_bundesliga,221916b8b36706ec52aa655a64e5f1d2,2026-10-17T13:30:00Z,Hamburger SV,VfB Stuttgart,A,pinnacle,1.83,0.51859,1.9,onexbet,13,1.75,1.83
2026-10-09T20:45:38+00:00,soccer_germany_bundesliga,221916b8b36706ec52aa655a64e5f1d2,2026-10-17T13:30:00Z,Hamburger SV,VfB Stuttgart,Draw,pinnacle,3.85,0.2465,4.4,unibet_se,13,4.05,3.75
2026-10-09T20:45:38+00:00,soccer_germany_bundesliga,9a422e1aad1053828eaf629a58d901de,2026-10-17T13:30:00Z,Werder Bremen,SC Paderborn,A,pinnacle,4.02,0.23612,4.25,nordicbet,13,3.9,3.75
2026-10-09T20:45:38+00:00,soccer_germany_bundesliga,9a422e1aad1053828eaf629a58d901de,2026-10-17T13:30:00Z,Werder Bremen,SC Paderborn,H,pinnacle,1.77,0.53626,1.91,unibet_se,13,1.74,1.8
2026-10-09T20:45:38+00:00,soccer_germany_bundesliga,9a422e1aad1053828eaf629a58d901de,2026-10-17T13:30:00Z,Werder Bremen,SC Paderborn,Draw,pinnacle,4.17,0.22762,4.26,onexbet,13,3.85,3.8
2026-10-09T20:45:38+00:00,soccer_germany_bundesliga,9a64448205fdc4b95f45641bb946706c,2026-10-17T16:30:00Z,Bayern Munich,RB Leipzig,H,betfair_ex_eu,1.23,0.77831,1.27,onexbet,13,1.2,1.25
2026-10-09T20:45:38+00:00,soccer_germany_bundesliga,9a64448205fdc4b95f45641bb946706c,2026-10-17T16:30:00Z,Bayern Munich,RB Leipzig,A,betfair_ex_eu,10.0,0.09573,11.2,onexbet,13,8.75,9.5
2026-10-09T20:45:38+00:00,soccer_germany_bundesliga,9a64448205fdc4b95f45641bb946706c,2026-10-17T16:30:00Z,Bayern Munich,RB Leipzig,Draw,betfair_ex_eu,7.6,0.12596,8.2,tipico_de,13,7.25,6.0
2026-10-09T20:45:38+00:00,soccer_germany_bundesliga,096d800bcc95c547ef592cbef624d080,2026-10-18T13:30:00Z,Bayer Leverkusen,SC Freiburg,H,pinnacle,1.65,0.57392,1.7,unibet_se,13,1.61,1.61
2026-10-09T20:45:38+00:00,soccer_germany_bundesliga,096d800bcc95c547ef592cbef624d080,2026-10-18T13:30:00Z,Bayer Leverkusen,SC Freiburg,A,pinnacle,4.46,0.21232,4.83,onexbet,13,4.25,4.4
2026-10-09T20:45:38+00:00,soccer_germany_bundesliga,096d800bcc95c547ef592cbef624d080,2026-10-18T13:30:00Z,Bayer Leverkusen,SC Freiburg,Draw,pinnacle,4.43,0.21376,4.6,tipico_de,13,4.1,4.2
2026-10-09T20:45:38+00:00,soccer_germany_bundesliga,fd9b8c185737a15615aa0c9daaa3dfbf,2026-10-18T15:30:00Z,Borussia Monchengladbach,TSG Hoffenheim,H,pinnacle,3.24,0.29345,3.58,onexbet,13,3.2,3.3
2026-10-09T20:45:38+00:00,soccer_germany_bundesliga,fd9b8c185737a15615aa0c9daaa3dfbf,2026-10-18T15:30:00Z,Borussia Monchengladbach,TSG Hoffenheim,A,pinnacle,1.98,0.48018,2.0,unibet_se,13,1.89,1.91
2026-10-09T20:45:38+00:00,soccer_germany_bundesliga,fd9b8c185737a15615aa0c9daaa3dfbf,2026-10-18T15:30:00Z,Borussia Monchengladbach,TSG Hoffenheim,Draw,pinnacle,4.2,0.22637,4.26,onexbet,13,3.88,3.9
2026-10-09T20:45:38+00:00,soccer_france_ligue_one,2c173b3bd3a1491f17fcad1012019c4f,2026-10-10T15:15:00Z,Lille,Le Havre,A,pinnacle,6.74,0.14291,8.0,unibet_se,18,6.75,6.5
2026-10-09T20:45:38+00:00,soccer_france_ligue_one,2c173b3bd3a1491f17fcad1012019c4f,2026-10-10T15:15:00Z,Lille,Le Havre,H,pinnacle,1.46,0.65972,1.48,onexbet,18,1.39,1.4
2026-10-09T20:45:38+00:00,soccer_france_ligue_one,2c173b3bd3a1491f17fcad1012019c4f,2026-10-10T15:15:00Z,Lille,Le Havre,Draw,pinnacle,4.88,0.19737,5.0,winamax_de,18,4.75,4.4
2026-10-09T20:45:38+00:00,soccer_france_ligue_one,c2c64ebfc5810226f807c1920d580392,2026-10-10T18:45:00Z,AS Monaco,Toulouse,H,pinnacle,1.59,0.60598,1.65,onexbet,18,1.54,1.57
2026-10-09T20:45:38+00:00,soccer_france_ligue_one,c2c64ebfc5810226f807c1920d580392,2026-10-10T18:45:00Z,AS Monaco,Toulouse,A,pinnacle,5.3,0.18179,5.44,onexbet,18,5.1,5.0
2026-10-09T20:45:38+00:00,soccer_france_ligue_one,c2c64ebfc5810226f807c1920d580392,2026-10-10T18:45:00Z,AS Monaco,Toulouse,Draw,pinnacle,4.54,0.21223,4.5,winamax_de,18,4.25,4.2
2026-10-09T20:45:38+00:00,soccer_france_ligue_one,007dc2ff845c33e3e18f2bd2bc126304,2026-10-10T18:45:00Z,Brest,Angers,A,pinnacle,3.68,0.26307,3.8,unibet_se,18,3.5,3.5
2026-10-09T20:45:38+00:00,soccer_france_ligue_one,007dc2ff845c33e3e18f2bd2bc126304,2026-10-10T18:45:00Z,Brest,Angers,H,pinnacle,2.04,0.47456,2.05,codere_it,18,1.96,1.95
2026-10-09T20:45:38+00:00,soccer_france_ligue_one,007dc2ff845c33e3e18f2bd2bc126304,2026-10-10T18:45:00Z,Brest,Angers,Draw,pinnacle,3.69,0.26236,3.9,unibet_se,18,3.53,3.5
2026-10-09T20:45:38+00:00,soccer_france_ligue_one,2849460eb4d15adbb20ec15927a0fd4a,2026-10-10T18:45:00Z,Paris Saint Germain,Le Mans FC,A,pinnacle,20.65,0.04637,31.0,onexbet,18,19.75,23.0
2026-10-09T20:45:38+00:00,soccer_france_ligue_one,2849460eb4d15adbb20ec15927a0fd4a,2026-10-10T18:45:00Z,Paris Saint Germain,Le Mans FC,H,pinnacle,1.09,0.87842,1.1,codere_it,18,1.06,1.08
2026-10-09T20:45:38+00:00,soccer_france_ligue_one,2849460eb4d15adbb20ec15927a0fd4a,2026-10-10T18:45:00Z,Paris Saint Germain,Le Mans FC,Draw,pinnacle,12.73,0.07521,14.9,onexbet,18,11.5,12.0
2026-10-09T20:45:38+00:00,soccer_france_ligue_one,3aa72885e0aa107c62843749f7930a9a,2026-10-10T18:45:00Z,Lorient,Paris FC,H,pinnacle,3.5,0.27614,3.5,tipico_de,18,3.15,3.1
2026-10-09T20:45:38+00:00,soccer_france_ligue_one,3aa72885e0aa107c62843749f7930a9a,2026-10-10T18:45:00Z,Lorient,Paris FC,A,pinnacle,2.22,0.43536,2.36,onexbet,18,2.18,2.25
2026-10-09T20:45:38+00:00,soccer_france_ligue_one,3aa72885e0aa107c62843749f7930a9a,2026-10-10T18:45:00Z,Lorient,Paris FC,Draw,pinnacle,3.35,0.2885,3.45,unibet_se,18,3.3,3.1
2026-10-09T20:45:38+00:00,soccer_france_ligue_one,5d3606630a2d3a218a6340d082c1bdc6,2026-10-11T13:00:00Z,Nice,Strasbourg,H,pinnacle,2.38,0.40689,2.48,unibet_se,18,2.28,2.25
2026-10-09T20:45:38+00:00,soccer_france_ligue_one,5d3606630a2d3a218a6340d082c1bdc6,2026-10-11T13:00:00Z,Nice,Strasbourg,A,pinnacle,2.91,0.33278,3.07,onexbet,18,2.83,2.8
2026-10-09T20:45:38+00:00,soccer_france_ligue_one,5d3606630a2d3a218a6340d082c1bdc6,2026-10-11T13:00:00Z,Nice,Strasbourg,Draw,pinnacle,3.72,0.26032,3.75,onexbet,18,3.48,3.4
2026-10-09T20:45:38+00:00,soccer_france_ligue_one,34f584ab922e220dc4f3b81217959d6d,2026-10-11T15:15:00Z,Rennes,Auxerre,A,pinnacle,6.36,0.15172,7.5,unibet_se,18,6.1,6.0
2026-10-09T20:45:38+00:00,soccer_france_ligue_one,34f584ab922e220dc4f3b81217959d6d,2026-10-11T15:15:00Z,Rennes,Auxerre,H,pinnacle,1.47,0.65644,1.48,onexbet,18,1.4,1.4
2026-10-09T20:45:38+00:00,soccer_france_ligue_one,34f584ab922e220dc4f3b81217959d6d,2026-10-11T15:15:00Z,Rennes,Auxerre,Draw,pinnacle,5.03,0.19184,5.18,betonlineag,18,4.9,4.6
2026-10-09T20:45:38+00:00,soccer_france_ligue_one,cb7067ac191abf32ad49dad45e46f639,2026-10-11T18:45:00Z,Troyes,Marseille,A,pinnacle,1.93,0.50143,1.93,unibet_se,18,1.84,1.85
2026-10-09T20:45:38+00:00,soccer_france_ligue_one,cb7067ac191abf32ad49dad45e46f639,2026-10-11T18:45:00Z,Troyes,Marseille,H,pinnacle,3.78,0.25602,4.03,onexbet,18,3.65,3.6
2026-10-09T20:45:38+00:00,soccer_france_ligue_one,cb7067ac191abf32ad49dad45e46f639,2026-10-11T18:45:00Z,Troyes,Marseille,Draw,pinnacle,3.99,0.24255,4.05,onexbet,18,3.8,3.6
2026-10-09T20:45:38+00:00,soccer_france_ligue_one,66c168c030f3faad3983fcadc3060009,2026-10-16T18:45:00Z,Le Mans FC,Toulouse,H,pinnacle,3.12,0.30531,3.3,unibet_se,13,2.87,3.0
2026-10-09T20:45:38+00:00,soccer_france_ligue_one,66c168c030f3faad3983fcadc3060009,2026-10-16T18:45:00Z,Le Mans FC,Toulouse,A,pinnacle,2.28,0.41779,2.34,onexbet,13,2.22,2.2
2026-10-09T20:45:38+00:00,soccer_france_ligue_one,66c168c030f3faad3983fcadc3060009,2026-10-16T18:45:00Z,Le Mans FC,Toulouse,Draw,pinnacle,3.44,0.27691,3.6,unibet_se,13,3.43,3.3
2026-10-09T20:45:38+00:00,soccer_france_ligue_one,f3034246520a2ee4ff0ac0d5074966f8,2026-10-17T15:15:00Z,Strasbourg,Paris Saint Germain,A,pinnacle,1.39,0.67961,1.46,onexbet,13,1.35,1.4
2026-10-09T20:45:38+00:00,soccer_france_ligue_one,f3034246520a2ee4ff0ac0d5074966f8,2026-10-17T15:15:00Z,Strasbourg,Paris Saint Germain,H,pinnacle,6.41,0.14737,6.73,onexbet,13,5.6,6.0
2026-10-09T20:45:38+00:00,soccer_france_ligue_one,f3034246520a2ee4ff0ac0d5074966f8,2026-10-17T15:15:00Z,Strasbourg,Paris Saint Germain,Draw,pinnacle,5.46,0.17301,5.9,betclic_fr,13,5.9,4.8
2026-10-09T20:45:38+00:00,soccer_france_ligue_one,ad25a350c89b64715e15c59cde5653d3,2026-10-17T18:45:00Z,Lille,Brest,A,pinnacle,5.42,0.17489,5.5,unibet_se,13,5.1,4.8
2026-10-09T20:45:38+00:00,soccer_france_ligue_one,ad25a350c89b64715e15c59cde5653d3,2026-10-17T18:45:00Z,Lille,Brest,H,pinnacle,1.58,0.59995,1.66,onexbet,13,1.53,1.61
2026-10-09T20:45:38+00:00,soccer_france_ligue_one,ad25a350c89b64715e15c59cde5653d3,2026-10-17T18:45:00Z,Lille,Brest,Draw,pinnacle,4.21,0.22516,4.37,onexbet,13,4.2,3.9
2026-10-09T20:45:38+00:00,soccer_france_ligue_one,b077aa049133c0358bcd643bfee48da3,2026-10-17T18:45:00Z,Troyes,RC Lens,A,pinnacle,1.81,0.52431,1.87,onexbet,13,1.78,1.8
2026-10-09T20:45:38+00:00,soccer_france_ligue_one,b077aa049133c0358bcd643bfee48da3,2026-10-17T18:45:00Z,Troyes,RC Lens,H,pinnacle,4.0,0.23725,4.3,onexbet,13,3.8,3.9
2026-10-09T20:45:38+00:00,soccer_france_ligue_one,b077aa049133c0358bcd643bfee48da3,2026-10-17T18:45:00Z,Troyes,RC Lens,Draw,pinnacle,3.98,0.23844,4.1,unibet_se,13,3.8,3.7
2026-10-09T20:45:38+00:00,soccer_france_ligue_one,c7a60aa94470fe959fbf6b0c68060fc1,2026-10-18T13:00:00Z,Angers,Marseille,H,pinnacle,3.21,0.29652,3.3,tipico_de,13,3.0,3.0
2026-10-09T20:45:38+00:00,soccer_france_ligue_one,c7a60aa94470fe959fbf6b0c68060fc1,2026-10-18T13:00:00Z,Angers,Marseille,A,pinnacle,2.12,0.44898,2.28,onexbet,13,2.07,2.15
2026-10-09T20:45:38+00:00,soccer_france_ligue_one,c7a60aa94470fe959fbf6b0c68060fc1,2026-10-18T13:00:00Z,Angers,Marseille,Draw,pinnacle,3.74,0.2545,3.8,unibet_se,13,3.53,3.4
2026-10-09T20:45:38+00:00,soccer_france_ligue_one,53f5fe7ed0ba0fbf6345c73270e4cd00,2026-10-18T15:15:00Z,Lorient,AS Monaco,A,pinnacle,2.15,0.44264,2.24,onexbet,13,2.02,2.15
2026-10-09T20:45:38+00:00,soccer_france_ligue_one,53f5fe7ed0ba0fbf6345c73270e4cd00,2026-10-18T15:15:00Z,Lorient,AS Monaco,H,pinnacle,3.4,0.2799,3.65,unibet_se,13,3.2,3.25
2026-10-09T20:45:38+00:00,soccer_france_ligue_one,53f5fe7ed0ba0fbf6345c73270e4cd00,2026-10-18T15:15:00Z,Lorient,AS Monaco,Draw,pinnacle,3.43,0.27746,3.6,unibet_se,13,3.43,3.25
2026-10-09T20:45:38+00:00,soccer_france_ligue_one,d637845b9760bb02b55bbbaa32b5c21e,2026-10-18T15:15:00Z,Le Havre,Auxerre,A,pinnacle,2.9,0.32826,3.0,onexbet,13,2.77,2.8
2026-10-09T20:45:38+00:00,soccer_france_ligue_one,d637845b9760bb02b55bbbaa32b5c21e,2026-10-18T15:15:00Z,Le Havre,Auxerre,H,pinnacle,2.43,0.39175,2.52,onexbet,13,2.28,2.4
2026-10-09T20:45:38+00:00,soccer_france_ligue_one,d637845b9760bb02b55bbbaa32b5c21e,2026-10-18T15:15:00Z,Le Havre,Auxerre,Draw,pinnacle,3.4,0.27999,3.55,unibet_se,13,3.32,3.25
2026-10-09T20:45:38+00:00,soccer_france_ligue_one,27f7222d2abde93fc6e8d17b5b05b272,2026-10-18T15:15:00Z,Paris FC,Rennes,H,pinnacle,2.35,0.40581,2.37,onexbet,13,2.15,2.25
2026-10-09T20:45:38+00:00,soccer_france_ligue_one,27f7222d2abde93fc6e8d17b5b05b272,2026-10-18T15:15:00Z,Paris FC,Rennes,A,pinnacle,3.19,0.29895,3.29,onexbet,13,2.95,2.88
2026-10-09T20:45:38+00:00,soccer_france_ligue_one,27f7222d2abde93fc6e8d17b5b05b272,2026-10-18T15:15:00Z,Paris FC,Rennes,Draw,pinnacle,3.23,0.29525,3.5,winamax_de,13,3.42,3.5
2026-10-09T20:45:38+00:00,soccer_france_ligue_one,471f891b1f6516a864ad94c8eb649f5e,2026-10-18T18:45:00Z,Lyon,Nice,H,pinnacle,1.64,0.5773,1.71,onexbet,13,1.59,1.65
2026-10-09T20:45:38+00:00,soccer_france_ligue_one,471f891b1f6516a864ad94c8eb649f5e,2026-10-18T18:45:00Z,Lyon,Nice,A,pinnacle,4.88,0.19401,5.24,onexbet,13,4.65,4.8
2026-10-09T20:45:38+00:00,soccer_france_ligue_one,471f891b1f6516a864ad94c8eb649f5e,2026-10-18T18:45:00Z,Lyon,Nice,Draw,pinnacle,4.14,0.22869,4.2,unibet_se,13,3.9,3.8
